"question_id","question_index_primary_chapter","annual_review_primary_chapter","annual_review_topic","current_provisional_section","review_action"
"R03-G-Q07","G01","G03","特定施設の年度別設置数","1.5","reconcile-question-level-primary-chapter-before-publishing-frequency"
"R03-G-Q11","G06","G04","TEF対象異性体の内訳","6.1","reconcile-question-level-primary-chapter-before-publishing-frequency"
"R03-A-Q03","A04","A01","触媒分解は表面酸化反応","11.2","reconcile-question-level-primary-chapter-before-publishing-frequency"
"R03-A-Q05","A05","A01","触媒分解率とSVから流量を計算","12.3","reconcile-question-level-primary-chapter-before-publishing-frequency"
"R04-G-Q11","G02","G04","DL-PCBの蒸気圧と性質","2.1","reconcile-question-level-primary-chapter-before-publishing-frequency"
"R04-G-Q14","G04","G06","曝露経路と脂溶性","4.1","reconcile-question-level-primary-chapter-before-publishing-frequency"
"R04-A-Q13","A03","A01","臭素系ダイオキシン類とTEFの国際議論","10.1","reconcile-question-level-primary-chapter-before-publishing-frequency"
"R05-G-Q06","G04","G02","PCBの用途・国内使用実績","4.2","reconcile-question-level-primary-chapter-before-publishing-frequency"
"R05-G-Q11","G06","G04","TEF付与対象29種の内訳","6.1","reconcile-question-level-primary-chapter-before-publishing-frequency"
"R05-A-Q24","A01","A05","操作ブランクとトラベルブランク","8.4","reconcile-question-level-primary-chapter-before-publishing-frequency"
"R06-G-Q13","G04","G05","デーコン反応","4.1","reconcile-question-level-primary-chapter-before-publishing-frequency"
"R07-G-Q14","G02","G04","PCBの用途と生産量","2.1","reconcile-question-level-primary-chapter-before-publishing-frequency"
