"knowledge_id","chapter","old_section","adopted_section","old_section_title","adopted_section_title","migration_scope"
"DX-I-001","I","0.1","0.1","ダイオキシン類は一つの物質ではない","ダイオキシン類という物質群","structure-adoption-only"
"DX-I-002","I","0.1","0.1","ダイオキシン類は一つの物質ではない","ダイオキシン類という物質群","structure-adoption-only"
"DX-I-003","I","0.1","0.1","ダイオキシン類は一つの物質ではない","ダイオキシン類という物質群","structure-adoption-only"
"DX-I-004","I","0.2","0.2","微量の物質をどう比べるのか","TEF・TEQという共通のものさし（導入）","structure-adoption-only"
"DX-I-005","I","0.2","0.2","微量の物質をどう比べるのか","TEF・TEQという共通のものさし（導入）","structure-adoption-only"
"DX-I-006","I","0.3","0.3","なぜ社会問題になったのか","発生から健康影響までの全体像","structure-adoption-only"
"DX-I-007","I","0.3","0.3","なぜ社会問題になったのか","発生から健康影響までの全体像","structure-adoption-only"
"DX-I-008","I","0.3","0.3","なぜ社会問題になったのか","発生から健康影響までの全体像","structure-adoption-only"
"DX-I-009","I","0.4","0.4","国内外で何が起こったのか","問題化と制度対応の概観","structure-adoption-only"
"DX-I-010","I","0.4","0.4","国内外で何が起こったのか","問題化と制度対応の概観","structure-adoption-only"
"DX-I-011","I","0.5","0.5","これから学ぶ制度・技術の地図","本教材の範囲と学習の道筋","structure-adoption-only"
"DX-I-012","I","0.5","0.5","これから学ぶ制度・技術の地図","本教材の範囲と学習の道筋","structure-adoption-only"
"DX-G01-004","G01","1.2","1.2","定義と基本指標","法的定義・TDIと基準の区別","structure-adoption-only"
"DX-G01-005","G01","1.2","1.2","定義と基本指標","法的定義・TDIと基準の区別","structure-adoption-only"
"DX-G01-006","G01","1.2","1.2","定義と基本指標","法的定義・TDIと基準の区別","structure-adoption-only"
"DX-G01-007","G01","1.3","1.3","環境基準","大気・水質・底質・土壌の環境基準","structure-adoption-only"
"DX-G01-008","G01","1.3","1.3","環境基準","大気・水質・底質・土壌の環境基準","structure-adoption-only"
"DX-G01-009","G01","1.3","1.3","環境基準","大気・水質・底質・土壌の環境基準","structure-adoption-only"
"DX-G01-010","G01","1.3","1.3","環境基準","大気・水質・底質・土壌の環境基準","structure-adoption-only"
"DX-G01-011","G01","1.4","1.4","特定施設と排出基準","特定施設と大気・水質排出基準の全体像","structure-adoption-only"
"DX-G01-012","G01","1.4","1.4","特定施設と排出基準","特定施設と大気・水質排出基準の全体像","structure-adoption-only"
"DX-G01-013","G01","1.4","1.4","特定施設と排出基準","特定施設と大気・水質排出基準の全体像","structure-adoption-only"
"DX-G01-014","G01","1.4","1.4","特定施設と排出基準","特定施設と大気・水質排出基準の全体像","structure-adoption-only"
"DX-G01-015","G01","1.5","1.5","届出・行政措置・測定","届出・測定義務・行政措置","structure-adoption-only"
"DX-G01-016","G01","1.5","1.5","届出・行政措置・測定","届出・測定義務・行政措置","structure-adoption-only"
"DX-G01-017","G01","1.5","1.5","届出・行政措置・測定","届出・測定義務・行政措置","structure-adoption-only"
"DX-G01-018","G01","1.5","1.5","届出・行政措置・測定","届出・測定義務・行政措置","structure-adoption-only"
"DX-G01-019","G01","1.6","1.6","汚染土壌と廃棄物","汚染土壌・廃棄物等の関連規制","structure-adoption-only"
"DX-G01-020","G01","1.6","1.6","汚染土壌と廃棄物","汚染土壌・廃棄物等の関連規制","structure-adoption-only"
"DX-G01-021","G01","1.6","1.6","汚染土壌と廃棄物","汚染土壌・廃棄物等の関連規制","structure-adoption-only"
"DX-G02-001","G02","2.1","2.1","認識の歴史","問題の認識と国内外の事故・事件","structure-adoption-only"
"DX-G02-002","G02","2.1","2.1","認識の歴史","問題の認識と国内外の事故・事件","structure-adoption-only"
"DX-G02-003","G02","2.2","2.2","焼却対策が大きな柱になった理由","廃棄物焼却問題と対策の進展","structure-adoption-only"
"DX-G02-004","G02","2.2","2.2","焼却対策が大きな柱になった理由","廃棄物焼却問題と対策の進展","structure-adoption-only"
"DX-G02-005","G02","2.3","2.3","国内制度化","国内の政策と法制化の経緯","structure-adoption-only"
"DX-G02-006","G02","2.3","2.3","国内制度化","国内の政策と法制化の経緯","structure-adoption-only"
"DX-G02-007","G02","2.4","2.4","国際的な規制の展開","POPs条約と国際的な取組","structure-adoption-only"
"DX-G02-008","G02","2.4","2.4","国際的な規制の展開","POPs条約と国際的な取組","structure-adoption-only"
"DX-G02-009","G02","2.4","2.4","国際的な規制の展開","POPs条約と国際的な取組","structure-adoption-only"
"DX-G03-001","G03","3.1","3.1","排出量はどう推定されるか","排出インベントリーの考え方と推計方法","structure-adoption-only"
"DX-G03-002","G03","3.1","3.1","排出量はどう推定されるか","排出インベントリーの考え方と推計方法","structure-adoption-only"
"DX-G03-003","G03","3.1","3.1","排出量はどう推定されるか","排出インベントリーの考え方と推計方法","structure-adoption-only"
"DX-G03-004","G03","3.2","3.2","主な排出源","主な排出源と媒体別の排出状況","structure-adoption-only"
"DX-G03-005","G03","3.2","3.2","主な排出源","主な排出源と媒体別の排出状況","structure-adoption-only"
"DX-G03-006","G03","3.2","3.2","主な排出源","主な排出源と媒体別の排出状況","structure-adoption-only"
"DX-G03-007","G03","3.3","3.3","排出量の経年変化","排出量・発生源構成の経年変化","structure-adoption-only"
"DX-G03-008","G03","3.3","3.3","排出量の経年変化","排出量・発生源構成の経年変化","structure-adoption-only"
"DX-G03-009","G03","3.4","3.4","環境中の測定状況","環境中の濃度と環境基準の達成状況","structure-adoption-only"
"DX-G03-010","G03","3.4","3.4","環境中の測定状況","環境中の濃度と環境基準の達成状況","structure-adoption-only"
"DX-G03-011","G03","3.5","3.5","数字をどう正確に扱うか","統計の対象年・集計範囲・単位の読み方","structure-adoption-only"
"DX-G03-012","G03","3.5","3.5","数字をどう正確に扱うか","統計の対象年・集計範囲・単位の読み方","structure-adoption-only"
"DX-G03-013","G03","3.5","3.5","数字をどう正確に扱うか","統計の対象年・集計範囲・単位の読み方","structure-adoption-only"
"DX-G04-001","G04","4.1","4.1","基本構造と分類","PCDD・PCDF・DL-PCBの分子構造","structure-adoption-only"
"DX-G04-002","G04","4.1","4.1","基本構造と分類","PCDD・PCDF・DL-PCBの分子構造","structure-adoption-only"
"DX-G04-003","G04","4.1","4.1","基本構造と分類","PCDD・PCDF・DL-PCBの分子構造","structure-adoption-only"
"DX-G04-004","G04","4.2","4.2","異性体と同族体","同族体・異性体と塩素置換","structure-adoption-only"
"DX-G04-005","G04","4.2","4.2","異性体と同族体","同族体・異性体と塩素置換","structure-adoption-only"
"DX-G04-006","G04","4.2","4.2","異性体と同族体","同族体・異性体と塩素置換","structure-adoption-only"
"DX-G04-007","G04","4.3","4.3","TEF・TEQ","TEF・TEQと適用版","structure-adoption-only"
"DX-G04-008","G04","4.3","4.3","TEF・TEQ","TEF・TEQと適用版","structure-adoption-only"
"DX-G04-009","G04","4.3","4.3","TEF・TEQ","TEF・TEQと適用版","structure-adoption-only"
"DX-G04-010","G04","4.4","4.4","物理化学的な挙動","物理化学的性質","structure-adoption-only"
"DX-G04-011","G04","4.4","4.4","物理化学的な挙動","物理化学的性質","structure-adoption-only"
"DX-G04-012","G04","4.4","4.4","物理化学的な挙動","物理化学的性質","structure-adoption-only"
"DX-G04-013","G04","4.5","4.5","環境移動・生物への蓄積","環境動態と生物への蓄積","structure-adoption-only"
"DX-G04-014","G04","4.5","4.5","環境移動・生物への蓄積","環境動態と生物への蓄積","structure-adoption-only"
"DX-G04-015","G04","4.5","4.5","環境移動・生物への蓄積","環境動態と生物への蓄積","structure-adoption-only"
"DX-G05-001","G05","5.1","5.1","どこで生成しうるか","非意図的生成が起こる場面","structure-adoption-only"
"DX-G05-002","G05","5.1","5.1","どこで生成しうるか","非意図的生成が起こる場面","structure-adoption-only"
"DX-G05-003","G05","5.1","5.1","どこで生成しうるか","非意図的生成が起こる場面","structure-adoption-only"
"DX-G05-004","G05","5.2","5.2","生成する化学的経路","前駆体経路とde novo合成","structure-adoption-only"
"DX-G05-005","G05","5.2","5.2","生成する化学的経路","前駆体経路とde novo合成","structure-adoption-only"
"DX-G05-006","G05","5.3","5.3","生成に影響する要因","生成に影響する温度・塩素・触媒等","structure-adoption-only"
"DX-G05-007","G05","5.3","5.3","生成に影響する要因","生成に影響する温度・塩素・触媒等","structure-adoption-only"
"DX-G05-008","G05","5.3","5.3","生成に影響する要因","生成に影響する温度・塩素・触媒等","structure-adoption-only"
"DX-G05-009","G05","5.3","5.3","生成に影響する要因","生成に影響する温度・塩素・触媒等","structure-adoption-only"
"DX-G05-010","G05","5.4","5.4","どこから環境へ出るか","排ガス・灰・排水への移行","structure-adoption-only"
"DX-G05-011","G05","5.4","5.4","どこから環境へ出るか","排ガス・灰・排水への移行","structure-adoption-only"
"DX-G05-012","G05","5.4","5.4","どこから環境へ出るか","排ガス・灰・排水への移行","structure-adoption-only"
"DX-G05-013","G05","5.5","5.5","生成機構から対策へ","生成機構と発生抑制の基本的な関係","structure-adoption-only"
"DX-G05-014","G05","5.5","5.5","生成機構から対策へ","生成機構と発生抑制の基本的な関係","structure-adoption-only"
"DX-G06-001","G06","6.1","6.1","毒性をどう評価するか","毒性評価と作用機序","structure-adoption-only"
"DX-G06-002","G06","6.1","6.1","毒性をどう評価するか","毒性評価と作用機序","structure-adoption-only"
"DX-G06-003","G06","6.1","6.1","毒性をどう評価するか","毒性評価と作用機序","structure-adoption-only"
"DX-G06-007","G06","6.3","6.3","曝露と体内動態","曝露経路と体内動態","structure-adoption-only"
"DX-G06-008","G06","6.3","6.3","曝露と体内動態","曝露経路と体内動態","structure-adoption-only"
"DX-G06-009","G06","6.3","6.3","曝露と体内動態","曝露経路と体内動態","structure-adoption-only"
"DX-G07-001","G07","7.1","7.1","国の施策","国の削減計画と対策の推進","structure-adoption-only"
"DX-G07-002","G07","7.1","7.1","国の施策","国の削減計画と対策の推進","structure-adoption-only"
"DX-G07-003","G07","7.1","7.1","国の施策","国の削減計画と対策の推進","structure-adoption-only"
"DX-G07-004","G07","7.2","7.2","自治体の対応","地方公共団体による防止対策と規制の運用","structure-adoption-only"
"DX-G07-005","G07","7.2","7.2","自治体の対応","地方公共団体による防止対策と規制の運用","structure-adoption-only"
"DX-G07-006","G07","7.2","7.2","自治体の対応","地方公共団体による防止対策と規制の運用","structure-adoption-only"
"DX-G07-007","G07","7.3","7.3","監視・公表","行政による監視・公表と対策評価","structure-adoption-only"
"DX-G07-008","G07","7.3","7.3","監視・公表","行政による監視・公表と対策評価","structure-adoption-only"
"DX-G07-009","G07","7.3","7.3","監視・公表","行政による監視・公表と対策評価","structure-adoption-only"
"DX-G07-010","G07","7.4","7.4","汚染の発見と対策","汚染への対応と経済的措置","structure-adoption-only"
"DX-G07-011","G07","7.4","7.4","汚染の発見と対策","汚染への対応と経済的措置","structure-adoption-only"
"DX-G07-012","G07","7.4","7.4","汚染の発見と対策","汚染への対応と経済的措置","structure-adoption-only"
"DX-A01-001","A01","8.1","8.1","燃焼工程の発生抑制","燃焼の安定化と生成抑制","structure-adoption-only"
"DX-A01-002","A01","8.1","8.1","燃焼工程の発生抑制","燃焼の安定化と生成抑制","structure-adoption-only"
"DX-A01-003","A01","8.1","8.1","燃焼工程の発生抑制","燃焼の安定化と生成抑制","structure-adoption-only"
"DX-A01-004","A01","8.2","8.2","再生成を抑える冷却","再生成を防ぐ排ガス冷却","structure-adoption-only"
"DX-A01-005","A01","8.2","8.2","再生成を抑える冷却","再生成を防ぐ排ガス冷却","structure-adoption-only"
"DX-A01-006","A01","8.3","8.3","排ガス処理と除去","ろ過・電気・洗浄による集じん","structure-adoption-only"
"DX-A01-007","A01","8.3","8.4","排ガス処理と除去","吸着・触媒による除去・分解","structure-adoption-only"
"DX-A01-008","A01","8.3","8.4","排ガス処理と除去","吸着・触媒による除去・分解","structure-adoption-only"
"DX-A01-009","A01","8.3","8.3","排ガス処理と除去","ろ過・電気・洗浄による集じん","structure-adoption-only"
"DX-A01-010","A01","8.4","8.5","灰・残渣対策","灰・残渣への対策","structure-adoption-only"
"DX-A01-011","A01","8.4","8.5","灰・残渣対策","灰・残渣への対策","structure-adoption-only"
"DX-A01-012","A01","8.5","8.6","運転と管理","運転管理・保全と異常時対応","structure-adoption-only"
"DX-A01-013","A01","8.5","8.6","運転と管理","運転管理・保全と異常時対応","structure-adoption-only"
"DX-A01-014","A01","8.5","8.6","運転と管理","運転管理・保全と異常時対応","structure-adoption-only"
"DX-A02-001","A02","9.1","9.2","施設の指定を理解する","焼結・製鋼・亜鉛回収の工程、生成要因・抑制対策","structure-adoption-only"
"DX-A02-002","A02","9.1","9.2","施設の指定を理解する","焼結・製鋼・亜鉛回収の工程、生成要因・抑制対策","structure-adoption-only"
"DX-A02-003","A02","9.1","9.1","施設の指定を理解する","施行令別表第一の施設類型と工程の全体像","structure-adoption-only"
"DX-A02-004","A02","9.1","9.3","施設の指定を理解する","アルミ合金製造・廃棄物焼却の工程、生成要因・抑制対策","structure-adoption-only"
"DX-A02-005","A02","9.2","9.4","規模要件と判定","施設指定の規模要件・新設既設基準と適用判定","structure-adoption-only"
"DX-A02-006","A02","9.2","9.4","規模要件と判定","施設指定の規模要件・新設既設基準と適用判定","structure-adoption-only"
"DX-A02-007","A02","9.2","9.4","規模要件と判定","施設指定の規模要件・新設既設基準と適用判定","structure-adoption-only"
"DX-A02-008","A02","9.3","9.4","新設・既設と排出基準","施設指定の規模要件・新設既設基準と適用判定","structure-adoption-only"
"DX-A02-009","A02","9.3","9.4","新設・既設と排出基準","施設指定の規模要件・新設既設基準と適用判定","structure-adoption-only"
"DX-A02-010","A02","9.3","9.4","新設・既設と排出基準","施設指定の規模要件・新設既設基準と適用判定","structure-adoption-only"
"DX-A02-011","A02","9.4","9.4","運用上の境界条件","施設指定の規模要件・新設既設基準と適用判定","structure-adoption-only"
"DX-A02-012","A02","9.4","9.4","運用上の境界条件","施設指定の規模要件・新設既設基準と適用判定","structure-adoption-only"
"DX-A02-013","A02","9.4","9.4","運用上の境界条件","施設指定の規模要件・新設既設基準と適用判定","structure-adoption-only"
"DX-A03-001","A03","10.1","10.1","なぜ水中に存在するのか","水系への排出経路と存在形態","structure-adoption-only"
"DX-A03-002","A03","10.1","10.1","なぜ水中に存在するのか","水系への排出経路と存在形態","structure-adoption-only"
"DX-A03-003","A03","10.1","10.1","なぜ水中に存在するのか","水系への排出経路と存在形態","structure-adoption-only"
"DX-A03-004","A03","10.2","10.2","排水の状態に応じた処理","懸濁態・溶存態に応じた処理方法","structure-adoption-only"
"DX-A03-005","A03","10.2","10.2","排水の状態に応じた処理","懸濁態・溶存態に応じた処理方法","structure-adoption-only"
"DX-A03-006","A03","10.2","10.2","排水の状態に応じた処理","懸濁態・溶存態に応じた処理方法","structure-adoption-only"
"DX-A03-007","A03","10.3","10.3","処理系統と汚泥","排水処理系統と汚泥管理","structure-adoption-only"
"DX-A03-008","A03","10.3","10.3","処理系統と汚泥","排水処理系統と汚泥管理","structure-adoption-only"
"DX-A03-009","A03","10.3","10.3","処理系統と汚泥","排水処理系統と汚泥管理","structure-adoption-only"
"DX-A03-010","A03","10.4","10.4","放流水の管理","放流水の運転管理・異常時対応","structure-adoption-only"
"DX-A03-011","A03","10.4","10.4","放流水の管理","放流水の運転管理・異常時対応","structure-adoption-only"
"DX-A03-012","A03","10.4","10.4","放流水の管理","放流水の運転管理・異常時対応","structure-adoption-only"
"DX-A04-001","A04","11.1","11.2","対象施設の全体像","パルプ・化学品製造等の工程、生成要因・抑制対策","structure-adoption-only"
"DX-A04-002","A04","11.1","11.2","対象施設の全体像","パルプ・化学品製造等の工程、生成要因・抑制対策","structure-adoption-only"
"DX-A04-003","A04","11.1","11.3","対象施設の全体像","金属・廃棄物焼却・PCB等の工程、生成要因・抑制対策","structure-adoption-only"
"DX-A04-004","A04","11.2","11.3","焼却・PCBなどの施設","金属・廃棄物焼却・PCB等の工程、生成要因・抑制対策","structure-adoption-only"
"DX-A04-005","A04","11.2","11.3","焼却・PCBなどの施設","金属・廃棄物焼却・PCB等の工程、生成要因・抑制対策","structure-adoption-only"
"DX-A04-006","A04","11.3","11.4","二次的な処理施設","下水道終末処理・排水受入等の二次的施設","structure-adoption-only"
"DX-A04-007","A04","11.3","11.4","二次的な処理施設","下水道終末処理・排水受入等の二次的施設","structure-adoption-only"
"DX-A04-008","A04","11.3","11.4","二次的な処理施設","下水道終末処理・排水受入等の二次的施設","structure-adoption-only"
"DX-A04-009","A04","11.4","11.5","規制の判定と基準","水質基準適用事業場・基準と対象判定","structure-adoption-only"
"DX-A04-010","A04","11.4","11.5","規制の判定と基準","水質基準適用事業場・基準と対象判定","structure-adoption-only"
"DX-A04-011","A04","11.4","11.5","規制の判定と基準","水質基準適用事業場・基準と対象判定","structure-adoption-only"
"DX-A05-001","A05","12.1","12.1","そもそも何を測るのか","測定対象・媒体と測定の全体像","structure-adoption-only"
"DX-A05-002","A05","12.1","12.1","そもそも何を測るのか","測定対象・媒体と測定の全体像","structure-adoption-only"
"DX-A05-003","A05","12.1","12.1","そもそも何を測るのか","測定対象・媒体と測定の全体像","structure-adoption-only"
"DX-A05-007","A05","12.3","12.3","前処理","抽出・クリーンアップ","structure-adoption-only"
"DX-A05-008","A05","12.3","12.3","前処理","抽出・クリーンアップ","structure-adoption-only"
"DX-A05-009","A05","12.3","12.3","前処理","抽出・クリーンアップ","structure-adoption-only"
"DX-A05-010","A05","12.4","12.4","機器分析と同定","GC/MSによる分析・同定・定量","structure-adoption-only"
"DX-A05-011","A05","12.4","12.4","機器分析と同定","GC/MSによる分析・同定・定量","structure-adoption-only"
"DX-A05-012","A05","12.4","12.4","機器分析と同定","GC/MSによる分析・同定・定量","structure-adoption-only"
"DX-A05-013","A05","12.5","12.5","数値と判定","数値換算・検出下限と判定","structure-adoption-only"
"DX-A05-014","A05","12.5","12.5","数値と判定","数値換算・検出下限と判定","structure-adoption-only"
"DX-A05-015","A05","12.5","12.5","数値と判定","数値換算・検出下限と判定","structure-adoption-only"
"DX-A05-016","A05","12.6","12.6","精度管理と方法の選択","精度管理・簡易測定法","structure-adoption-only"
"DX-A05-017","A05","12.6","12.6","精度管理と方法の選択","精度管理・簡易測定法","structure-adoption-only"
"DX-A05-018","A05","12.6","12.6","精度管理と方法の選択","精度管理・簡易測定法","structure-adoption-only"
"DX-A05-019","A05","12.7","12.7","規格・マニュアル","JIS・測定マニュアルの適用範囲と版管理","structure-adoption-only"
"DX-A05-020","A05","12.7","12.7","規格・マニュアル","JIS・測定マニュアルの適用範囲と版管理","structure-adoption-only"
"DX-A05-021","A05","12.7","12.7","規格・マニュアル","JIS・測定マニュアルの適用範囲と版管理","structure-adoption-only"
"DX-A02-014","A02","9.1","9.2","大気関係特定施設の指定と規模","焼結・製鋼・亜鉛回収の工程、生成要因・抑制対策","structure-adoption-only"
"DX-A02-015","A02","9.1","9.2","大気関係特定施設の指定と規模","焼結・製鋼・亜鉛回収の工程、生成要因・抑制対策","structure-adoption-only"
"DX-A02-016","A02","9.1","9.2","大気関係特定施設の指定と規模","焼結・製鋼・亜鉛回収の工程、生成要因・抑制対策","structure-adoption-only"
"DX-A02-017","A02","9.1","9.3","大気関係特定施設の指定と規模","アルミ合金製造・廃棄物焼却の工程、生成要因・抑制対策","structure-adoption-only"
"DX-A02-018","A02","9.1","9.3","大気関係特定施設の指定と規模","アルミ合金製造・廃棄物焼却の工程、生成要因・抑制対策","structure-adoption-only"
"DX-A02-019","A02","9.3","9.4","規模・排出基準・経過措置","施設指定の規模要件・新設既設基準と適用判定","structure-adoption-only"
"DX-A02-020","A02","9.2","9.4","規模・排出基準・経過措置","施設指定の規模要件・新設既設基準と適用判定","structure-adoption-only"
"DX-A02-021","A02","9.3","9.4","規模・排出基準・経過措置","施設指定の規模要件・新設既設基準と適用判定","structure-adoption-only"
"DX-A04-012","A04","11.2","11.2","水質関係特定施設の指定と対象条件","パルプ・化学品製造等の工程、生成要因・抑制対策","structure-adoption-only"
"DX-A04-013","A04","11.2","11.2","水質関係特定施設の指定と対象条件","パルプ・化学品製造等の工程、生成要因・抑制対策","structure-adoption-only"
"DX-A04-014","A04","11.2","11.2","水質関係特定施設の指定と対象条件","パルプ・化学品製造等の工程、生成要因・抑制対策","structure-adoption-only"
"DX-A04-015","A04","11.2","11.2","水質関係特定施設の指定と対象条件","パルプ・化学品製造等の工程、生成要因・抑制対策","structure-adoption-only"
"DX-A04-016","A04","11.2","11.2","水質関係特定施設の指定と対象条件","パルプ・化学品製造等の工程、生成要因・抑制対策","structure-adoption-only"
"DX-A04-017","A04","11.2","11.2","水質関係特定施設の指定と対象条件","パルプ・化学品製造等の工程、生成要因・抑制対策","structure-adoption-only"
"DX-A04-018","A04","11.2","11.2","水質関係特定施設の指定と対象条件","パルプ・化学品製造等の工程、生成要因・抑制対策","structure-adoption-only"
"DX-A04-019","A04","11.2","11.2","水質関係特定施設の指定と対象条件","パルプ・化学品製造等の工程、生成要因・抑制対策","structure-adoption-only"
"DX-A04-020","A04","11.2","11.2","水質関係特定施設の指定と対象条件","パルプ・化学品製造等の工程、生成要因・抑制対策","structure-adoption-only"
"DX-A04-021","A04","11.2","11.2","水質関係特定施設の指定と対象条件","パルプ・化学品製造等の工程、生成要因・抑制対策","structure-adoption-only"
"DX-A04-022","A04","11.2","11.2","水質関係特定施設の指定と対象条件","パルプ・化学品製造等の工程、生成要因・抑制対策","structure-adoption-only"
"DX-A04-023","A04","11.2","11.3","水質関係特定施設の指定と対象条件","金属・廃棄物焼却・PCB等の工程、生成要因・抑制対策","structure-adoption-only"
"DX-A04-024","A04","11.2","11.3","水質関係特定施設の指定と対象条件","金属・廃棄物焼却・PCB等の工程、生成要因・抑制対策","structure-adoption-only"
"DX-A04-025","A04","11.2","11.3","水質関係特定施設の指定と対象条件","金属・廃棄物焼却・PCB等の工程、生成要因・抑制対策","structure-adoption-only"
"DX-A04-026","A04","11.2","11.3","水質関係特定施設の指定と対象条件","金属・廃棄物焼却・PCB等の工程、生成要因・抑制対策","structure-adoption-only"
"DX-A04-027","A04","11.2","11.3","水質関係特定施設の指定と対象条件","金属・廃棄物焼却・PCB等の工程、生成要因・抑制対策","structure-adoption-only"
"DX-A04-028","A04","11.2","11.3","水質関係特定施設の指定と対象条件","金属・廃棄物焼却・PCB等の工程、生成要因・抑制対策","structure-adoption-only"
"DX-A04-029","A04","11.2","11.4","水質関係特定施設の指定と対象条件","下水道終末処理・排水受入等の二次的施設","structure-adoption-only"
"DX-A04-030","A04","11.2","11.4","水質関係特定施設の指定と対象条件","下水道終末処理・排水受入等の二次的施設","structure-adoption-only"
"DX-A04-031","A04","11.4","11.5","対象施設と水質基準","水質基準適用事業場・基準と対象判定","structure-adoption-only"
"DX-A04-032","A04","11.4","11.5","対象施設と水質基準","水質基準適用事業場・基準と対象判定","structure-adoption-only"
"DX-A04-033","A04","11.3","11.4","対象施設と水質基準","下水道終末処理・排水受入等の二次的施設","structure-adoption-only"
"DX-A04-034","A04","11.4","11.5","対象施設と水質基準","水質基準適用事業場・基準と対象判定","structure-adoption-only"
