"choice_id","question_id","choice_number","old_primary_id","new_primary_id","canonical_id","item_id","semantic_status","precision","choice_explanation_draft","basis_for_selecting_knowledge","original_verification_flag","independent_evidence_status","publication_hold","remaining_action"
"R03-G-Q04-C1","R03-G-Q04","1","DX-G01-013","DX-G01-013","DX-G01-013","1.4.3","semantic-reviewed-provisional","subject-aligned","焼結炉の新設基準0.1 ng-TEQ/m³を問う。","個別理由で扱う「焼結炉の新設基準0.1 ng-TEQ/m³を問う。」は知識「大気排出基準」の説明範囲に関連する。問題全体の旧タグではなく選択肢別の主論点に基づき選定した。","needs-2021-ministerial-table","not-independently-verified","no-explicit-HOLD","技術・法令・規格・原題の独立監査を別途"
"R03-G-Q04-C2","R03-G-Q04","2","DX-G01-013","DX-G01-013","DX-G01-013","1.4.3","semantic-reviewed-provisional","subject-aligned","製鋼電気炉の新設基準0.5 ng-TEQ/m³を問う。","個別理由で扱う「製鋼電気炉の新設基準0.5 ng-TEQ/m³を問う。」は知識「大気排出基準」の説明範囲に関連する。問題全体の旧タグではなく選択肢別の主論点に基づき選定した。","needs-2021-ministerial-table","not-independently-verified","no-explicit-HOLD","技術・法令・規格・原題の独立監査を別途"
"R03-G-Q04-C3","R03-G-Q04","3","DX-G01-013","DX-G01-013","DX-G01-013","1.4.3","semantic-reviewed-provisional","subject-aligned","亜鉛回収の焙焼炉の新設基準1 ng-TEQ/m³を問う。","個別理由で扱う「亜鉛回収の焙焼炉の新設基準1 ng-TEQ/m³を問う。」は知識「大気排出基準」の説明範囲に関連する。問題全体の旧タグではなく選択肢別の主論点に基づき選定した。","needs-2021-ministerial-table","not-independently-verified","no-explicit-HOLD","技術・法令・規格・原題の独立監査を別途"
"R03-G-Q04-C4","R03-G-Q04","4","DX-G01-013","DX-G01-013","DX-G01-013","1.4.3","semantic-reviewed-provisional","subject-aligned","アルミ合金乾燥炉の新設基準1 ng-TEQ/m³を問う。","個別理由で扱う「アルミ合金乾燥炉の新設基準1 ng-TEQ/m³を問う。」は知識「大気排出基準」の説明範囲に関連する。問題全体の旧タグではなく選択肢別の主論点に基づき選定した。","needs-2021-ministerial-table","not-independently-verified","no-explicit-HOLD","技術・法令・規格・原題の独立監査を別途"
"R03-G-Q04-C5","R03-G-Q04","5","DX-G01-013","DX-G01-013","DX-G01-013","1.4.3","semantic-reviewed-provisional","subject-aligned","アルミ合金溶解炉を0.5 ng-TEQ/m³とする施設区分の適否がポイント。","個別理由で扱う「アルミ合金溶解炉を0.5 ng-TEQ/m³とする施設区分の適否がポイント。」は知識「大気排出基準」の説明範囲に関連する。問題全体の旧タグではなく選択肢別の主論点に基づき選定した。","needs-2021-ministerial-table","not-independently-verified","no-explicit-HOLD","技術・法令・規格・原題の独立監査を別途"
"R03-G-Q05-C1","R03-G-Q05","1","DX-G01-011","DX-G01-011","DX-G01-011","1.4.1","semantic-reviewed-provisional","subject-aligned","焼結炉の能力1t/hと対象区分を比較。","個別理由で扱う「焼結炉の能力1t/hと対象区分を比較。」は知識「大気基準適用施設」の説明範囲に関連する。問題全体の旧タグではなく選択肢別の主論点に基づき選定した。","needs-other-law-decree","not-independently-verified","no-explicit-HOLD","技術・法令・規格・原題の独立監査を別途"
"R03-G-Q05-C2","R03-G-Q05","2","DX-G01-011","DX-G01-011","DX-G01-011","1.4.1","semantic-reviewed-provisional","subject-aligned","製鋼電気炉の容量1000kVAと対象区分を比較。","個別理由で扱う「製鋼電気炉の容量1000kVAと対象区分を比較。」は知識「大気基準適用施設」の説明範囲に関連する。問題全体の旧タグではなく選択肢別の主論点に基づき選定した。","needs-other-law-decree","not-independently-verified","no-explicit-HOLD","技術・法令・規格・原題の独立監査を別途"
"R03-G-Q05-C3","R03-G-Q05","3","DX-G01-011","DX-A04-014","DX-A04-014","11.2.4","semantic-reviewed-provisional","subject-aligned","硫酸カリウム製造の廃ガス洗浄設備を比較。","個別理由で扱う「硫酸カリウム製造の廃ガス洗浄設備を比較。」は知識「硫酸カリウム製造の排ガス処理（令別表第二第3号）」の説明範囲に関連する。問題全体の旧タグではなく選択肢別の主論点に基づき選定した。","needs-other-law-decree","not-independently-verified","no-explicit-HOLD","技術・法令・規格・原題の独立監査を別途"
"R03-G-Q05-C4","R03-G-Q05","4","DX-G01-011","DX-A04-013","DX-A04-013","11.2.2","semantic-reviewed-provisional","subject-aligned","カーバイド法アセチレンの洗浄設備を比較。","個別理由で扱う「カーバイド法アセチレンの洗浄設備を比較。」は知識「カーバイド法アセチレン製造に伴う洗浄（令別表第二第2号）」の説明範囲に関連する。問題全体の旧タグではなく選択肢別の主論点に基づき選定した。","needs-other-law-decree","not-independently-verified","no-explicit-HOLD","技術・法令・規格・原題の独立監査を別途"
"R03-G-Q05-C5","R03-G-Q05","5","DX-G01-011","DX-A04-028","DX-A04-028","11.3.3","precision-gap-review-required","knowledge-granularity-gap","フロン破壊プラズマ反応施設が公害防止組織法の発生施設に含まれるかを比較。","個別理由で扱う「フロン破壊プラズマ反応施設が公害防止組織法の発生施設に含まれるかを比較。」は知識「特定フロン類を一定の方法で破壊（令別表第二第17号）」の説明範囲に関連する。ただし指定した既存IDだけでは必要な詳細を十分に表現しない。","needs-other-law-decree","not-independently-verified","no-explicit-HOLD","公害防止組織整備法に基づく施設指定を、ダイ特法の19号施設だけでは説明できない"
"R03-G-Q06-C1","R03-G-Q06","1","DX-G04-003","DX-G01-004","DX-G01-004","1.2.1","semantic-reviewed-provisional","subject-aligned","PCDD・PCDF・DL-PCBの3群という分類。","個別理由で扱う「PCDD・PCDF・DL-PCBの3群という分類。」は知識「法のダイオキシン類の定義」の説明範囲に関連する。問題全体の旧タグではなく選択肢別の主論点に基づき選定した。","structure-supported","not-independently-verified","no-explicit-HOLD","技術・法令・規格・原題の独立監査を別途"
"R03-G-Q06-C4","R03-G-Q06","4","DX-G04-003","DX-G04-003","DX-G04-003","4.1.3","semantic-reviewed-provisional","subject-aligned","PCBの10個の置換可能水素と最大10塩素。","個別理由で扱う「PCBの10個の置換可能水素と最大10塩素。」は知識「DL-PCBの構造」の説明範囲に関連する。問題全体の旧タグではなく選択肢別の主論点に基づき選定した。","structure-supported","not-independently-verified","no-explicit-HOLD","技術・法令・規格・原題の独立監査を別途"
"R03-G-Q06-C5","R03-G-Q06","5","DX-G04-003","DX-G04-006","DX-G04-006","4.2.3","semantic-reviewed-provisional","subject-aligned","DL-PCBの共平面性の説明。","個別理由で扱う「DL-PCBの共平面性の説明。」は知識「非オルト・モノオルトPCB」の説明範囲に関連する。問題全体の旧タグではなく選択肢別の主論点に基づき選定した。","structure-supported","not-independently-verified","no-explicit-HOLD","技術・法令・規格・原題の独立監査を別途"
"R03-G-Q07-C1","R03-G-Q07","1","DX-G01-011","DX-G03-011","DX-G03-011","3.5.1","semantic-reviewed-provisional","subject-aligned","大気関係施設数の2001～2002年度の変化は統計の照合が必要。","個別理由で扱う「大気関係施設数の2001～2002年度の変化は統計の照合が必要。」は知識「年度と暦年の違い」の説明範囲に関連する。問題全体の旧タグではなく選択肢別の主論点に基づき選定した。","needs-historical-facility-data","not-independently-verified","no-explicit-HOLD","技術・法令・規格・原題の独立監査を別途"
"R03-G-Q07-C2","R03-G-Q07","2","DX-G01-011","DX-G03-005","DX-G03-005","3.2.2","semantic-reviewed-provisional","subject-aligned","大気の施設種類の件数順位を問う。","個別理由で扱う「大気の施設種類の件数順位を問う。」は知識「製鉄・非鉄金属」の説明範囲に関連する。問題全体の旧タグではなく選択肢別の主論点に基づき選定した。","needs-historical-facility-data","not-independently-verified","no-explicit-HOLD","技術・法令・規格・原題の独立監査を別途"
"R03-G-Q07-C3","R03-G-Q07","3","DX-G01-011","DX-G03-008","DX-G03-008","3.3.2","precision-gap-review-required","knowledge-granularity-gap","上位3大気施設で約80%とした割合が公式正答上の誤り。原数表要確認。","個別理由で扱う「上位3大気施設で約80%とした割合が公式正答上の誤り。原数表要確認。」は知識「排出源構成の変化」の説明範囲に関連する。ただし指定した既存IDだけでは必要な詳細を十分に表現しない。","needs-historical-facility-data","not-independently-verified","no-explicit-HOLD","2001～02年度の施設数構成比は原統計が必要"
"R03-G-Q07-C4","R03-G-Q07","4","DX-G01-011","DX-G03-006","DX-G03-006","3.2.3","semantic-reviewed-provisional","subject-aligned","水質関係での洗浄・湿式集じんと灰貯留設備の件数順位を問う。","個別理由で扱う「水質関係での洗浄・湿式集じんと灰貯留設備の件数順位を問う。」は知識「その他の発生源」の説明範囲に関連する。問題全体の旧タグではなく選択肢別の主論点に基づき選定した。","needs-historical-facility-data","not-independently-verified","no-explicit-HOLD","技術・法令・規格・原題の独立監査を別途"
"R03-G-Q07-C5","R03-G-Q07","5","DX-G01-011","DX-G03-008","DX-G03-008","3.3.2","semantic-reviewed-provisional","subject-aligned","水質上位2設備で70%以上という比率の原表を確認する。","個別理由で扱う「水質上位2設備で70%以上という比率の原表を確認する。」は知識「排出源構成の変化」の説明範囲に関連する。問題全体の旧タグではなく選択肢別の主論点に基づき選定した。","needs-historical-facility-data","not-independently-verified","no-explicit-HOLD","技術・法令・規格・原題の独立監査を別途"
"R03-G-Q08-C1","R03-G-Q08","1","DX-G03-002","DX-G03-004","DX-G03-004","3.2.1","semantic-reviewed-provisional","subject-aligned","焼却施設からの排出合計約56gという個別値は2018年の原表と追加照合。","個別理由で扱う「焼却施設からの排出合計約56gという個別値は2018年の原表と追加照合。」は知識「廃棄物焼却」の説明範囲に関連する。問題全体の旧タグではなく選択肢別の主論点に基づき選定した。","inventory-total-primary-verified-details-pending","not-independently-verified","no-explicit-HOLD","技術・法令・規格・原題の独立監査を別途"
"R03-G-Q08-C2","R03-G-Q08","2","DX-G03-002","DX-G03-005","DX-G03-005","3.2.2","semantic-reviewed-provisional","subject-aligned","産業系の大気排出寄与約48%も原表確認。","個別理由で扱う「産業系の大気排出寄与約48%も原表確認。」は知識「製鉄・非鉄金属」の説明範囲に関連する。問題全体の旧タグではなく選択肢別の主論点に基づき選定した。","inventory-total-primary-verified-details-pending","not-independently-verified","no-explicit-HOLD","技術・法令・規格・原題の独立監査を別途"
"R03-G-Q08-C3","R03-G-Q08","3","DX-G03-002","DX-G03-005","DX-G03-005","3.2.2","semantic-reviewed-provisional","subject-aligned","産業系最大が製鋼用電気炉との寄与順位を原表確認。","個別理由で扱う「産業系最大が製鋼用電気炉との寄与順位を原表確認。」は知識「製鉄・非鉄金属」の説明範囲に関連する。問題全体の旧タグではなく選択肢別の主論点に基づき選定した。","inventory-total-primary-verified-details-pending","not-independently-verified","no-explicit-HOLD","技術・法令・規格・原題の独立監査を別途"
"R03-G-Q08-C4","R03-G-Q08","4","DX-G03-004","DX-G03-004","DX-G03-004","3.2.1","semantic-reviewed-provisional","subject-aligned","一般廃棄物焼却と電炉の大小が逆のため誤りとされる。","個別理由で扱う「一般廃棄物焼却と電炉の大小が逆のため誤りとされる。」は知識「廃棄物焼却」の説明範囲に関連する。問題全体の旧タグではなく選択肢別の主論点に基づき選定した。","inventory-total-primary-verified-details-pending","not-independently-verified","no-explicit-HOLD","技術・法令・規格・原題の独立監査を別途"
"R03-G-Q11-C1","R03-G-Q11","1","DX-G06-001","DX-G04-007","DX-G04-007","4.3.1","semantic-reviewed-provisional","subject-aligned","ダイオキシン類の異性体ごとに毒性が異なる。","個別理由で扱う「ダイオキシン類の異性体ごとに毒性が異なる。」は知識「TEFの意味」の説明範囲に関連する。問題全体の旧タグではなく選択肢別の主論点に基づき選定した。","tef-29-check","not-independently-verified","no-explicit-HOLD","技術・法令・規格・原題の独立監査を別途"
"R03-G-Q11-C2","R03-G-Q11","2","DX-G04-007","DX-G04-007","DX-G04-007","4.3.1","semantic-reviewed-provisional","subject-aligned","TCDDを基準にTEFで相対毒性を示す。","個別理由で扱う「TCDDを基準にTEFで相対毒性を示す。」は知識「TEFの意味」の説明範囲に関連する。問題全体の旧タグではなく選択肢別の主論点に基づき選定した。","tef-29-check","not-independently-verified","no-explicit-HOLD","技術・法令・規格・原題の独立監査を別途"
"R03-G-Q11-C3","R03-G-Q11","3","DX-G06-001","DX-G04-009","DX-G04-009","4.3.3","semantic-reviewed-provisional","subject-aligned","PCDFの対象は10、DL-PCBは12であり12と10が逆。","個別理由で扱う「PCDFの対象は10、DL-PCBは12であり12と10が逆。」は知識「WHO-TEFの版と行政適用版」の説明範囲に関連する。問題全体の旧タグではなく選択肢別の主論点に基づき選定した。","tef-29-check","not-independently-verified","no-explicit-HOLD","技術・法令・規格・原題の独立監査を別途"
"R03-G-Q11-C4","R03-G-Q11","4","DX-G04-007","DX-G04-005","DX-G04-005","4.2.2","semantic-reviewed-provisional","subject-aligned","2,3,7,8位の塩素置換はTEF対象PCDD/PCDFの条件。","個別理由で扱う「2,3,7,8位の塩素置換はTEF対象PCDD/PCDFの条件。」は知識「2-3-7-8位置の重要性」の説明範囲に関連する。問題全体の旧タグではなく選択肢別の主論点に基づき選定した。","tef-29-check","not-independently-verified","no-explicit-HOLD","技術・法令・規格・原題の独立監査を別途"
"R03-G-Q11-C5","R03-G-Q11","5","DX-G04-007","DX-G04-009","DX-G04-009","4.3.3","semantic-reviewed-provisional","subject-aligned","PCB-126はDL-PCBの中でTEFが最も大きい。","個別理由で扱う「PCB-126はDL-PCBの中でTEFが最も大きい。」は知識「WHO-TEFの版と行政適用版」の説明範囲に関連する。問題全体の旧タグではなく選択肢別の主論点に基づき選定した。","tef-29-check","not-independently-verified","no-explicit-HOLD","技術・法令・規格・原題の独立監査を別途"
"R03-G-Q13-C2","R03-G-Q13","2","DX-G04-009","DX-G04-004","DX-G04-004","4.2.1","precision-gap-review-required","knowledge-granularity-gap","②はPeCDDs(1)<HxCBs(4)<HxCDDs(3)<HpCDFs(2)となり、4<3等が不成立。","個別理由で扱う「②はPeCDDs(1)<HxCBs(4)<HxCDDs(3)<HpCDFs(2)となり、4<3等が不成立。」は知識「異性体・同族体の違い」の説明範囲に関連する。ただし指定した既存IDだけでは必要な詳細を十分に表現しない。","reproduced-exam-image-verified-inequality-wording-flag","not-independently-verified","no-explicit-HOLD","同族体別のTEF対象異性体数に特化した知識項目が曖昧"
"R03-G-Q13-C3","R03-G-Q13","3","DX-G04-009","DX-G04-004","DX-G04-004","4.2.1","precision-gap-review-required","knowledge-granularity-gap","③はPeCDFs(2)<PeCDDs(1)<HpCDFs(2)<HxCDFs(4)となり、2<1が不成立。","個別理由で扱う「③はPeCDFs(2)<PeCDDs(1)<HpCDFs(2)<HxCDFs(4)となり、2<1が不成立。」は知識「異性体・同族体の違い」の説明範囲に関連する。ただし指定した既存IDだけでは必要な詳細を十分に表現しない。","reproduced-exam-image-verified-inequality-wording-flag","not-independently-verified","no-explicit-HOLD","同族体別のTEF対象異性体数に特化した知識項目が曖昧"
"R03-G-Q13-C4","R03-G-Q13","4","DX-G04-009","DX-G04-004","DX-G04-004","4.2.1","precision-gap-review-required","knowledge-granularity-gap","④はPeCDDs(1)<HxCDDs(3)<HpCDFs(2)<HxCDFs(4)となり、3<2が不成立。","個別理由で扱う「④はPeCDDs(1)<HxCDDs(3)<HpCDFs(2)<HxCDFs(4)となり、3<2が不成立。」は知識「異性体・同族体の違い」の説明範囲に関連する。ただし指定した既存IDだけでは必要な詳細を十分に表現しない。","reproduced-exam-image-verified-inequality-wording-flag","not-independently-verified","no-explicit-HOLD","同族体別のTEF対象異性体数に特化した知識項目が曖昧"
"R03-G-Q13-C5","R03-G-Q13","5","DX-G04-009","DX-G04-004","DX-G04-004","4.2.1","precision-gap-review-required","knowledge-granularity-gap","⑤はHpCDFs(2)<PeCDDs(1)<PeCDFs(2)<HxCDDs(3)となり、2<1が不成立。","個別理由で扱う「⑤はHpCDFs(2)<PeCDDs(1)<PeCDFs(2)<HxCDDs(3)となり、2<1が不成立。」は知識「異性体・同族体の違い」の説明範囲に関連する。ただし指定した既存IDだけでは必要な詳細を十分に表現しない。","reproduced-exam-image-verified-inequality-wording-flag","not-independently-verified","no-explicit-HOLD","同族体別のTEF対象異性体数に特化した知識項目が曖昧"
"R03-G-Q14-C1","R03-G-Q14","1","DX-G05-005","DX-G05-005","DX-G05-005","5.2.2","semantic-reviewed-provisional","subject-aligned","粒子状炭素などの酸化に伴う生成。","個別理由で扱う「粒子状炭素などの酸化に伴う生成。」は知識「de novo合成の概要」の説明範囲に関連する。問題全体の旧タグではなく選択肢別の主論点に基づき選定した。","mechanism-supported","not-independently-verified","no-explicit-HOLD","技術・法令・規格・原題の独立監査を別途"
"R03-G-Q14-C2","R03-G-Q14","2","DX-G05-005","DX-G05-005","DX-G05-005","5.2.2","semantic-reviewed-provisional","subject-aligned","複数の異性体が同時に生成する。","個別理由で扱う「複数の異性体が同時に生成する。」は知識「de novo合成の概要」の説明範囲に関連する。問題全体の旧タグではなく選択肢別の主論点に基づき選定した。","mechanism-supported","not-independently-verified","no-explicit-HOLD","技術・法令・規格・原題の独立監査を別途"
"R03-G-Q14-C3","R03-G-Q14","3","DX-G05-005","DX-G05-008","DX-G05-008","5.3.3","semantic-reviewed-provisional","subject-aligned","銅や飛灰の触媒作用。","個別理由で扱う「銅や飛灰の触媒作用。」は知識「塩素と金属触媒」の説明範囲に関連する。問題全体の旧タグではなく選択肢別の主論点に基づき選定した。","mechanism-supported","not-independently-verified","no-explicit-HOLD","技術・法令・規格・原題の独立監査を別途"
"R03-G-Q14-C5","R03-G-Q14","5","DX-G05-005","DX-G05-005","DX-G05-005","5.2.2","semantic-reviewed-provisional","subject-aligned","飛灰等の表面反応であり均一反応とするのは不適切。","個別理由で扱う「飛灰等の表面反応であり均一反応とするのは不適切。」は知識「de novo合成の概要」の説明範囲に関連する。問題全体の旧タグではなく選択肢別の主論点に基づき選定した。","mechanism-supported","not-independently-verified","no-explicit-HOLD","技術・法令・規格・原題の独立監査を別途"
"R03-G-Q15-C5","R03-G-Q15","5","DX-G05-008","DX-G05-008","DX-G05-008","5.3.3","semantic-reviewed-provisional","subject-aligned","⑤は焼却炉の異なる場所で温度履歴・飛灰・触媒成分等が異なれば生成物の同族体パターンが変わり得る。","個別理由で扱う「⑤は焼却炉の異なる場所で温度履歴・飛灰・触媒成分等が異なれば生成物の同族体パターンが変わり得る。」は知識「塩素と金属触媒」の説明範囲に関連する。問題全体の旧タグではなく選択肢別の主論点に基づき選定した。","DRV-R03-G-2021;SCI-FUJIMORI2009;Drive-page-visual-inspected;JEMAI-original-identity-not-established","not-independently-verified","HOLD","技術・法令・規格・原題の独立監査を別途"
"R03-A-Q03-C1","R03-A-Q03","1","DX-A04-001","DX-A01-008","DX-A01-008","8.4.2","semantic-reviewed-provisional","subject-aligned","下線①の金属・金属酸化物はダイオキシン類の酸化分解触媒の候補となる材料である。","個別理由で扱う「下線①の金属・金属酸化物はダイオキシン類の酸化分解触媒の候補となる材料である。」は知識「触媒分解」の説明範囲に関連する。問題全体の旧タグではなく選択肢別の主論点に基づき選定した。","DRV-R03-A-2021;R03-OXIDATIVE-CATALYST;underline-1-visually-checked;official-JEMAI-original-file-not-byte-confirmed","not-independently-verified","HOLD","技術・法令・規格・原題の独立監査を別途"
"R03-A-Q03-C2","R03-A-Q03","2","DX-A04-001","DX-A01-008","DX-A01-008","8.4.2","semantic-reviewed-provisional","subject-aligned","②還元分解は誤り。焼却排ガス中のダイオキシン類の触媒処理は通常酸化分解であり、アンモニア還元脱硝とは区別する。","個別理由で扱う「②還元分解は誤り。焼却排ガス中のダイオキシン類の触媒処理は通常酸化分解であり、アンモニア還元脱硝とは区別する。」は知識「触媒分解」の説明範囲に関連する。問題全体の旧タグではなく選択肢別の主論点に基づき選定した。","DRV-R03-A-2021;R03-OXIDATIVE-CATALYST;underline-2-visually-checked;official-JEMAI-original-file-not-byte-confirmed","not-independently-verified","HOLD","技術・法令・規格・原題の独立監査を別途"
"R03-A-Q03-C3","R03-A-Q03","3","DX-A04-001","DX-A01-008","DX-A01-008","8.4.2","semantic-reviewed-provisional","subject-aligned","下線③の集じん装置より後段への配置は触媒への粉じん流入を抑える設計に対応する。","個別理由で扱う「下線③の集じん装置より後段への配置は触媒への粉じん流入を抑える設計に対応する。」は知識「触媒分解」の説明範囲に関連する。問題全体の旧タグではなく選択肢別の主論点に基づき選定した。","DRV-R03-A-2021;R03-OXIDATIVE-CATALYST;underline-3-visually-checked;official-JEMAI-original-file-not-byte-confirmed","not-independently-verified","HOLD","技術・法令・規格・原題の独立監査を別途"
"R03-A-Q03-C4","R03-A-Q03","4","DX-A04-001","DX-A01-008","DX-A01-008","8.4.2","semantic-reviewed-provisional","subject-aligned","下線④の酸性硫酸アンモニウムの析出は触媒活性低下の原因になり得る。","個別理由で扱う「下線④の酸性硫酸アンモニウムの析出は触媒活性低下の原因になり得る。」は知識「触媒分解」の説明範囲に関連する。問題全体の旧タグではなく選択肢別の主論点に基づき選定した。","DRV-R03-A-2021;R03-OXIDATIVE-CATALYST;underline-4-visually-checked;official-JEMAI-original-file-not-byte-confirmed","not-independently-verified","HOLD","技術・法令・規格・原題の独立監査を別途"
"R03-A-Q03-C5","R03-A-Q03","5","DX-A04-001","DX-A01-008","DX-A01-008","8.4.2","semantic-reviewed-provisional","subject-aligned","下線⑤の約200℃以上という記述は出題の標準的条件に対応するが、全触媒の一律の運転温度ではない。","個別理由で扱う「下線⑤の約200℃以上という記述は出題の標準的条件に対応するが、全触媒の一律の運転温度ではない。」は知識「触媒分解」の説明範囲に関連する。問題全体の旧タグではなく選択肢別の主論点に基づき選定した。","DRV-R03-A-2021;R03-OXIDATIVE-CATALYST;underline-5-visually-checked;official-JEMAI-original-file-not-byte-confirmed","not-independently-verified","HOLD","技術・法令・規格・原題の独立監査を別途"
"R03-A-Q05-C1","R03-A-Q05","1","DX-A05-007","DX-A01-008","DX-A01-008","8.4.2","precision-gap-review-required","knowledge-granularity-gap","濃度低下率は5%ではない。また流量は750ではない。","個別理由で扱う「濃度低下率は5%ではない。また流量は750ではない。」は知識「触媒分解」の説明範囲に関連する。ただし指定した既存IDだけでは必要な詳細を十分に表現しない。","arithmetic-checked","not-independently-verified","no-explicit-HOLD","触媒SVと体積・標準流量の計算を扱う専用知識項目が不十分"
"R03-A-Q05-C2","R03-A-Q05","2","DX-A05-007","DX-A01-008","DX-A01-008","8.4.2","precision-gap-review-required","knowledge-granularity-gap","分解率5%は誤り。流量は3000m³N/h。","個別理由で扱う「分解率5%は誤り。流量は3000m³N/h。」は知識「触媒分解」の説明範囲に関連する。ただし指定した既存IDだけでは必要な詳細を十分に表現しない。","arithmetic-checked","not-independently-verified","no-explicit-HOLD","触媒SVと体積・標準流量の計算を扱う専用知識項目が不十分"
"R03-A-Q05-C3","R03-A-Q05","3","DX-A05-007","DX-A01-008","DX-A01-008","8.4.2","precision-gap-review-required","knowledge-granularity-gap","分解率95%、流量3000なので80%、6000は違う。","個別理由で扱う「分解率95%、流量3000なので80%、6000は違う。」は知識「触媒分解」の説明範囲に関連する。ただし指定した既存IDだけでは必要な詳細を十分に表現しない。","arithmetic-checked","not-independently-verified","no-explicit-HOLD","触媒SVと体積・標準流量の計算を扱う専用知識項目が不十分"
"R03-A-Q05-C4","R03-A-Q05","4","DX-A05-007","DX-A01-008","DX-A01-008","8.4.2","precision-gap-review-required","knowledge-granularity-gap","分解率95%は一致するが流量750は不一致。","個別理由で扱う「分解率95%は一致するが流量750は不一致。」は知識「触媒分解」の説明範囲に関連する。ただし指定した既存IDだけでは必要な詳細を十分に表現しない。","arithmetic-checked","not-independently-verified","no-explicit-HOLD","触媒SVと体積・標準流量の計算を扱う専用知識項目が不十分"
"R03-A-Q05-C5","R03-A-Q05","5","DX-A05-007","DX-A01-008","DX-A01-008","8.4.2","precision-gap-review-required","knowledge-granularity-gap","分解率95%、流量3000m³N/hが一致する。","個別理由で扱う「分解率95%、流量3000m³N/hが一致する。」は知識「触媒分解」の説明範囲に関連する。ただし指定した既存IDだけでは必要な詳細を十分に表現しない。","arithmetic-checked","not-independently-verified","no-explicit-HOLD","触媒SVと体積・標準流量の計算を扱う専用知識項目が不十分"
"R03-A-Q06-C5","R03-A-Q06","5","DX-A01-007","DX-A01-007","DX-A01-007","8.4.1","semantic-reviewed-provisional","subject-aligned","下線⑤の活性アルミナは極性分子の吸着に適する。","個別理由で扱う「下線⑤の活性アルミナは極性分子の吸着に適する。」は知識「活性炭吸着」の説明範囲に関連する。問題全体の旧タグではなく選択肢別の主論点に基づき選定した。","DRV-R03-A-2021;R03-PORE-INDUSTRY;underline-5-visually-checked;official-JEMAI-original-file-not-byte-confirmed","not-independently-verified","HOLD","技術・法令・規格・原題の独立監査を別途"
"R03-A-Q08-C3","R03-A-Q08","3","DX-A02-001","DX-A01-015","DX-A01-015","8.3.2","semantic-reviewed-provisional","subject-aligned","一次集じんに乾式電気集じんが用いられる。","個別理由で扱う「一次集じんに乾式電気集じんが用いられる。」は知識「電気集じんの放電・粒子比抵抗・逆電離」の説明範囲に関連する。問題全体の旧タグではなく選択肢別の主論点に基づき選定した。","needs-sintering-source","not-independently-verified","no-explicit-HOLD","技術・法令・規格・原題の独立監査を別途"
"R03-A-Q10-C1","R03-A-Q10","1","DX-A02-016","DX-A02-016","DX-A02-016","9.2.3","semantic-reviewed-provisional","subject-aligned","下線①のロータリーキルンは塩化揮発処理で熱処理に用いる回転炉に対応する。","個別理由で扱う「下線①のロータリーキルンは塩化揮発処理で熱処理に用いる回転炉に対応する。」は知識「製鋼用電気炉の集じんダストからの亜鉛回収（令別表第一第3号）」の説明範囲に関連する。問題全体の旧タグではなく選択肢別の主論点に基づき選定した。","DRV-R03-A-2021;T11;S15;underline-1-visually-checked;official-JEMAI-original-file-not-byte-confirmed","not-independently-verified","HOLD","技術・法令・規格・原題の独立監査を別途"
"R03-A-Q11-C1","R03-A-Q11","1","DX-A02-017","DX-A02-017","DX-A02-017","9.3.1","semantic-reviewed-provisional","subject-aligned","酸素0.1%以下や炉温300℃では正答条件と異なる。","個別理由で扱う「酸素0.1%以下や炉温300℃では正答条件と異なる。」は知識「アルミニウムくずを原料とするアルミ合金製造（令別表第一第4号）」の説明範囲に関連する。問題全体の旧タグではなく選択肢別の主論点に基づき選定した。","needs-process-source","not-independently-verified","no-explicit-HOLD","技術・法令・規格・原題の独立監査を別途"
"R03-A-Q11-C2","R03-A-Q11","2","DX-A02-017","DX-A02-017","DX-A02-017","9.3.1","semantic-reviewed-provisional","subject-aligned","前段温度を300℃とする部分が異なる。","個別理由で扱う「前段温度を300℃とする部分が異なる。」は知識「アルミニウムくずを原料とするアルミ合金製造（令別表第一第4号）」の説明範囲に関連する。問題全体の旧タグではなく選択肢別の主論点に基づき選定した。","needs-process-source","not-independently-verified","no-explicit-HOLD","技術・法令・規格・原題の独立監査を別途"
"R03-A-Q12-C2","R03-A-Q12","2","DX-A03-005","DX-A03-004","DX-A03-004","10.2.1","semantic-reviewed-provisional","subject-aligned","促進酸化とpH調整をこの処理段階へ当てるのは不適切。","個別理由で扱う「促進酸化とpH調整をこの処理段階へ当てるのは不適切。」は知識「沈殿・凝集」の説明範囲に関連する。問題全体の旧タグではなく選択肢別の主論点に基づき選定した。","water-treatment-principle","not-independently-verified","no-explicit-HOLD","技術・法令・規格・原題の独立監査を別途"
"R03-A-Q12-C3","R03-A-Q12","3","DX-A03-005","DX-A03-007","DX-A03-007","10.3.1","semantic-reviewed-provisional","subject-aligned","無機栄養塩の除去・促進酸化を二次として扱う組合せが異なる。","個別理由で扱う「無機栄養塩の除去・促進酸化を二次として扱う組合せが異なる。」は知識「SS除去と負荷低減」の説明範囲に関連する。問題全体の旧タグではなく選択肢別の主論点に基づき選定した。","water-treatment-principle","not-independently-verified","no-explicit-HOLD","技術・法令・規格・原題の独立監査を別途"
"R03-A-Q12-C4","R03-A-Q12","4","DX-A03-005","DX-A03-009","DX-A03-009","10.3.3","semantic-reviewed-provisional","subject-aligned","一次二次の役割が合わない。","個別理由で扱う「一次二次の役割が合わない。」は知識「複数工程の組合せ」の説明範囲に関連する。問題全体の旧タグではなく選択肢別の主論点に基づき選定した。","water-treatment-principle","not-independently-verified","no-explicit-HOLD","技術・法令・規格・原題の独立監査を別途"
"R03-A-Q12-C5","R03-A-Q12","5","DX-A03-005","DX-A03-006","DX-A03-006","10.2.3","semantic-reviewed-provisional","subject-aligned","溶存態にpH調整だけでは十分な除去を期待できない。","個別理由で扱う「溶存態にpH調整だけでは十分な除去を期待できない。」は知識「吸着・活性炭」の説明範囲に関連する。問題全体の旧タグではなく選択肢別の主論点に基づき選定した。","water-treatment-principle","not-independently-verified","no-explicit-HOLD","技術・法令・規格・原題の独立監査を別途"
"R03-A-Q17-C5","R03-A-Q17","5","DX-A05-001","DX-A05-013","DX-A05-013","12.5.1","semantic-reviewed-provisional","subject-aligned","対象化合物濃度×TEFの総和でTEQを求める。","個別理由で扱う「対象化合物濃度×TEFの総和でTEQを求める。」は知識「濃度からTEQへの計算」の説明範囲に関連する。問題全体の旧タグではなく選択肢別の主論点に基づき選定した。","needs-JIS-isotope-label-terms","not-independently-verified","no-explicit-HOLD","技術・法令・規格・原題の独立監査を別途"
"R04-G-Q05-C2","R04-G-Q05","2","DX-G01-011","DX-A04-015","DX-A04-015","11.2.4","semantic-reviewed-provisional","subject-aligned","アルミナ繊維の廃ガス洗浄施設は対象。","個別理由で扱う「アルミナ繊維の廃ガス洗浄施設は対象。」は知識「アルミナ繊維製造の排ガス処理（令別表第二第4号）」の説明範囲に関連する。問題全体の旧タグではなく選択肢別の主論点に基づき選定した。","needs-other-decree","not-independently-verified","no-explicit-HOLD","技術・法令・規格・原題の独立監査を別途"
"R04-G-Q05-C4","R04-G-Q05","4","DX-G01-011","DX-A04-019","DX-A04-019","11.2.3","semantic-reviewed-provisional","subject-aligned","クロロベンゼン製造の水洗施設は対象。","個別理由で扱う「クロロベンゼン製造の水洗施設は対象。」は知識「クロロベンゼンまたはジクロロベンゼン製造（令別表第二第8号）」の説明範囲に関連する。問題全体の旧タグではなく選択肢別の主論点に基づき選定した。","needs-other-decree","not-independently-verified","no-explicit-HOLD","技術・法令・規格・原題の独立監査を別途"
"R04-G-Q05-C5","R04-G-Q05","5","DX-G01-011","DX-A04-013","DX-A04-013","11.2.2","semantic-reviewed-provisional","subject-aligned","カーバイド法アセチレンの洗浄施設は対象。","個別理由で扱う「カーバイド法アセチレンの洗浄施設は対象。」は知識「カーバイド法アセチレン製造に伴う洗浄（令別表第二第2号）」の説明範囲に関連する。問題全体の旧タグではなく選択肢別の主論点に基づき選定した。","needs-other-decree","not-independently-verified","no-explicit-HOLD","技術・法令・規格・原題の独立監査を別途"
"R04-G-Q06-C1","R04-G-Q06","1","DX-G04-001","DX-G01-004","DX-G01-004","1.2.1","semantic-reviewed-provisional","subject-aligned","ダイオキシン類の法定物質群の整理。","個別理由で扱う「ダイオキシン類の法定物質群の整理。」は知識「法のダイオキシン類の定義」の説明範囲に関連する。問題全体の旧タグではなく選択肢別の主論点に基づき選定した。","structural-draft","not-independently-verified","no-explicit-HOLD","技術・法令・規格・原題の独立監査を別途"
"R04-G-Q09-C1","R04-G-Q09","1","DX-G03-002","DX-G03-002","DX-G03-002","3.1.2","semantic-reviewed-provisional","subject-aligned","焼却施設と亜鉛回収の組合せが異なる。","個別理由で扱う「焼却施設と亜鉛回収の組合せが異なる。」は知識「排出インベントリーの構成」の説明範囲に関連する。問題全体の旧タグではなく選択肢別の主論点に基づき選定した。","inventory-partial","not-independently-verified","no-explicit-HOLD","技術・法令・規格・原題の独立監査を別途"
"R04-G-Q09-C2","R04-G-Q09","2","DX-G03-002","DX-G03-002","DX-G03-002","3.1.2","semantic-reviewed-provisional","subject-aligned","焼却約5割強、製鋼用電気炉、水寄与1.1%が正答。","個別理由で扱う「焼却約5割強、製鋼用電気炉、水寄与1.1%が正答。」は知識「排出インベントリーの構成」の説明範囲に関連する。問題全体の旧タグではなく選択肢別の主論点に基づき選定した。","inventory-partial","not-independently-verified","no-explicit-HOLD","技術・法令・規格・原題の独立監査を別途"
"R04-G-Q09-C3","R04-G-Q09","3","DX-G03-002","DX-G03-002","DX-G03-002","3.1.2","semantic-reviewed-provisional","subject-aligned","焼結工程を産業系最大とするのが違う。","個別理由で扱う「焼結工程を産業系最大とするのが違う。」は知識「排出インベントリーの構成」の説明範囲に関連する。問題全体の旧タグではなく選択肢別の主論点に基づき選定した。","inventory-partial","not-independently-verified","no-explicit-HOLD","技術・法令・規格・原題の独立監査を別途"
"R04-G-Q09-C4","R04-G-Q09","4","DX-G03-002","DX-G03-002","DX-G03-002","3.1.2","semantic-reviewed-provisional","subject-aligned","水への排出率を0.1%とする点が違う。","個別理由で扱う「水への排出率を0.1%とする点が違う。」は知識「排出インベントリーの構成」の説明範囲に関連する。問題全体の旧タグではなく選択肢別の主論点に基づき選定した。","inventory-partial","not-independently-verified","no-explicit-HOLD","技術・法令・規格・原題の独立監査を別途"
"R04-G-Q09-C5","R04-G-Q09","5","DX-G03-002","DX-G03-002","DX-G03-002","3.1.2","semantic-reviewed-provisional","subject-aligned","亜鉛回収を最大に置く点が違う。","個別理由で扱う「亜鉛回収を最大に置く点が違う。」は知識「排出インベントリーの構成」の説明範囲に関連する。問題全体の旧タグではなく選択肢別の主論点に基づき選定した。","inventory-partial","not-independently-verified","no-explicit-HOLD","技術・法令・規格・原題の独立監査を別途"
"R04-G-Q11-C1","R04-G-Q11","1","DX-G04-003","DX-G04-003","DX-G04-003","4.1.3","semantic-reviewed-provisional","subject-aligned","四塩素化PCBの分子量は約292。","個別理由で扱う「四塩素化PCBの分子量は約292。」は知識「DL-PCBの構造」の説明範囲に関連する。問題全体の旧タグではなく選択肢別の主論点に基づき選定した。","needs-physical-property-primary","not-independently-verified","no-explicit-HOLD","技術・法令・規格・原題の独立監査を別途"
"R04-G-Q11-C2","R04-G-Q11","2","DX-G02-001","DX-G04-011","DX-G04-011","4.4.2","precision-gap-review-required","knowledge-granularity-gap","融点範囲の数値は物性表と照合予定。","個別理由で扱う「融点範囲の数値は物性表と照合予定。」は知識「蒸気圧と粒子吸着」の説明範囲に関連する。ただし指定した既存IDだけでは必要な詳細を十分に表現しない。","needs-physical-property-primary","not-independently-verified","no-explicit-HOLD","PCB塩素数別の融点帯について原物性表が必要"
"R04-G-Q11-C3","R04-G-Q11","3","DX-G04-011","DX-G04-011","DX-G04-011","4.4.2","precision-gap-review-required","knowledge-granularity-gap","蒸気圧の値を高く見積もった箇所が誤りとされる。","個別理由で扱う「蒸気圧の値を高く見積もった箇所が誤りとされる。」は知識「蒸気圧と粒子吸着」の説明範囲に関連する。ただし指定した既存IDだけでは必要な詳細を十分に表現しない。","needs-physical-property-primary","not-independently-verified","no-explicit-HOLD","PCBの蒸気圧の数値について原物性表が必要"
"R04-G-Q11-C4","R04-G-Q11","4","DX-G04-006","DX-G04-006","DX-G04-006","4.2.3","semantic-reviewed-provisional","subject-aligned","TEF対象はノンオルト4・モノオルト8種。","個別理由で扱う「TEF対象はノンオルト4・モノオルト8種。」は知識「非オルト・モノオルトPCB」の説明範囲に関連する。問題全体の旧タグではなく選択肢別の主論点に基づき選定した。","needs-physical-property-primary","not-independently-verified","no-explicit-HOLD","技術・法令・規格・原題の独立監査を別途"
"R04-G-Q11-C5","R04-G-Q11","5","DX-G04-007","DX-G04-009","DX-G04-009","4.3.3","semantic-reviewed-provisional","subject-aligned","最も高いTEFのDL-PCBはPCB-126。","個別理由で扱う「最も高いTEFのDL-PCBはPCB-126。」は知識「WHO-TEFの版と行政適用版」の説明範囲に関連する。問題全体の旧タグではなく選択肢別の主論点に基づき選定した。","needs-physical-property-primary","not-independently-verified","no-explicit-HOLD","技術・法令・規格・原題の独立監査を別途"
"R04-G-Q12-C1","R04-G-Q12","1","DX-G04-004","DX-G04-004","DX-G04-004","4.2.1","semantic-reviewed-provisional","subject-aligned","PCB全209異性体を135種と取り違え。","個別理由で扱う「PCB全209異性体を135種と取り違え。」は知識「異性体・同族体の違い」の説明範囲に関連する。問題全体の旧タグではなく選択肢別の主論点に基づき選定した。","chemical-draft","not-independently-verified","no-explicit-HOLD","技術・法令・規格・原題の独立監査を別途"
"R04-G-Q12-C2","R04-G-Q12","2","DX-G04-004","DX-G04-004","DX-G04-004","4.2.1","semantic-reviewed-provisional","subject-aligned","PCDD75種よりPCDF135種の方が多い。","個別理由で扱う「PCDD75種よりPCDF135種の方が多い。」は知識「異性体・同族体の違い」の説明範囲に関連する。問題全体の旧タグではなく選択肢別の主論点に基づき選定した。","chemical-draft","not-independently-verified","no-explicit-HOLD","技術・法令・規格・原題の独立監査を別途"
"R04-G-Q12-C4","R04-G-Q12","4","DX-G04-004","DX-G06-001","DX-G06-001","6.1.1","precision-gap-review-required","knowledge-granularity-gap","モルモットの半数致死量を1ng/kgとする数値が不適切。","個別理由で扱う「モルモットの半数致死量を1ng/kgとする数値が不適切。」は知識「毒性の種類とTCDD」の説明範囲に関連する。ただし指定した既存IDだけでは必要な詳細を十分に表現しない。","chemical-draft","not-independently-verified","no-explicit-HOLD","急性毒性のLD50数値と動物種に固有の毒性知識が不足"
"R04-G-Q12-C5","R04-G-Q12","5","DX-G04-004","DX-G04-014","DX-G04-014","4.5.2","semantic-reviewed-provisional","subject-aligned","底質では有機物等に濃縮されやすい。","個別理由で扱う「底質では有機物等に濃縮されやすい。」は知識「生物蓄積・生物濃縮」の説明範囲に関連する。問題全体の旧タグではなく選択肢別の主論点に基づき選定した。","chemical-draft","not-independently-verified","no-explicit-HOLD","技術・法令・規格・原題の独立監査を別途"
"R04-G-Q14-C3","R04-G-Q14","3","DX-G04-014","DX-G05-002","DX-G05-002","5.1.2","semantic-reviewed-provisional","subject-aligned","パルプ漂白排水からの排出。","個別理由で扱う「パルプ漂白排水からの排出。」は知識「工業プロセスと不純物」の説明範囲に関連する。問題全体の旧タグではなく選択肢別の主論点に基づき選定した。","exposure-draft","not-independently-verified","no-explicit-HOLD","技術・法令・規格・原題の独立監査を別途"
"R04-G-Q14-C5","R04-G-Q14","5","DX-G04-003","DX-G04-012","DX-G04-012","4.4.3","semantic-reviewed-provisional","subject-aligned","PCBの環境残留性が高い。","個別理由で扱う「PCBの環境残留性が高い。」は知識「残留性・分解性」の説明範囲に関連する。問題全体の旧タグではなく選択肢別の主論点に基づき選定した。","exposure-draft","not-independently-verified","no-explicit-HOLD","技術・法令・規格・原題の独立監査を別途"
"R04-G-Q15-C1","R04-G-Q15","1","DX-G06-007","DX-G06-009","DX-G06-009","6.3.3","semantic-reviewed-provisional","subject-aligned","総量1.27ではない。","個別理由で扱う「総量1.27ではない。」は知識「摂取量と体内負荷」の説明範囲に関連する。問題全体の旧タグではなく選択肢別の主論点に基づき選定した。","whitepaper-partial","not-independently-verified","no-explicit-HOLD","技術・法令・規格・原題の独立監査を別途"
"R04-G-Q15-C2","R04-G-Q15","2","DX-G06-007","DX-G06-007","DX-G06-007","6.3.1","semantic-reviewed-provisional","subject-aligned","総量0.47・食事98.1%・魚介類87.1%。","個別理由で扱う「総量0.47・食事98.1%・魚介類87.1%。」は知識「食品由来の主な曝露」の説明範囲に関連する。問題全体の旧タグではなく選択肢別の主論点に基づき選定した。","whitepaper-partial","not-independently-verified","no-explicit-HOLD","技術・法令・規格・原題の独立監査を別途"
"R04-G-Q15-C3","R04-G-Q15","3","DX-G06-007","DX-G06-009","DX-G06-009","6.3.3","semantic-reviewed-provisional","subject-aligned","総量1.27等で違う。","個別理由で扱う「総量1.27等で違う。」は知識「摂取量と体内負荷」の説明範囲に関連する。問題全体の旧タグではなく選択肢別の主論点に基づき選定した。","whitepaper-partial","not-independently-verified","no-explicit-HOLD","技術・法令・規格・原題の独立監査を別途"
"R04-G-Q15-C4","R04-G-Q15","4","DX-G06-007","DX-G06-007","DX-G06-007","6.3.1","semantic-reviewed-provisional","subject-aligned","食事の割合を87.1とするのは違う。","個別理由で扱う「食事の割合を87.1とするのは違う。」は知識「食品由来の主な曝露」の説明範囲に関連する。問題全体の旧タグではなく選択肢別の主論点に基づき選定した。","whitepaper-partial","not-independently-verified","no-explicit-HOLD","技術・法令・規格・原題の独立監査を別途"
"R04-G-Q15-C5","R04-G-Q15","5","DX-G06-007","DX-G06-009","DX-G06-009","6.3.3","semantic-reviewed-provisional","subject-aligned","総量0.87等で違う。","個別理由で扱う「総量0.87等で違う。」は知識「摂取量と体内負荷」の説明範囲に関連する。問題全体の旧タグではなく選択肢別の主論点に基づき選定した。","whitepaper-partial","not-independently-verified","no-explicit-HOLD","技術・法令・規格・原題の独立監査を別途"
"R04-A-Q06-C3","R04-A-Q06","3","DX-A01-007","DX-A01-007","DX-A01-007","8.4.1","semantic-reviewed-provisional","subject-aligned","活性アルミナの吸着特性を問う。物性値は資料で再確認。","個別理由で扱う「活性アルミナの吸着特性を問う。物性値は資料で再確認。」は知識「活性炭吸着」の説明範囲に関連する。問題全体の旧タグではなく選択肢別の主論点に基づき選定した。","adsorption-principle","not-independently-verified","no-explicit-HOLD","技術・法令・規格・原題の独立監査を別途"
"R04-A-Q09-C5","R04-A-Q09","5","DX-A02-015","DX-G05-005","DX-G05-005","5.2.2","semantic-reviewed-provisional","subject-aligned","ダスト加熱時のde novo合成可能性。","個別理由で扱う「ダスト加熱時のde novo合成可能性。」は知識「de novo合成の概要」の説明範囲に関連する。問題全体の旧タグではなく選択肢別の主論点に基づき選定した。","needs-eaf-dust-composition-study","not-independently-verified","no-explicit-HOLD","技術・法令・規格・原題の独立監査を別途"
"R04-A-Q12-C3","R04-A-Q12","3","DX-A02-017","DX-A01-005","DX-A01-005","8.2.2","semantic-reviewed-provisional","subject-aligned","300℃以上でのバグ入口運転はde novo反応や材料耐熱上不利。","個別理由で扱う「300℃以上でのバグ入口運転はde novo反応や材料耐熱上不利。」は知識「集じん温度とde novo反応」の説明範囲に関連する。問題全体の旧タグではなく選択肢別の主論点に基づき選定した。","temperature-management-draft","not-independently-verified","no-explicit-HOLD","技術・法令・規格・原題の独立監査を別途"
"R04-A-Q13-C1","R04-A-Q13","1","DX-A03-001","DX-G04-009","DX-G04-009","4.3.3","precision-gap-review-required","knowledge-granularity-gap","臭素系の環境汚染も懸念される。","個別理由で扱う「臭素系の環境汚染も懸念される。」は知識「WHO-TEFの版と行政適用版」の説明範囲に関連する。ただし指定した既存IDだけでは必要な詳細を十分に表現しない。","needs-WHO-original-recommendation","not-independently-verified","no-explicit-HOLD","臭素化ダイオキシン類の毒性評価は塩素系WHO-TEFの版管理とは独立した論点"
"R04-A-Q13-C2","R04-A-Q13","2","DX-G04-007","DX-G04-009","DX-G04-009","4.3.3","precision-gap-review-required","knowledge-granularity-gap","臭素系に正式な国際TEFは未確定。","個別理由で扱う「臭素系に正式な国際TEFは未確定。」は知識「WHO-TEFの版と行政適用版」の説明範囲に関連する。ただし指定した既存IDだけでは必要な詳細を十分に表現しない。","needs-WHO-original-recommendation","not-independently-verified","no-explicit-HOLD","臭素化ダイオキシン類の毒性評価は塩素系WHO-TEFの版管理とは独立した論点"
"R04-A-Q13-C3","R04-A-Q13","3","DX-G04-007","DX-G04-009","DX-G04-009","4.3.3","precision-gap-review-required","knowledge-granularity-gap","WHOは塩素系TEFの代用を勧告しないとした部分が試験上誤り。原典再確認。","個別理由で扱う「WHOは塩素系TEFの代用を勧告しないとした部分が試験上誤り。原典再確認。」は知識「WHO-TEFの版と行政適用版」の説明範囲に関連する。ただし指定した既存IDだけでは必要な詳細を十分に表現しない。","needs-WHO-original-recommendation","not-independently-verified","no-explicit-HOLD","臭素化ダイオキシン類のTEFの国際勧告原典と試験適用年の確認が必要"
"R04-A-Q13-C4","R04-A-Q13","4","DX-A03-001","DX-G01-001","DX-G01-001","1.1.1","precision-gap-review-required","knowledge-granularity-gap","特措法附則で臭素系の調査研究を扱う。","個別理由で扱う「特措法附則で臭素系の調査研究を扱う。」は知識「基本指針と特措法」の説明範囲に関連する。ただし指定した既存IDだけでは必要な詳細を十分に表現しない。","needs-WHO-original-recommendation","not-independently-verified","no-explicit-HOLD","特措法附則の臭素系調査研究に特化した明示的知識項目がない"
"R04-A-Q13-C5","R04-A-Q13","5","DX-A03-001","DX-G02-005","DX-G02-005","2.3.1","precision-gap-review-required","knowledge-granularity-gap","環境省の調査開始時期は一次資料と照合予定。","個別理由で扱う「環境省の調査開始時期は一次資料と照合予定。」は知識「基本指針と立法の経緯」の説明範囲に関連する。ただし指定した既存IDだけでは必要な詳細を十分に表現しない。","needs-WHO-original-recommendation","not-independently-verified","no-explicit-HOLD","環境省の臭素系調査研究の着手時期が公的資料で未照合"
"R04-A-Q14-C1","R04-A-Q14","1","DX-A03-003","DX-A03-004","DX-A03-004","10.2.1","semantic-reviewed-provisional","subject-aligned","浮遊物質／活性汚泥／活性炭吸着の組合せが適切。","個別理由で扱う「浮遊物質／活性汚泥／活性炭吸着の組合せが適切。」は知識「沈殿・凝集」の説明範囲に関連する。問題全体の旧タグではなく選択肢別の主論点に基づき選定した。","water-treatment-draft","not-independently-verified","no-explicit-HOLD","技術・法令・規格・原題の独立監査を別途"
"R04-A-Q14-C2","R04-A-Q14","2","DX-A03-005","DX-A03-007","DX-A03-007","10.3.1","semantic-reviewed-provisional","subject-aligned","初段を有機物除去、最後をpH調整とする点が違う。","個別理由で扱う「初段を有機物除去、最後をpH調整とする点が違う。」は知識「SS除去と負荷低減」の説明範囲に関連する。問題全体の旧タグではなく選択肢別の主論点に基づき選定した。","water-treatment-draft","not-independently-verified","no-explicit-HOLD","技術・法令・規格・原題の独立監査を別途"
"R04-A-Q14-C3","R04-A-Q14","3","DX-A03-005","DX-A03-007","DX-A03-007","10.3.1","semantic-reviewed-provisional","subject-aligned","無機栄養塩類の固液分離という組合せが違う。","個別理由で扱う「無機栄養塩類の固液分離という組合せが違う。」は知識「SS除去と負荷低減」の説明範囲に関連する。問題全体の旧タグではなく選択肢別の主論点に基づき選定した。","water-treatment-draft","not-independently-verified","no-explicit-HOLD","技術・法令・規格・原題の独立監査を別途"
"R04-A-Q14-C4","R04-A-Q14","4","DX-A03-005","DX-A03-009","DX-A03-009","10.3.3","semantic-reviewed-provisional","subject-aligned","有機物／無機栄養塩類／清澄ろ過の組合せが違う。","個別理由で扱う「有機物／無機栄養塩類／清澄ろ過の組合せが違う。」は知識「複数工程の組合せ」の説明範囲に関連する。問題全体の旧タグではなく選択肢別の主論点に基づき選定した。","water-treatment-draft","not-independently-verified","no-explicit-HOLD","技術・法令・規格・原題の独立監査を別途"
"R04-A-Q14-C5","R04-A-Q14","5","DX-A03-005","DX-A03-006","DX-A03-006","10.2.3","semantic-reviewed-provisional","subject-aligned","最後の清澄ろ過だけでは溶存態を狙えない。","個別理由で扱う「最後の清澄ろ過だけでは溶存態を狙えない。」は知識「吸着・活性炭」の説明範囲に関連する。問題全体の旧タグではなく選択肢別の主論点に基づき選定した。","water-treatment-draft","not-independently-verified","no-explicit-HOLD","技術・法令・規格・原題の独立監査を別途"
"R04-A-Q16-C5","R04-A-Q16","5","DX-A04-017","DX-A04-017","DX-A04-017","11.2.3","semantic-reviewed-provisional","subject-aligned","⑤銅塩（CuCl₂等）を担持した触媒が酸化塩素化に用いられる。","個別理由で扱う「⑤銅塩（CuCl₂等）を担持した触媒が酸化塩素化に用いられる。」は知識「塩化ビニルモノマー製造の二塩化エチレン洗浄（令別表第二第6号）」の説明範囲に関連する。問題全体の旧タグではなく選択肢別の主論点に基づき選定した。","DRV-R04-A-2022;T15;R04-underline-5-visually-checked;JEMAI-official-PDF-file-identity-unconfirmed","not-independently-verified","HOLD","技術・法令・規格・原題の独立監査を別途"
"R04-A-Q17-C4","R04-A-Q17","4","DX-A05-008","DX-A05-008","DX-A05-008","12.3.2","semantic-reviewed-provisional","subject-aligned","活性炭カラムはダイオキシン類群の分離に使用。","個別理由で扱う「活性炭カラムはダイオキシン類群の分離に使用。」は知識「精製・クリーンアップ」の説明範囲に関連する。問題全体の旧タグではなく選択肢別の主論点に基づき選定した。","needs-JIS-2020-verification","not-independently-verified","no-explicit-HOLD","技術・法令・規格・原題の独立監査を別途"
"R05-G-Q05-C1","R05-G-Q05","1","DX-A02-014","DX-A02-014","DX-A02-014","9.2.1","semantic-reviewed-provisional","subject-aligned","鉄鉱石焼結炉の能力1t/hという条件を問う。","個別理由で扱う「鉄鉱石焼結炉の能力1t/hという条件を問う。」は知識「銑鉄製造用の焼結鉱をつくる焼結炉（令別表第一第1号）」の説明範囲に関連する。問題全体の旧タグではなく選択肢別の主論点に基づき選定した。","needs-other-decree","not-independently-verified","no-explicit-HOLD","技術・法令・規格・原題の独立監査を別途"
"R05-G-Q05-C2","R05-G-Q05","2","DX-A05-008","DX-A04-015","DX-A04-015","11.2.4","semantic-reviewed-provisional","subject-aligned","アルミナ繊維製造の廃ガス洗浄設備を問う。","個別理由で扱う「アルミナ繊維製造の廃ガス洗浄設備を問う。」は知識「アルミナ繊維製造の排ガス処理（令別表第二第4号）」の説明範囲に関連する。問題全体の旧タグではなく選択肢別の主論点に基づき選定した。","needs-other-decree","not-independently-verified","no-explicit-HOLD","技術・法令・規格・原題の独立監査を別途"
"R05-G-Q05-C3","R05-G-Q05","3","DX-A04-017","DX-A04-017","DX-A04-017","11.2.3","semantic-reviewed-provisional","subject-aligned","VCM製造の二塩化エチレン洗浄設備を問う。","個別理由で扱う「VCM製造の二塩化エチレン洗浄設備を問う。」は知識「塩化ビニルモノマー製造の二塩化エチレン洗浄（令別表第二第6号）」の説明範囲に関連する。問題全体の旧タグではなく選択肢別の主論点に基づき選定した。","needs-other-decree","not-independently-verified","no-explicit-HOLD","技術・法令・規格・原題の独立監査を別途"
"R05-G-Q05-C4","R05-G-Q05","4","DX-A02-020","DX-A02-005","DX-A02-005","9.4.1","semantic-reviewed-provisional","subject-aligned","焼却炉の火床面積0.5m²はダイ特法の閾値で、別制度の発生施設指定と混同しない。","個別理由で扱う「焼却炉の火床面積0.5m²はダイ特法の閾値で、別制度の発生施設指定と混同しない。」は知識「焼却炉の火床面積と焼却能力」の説明範囲に関連する。問題全体の旧タグではなく選択肢別の主論点に基づき選定した。","needs-other-decree","not-independently-verified","no-explicit-HOLD","技術・法令・規格・原題の独立監査を別途"
"R05-G-Q05-C5","R05-G-Q05","5","DX-A02-016","DX-A02-016","DX-A02-016","9.2.3","semantic-reviewed-provisional","subject-aligned","電炉ダストからの亜鉛回収用焙焼炉の能力要件を問う。","個別理由で扱う「電炉ダストからの亜鉛回収用焙焼炉の能力要件を問う。」は知識「製鋼用電気炉の集じんダストからの亜鉛回収（令別表第一第3号）」の説明範囲に関連する。問題全体の旧タグではなく選択肢別の主論点に基づき選定した。","needs-other-decree","not-independently-verified","no-explicit-HOLD","技術・法令・規格・原題の独立監査を別途"
"R05-G-Q07-C4","R05-G-Q07","4","DX-G03-002","DX-G03-006","DX-G03-006","3.2.3","semantic-reviewed-provisional","subject-aligned","④化学パルプの漂白施設は水系ダイオキシン類の検討対象となる排出源の一つ。","個別理由で扱う「④化学パルプの漂白施設は水系ダイオキシン類の検討対象となる排出源の一つ。」は知識「その他の発生源」の説明範囲に関連する。問題全体の旧タグではなく選択肢別の主論点に基づき選定した。","DRV-R05-G-2023;ENV-R02-INVENTORY2022;Drive-page-visual-inspected;JEMAI-original-identity-not-established","not-independently-verified","HOLD","技術・法令・規格・原題の独立監査を別途"
"R05-G-Q07-C5","R05-G-Q07","5","DX-G03-002","DX-G03-006","DX-G03-006","3.2.3","semantic-reviewed-provisional","subject-aligned","⑤塩化ビニルモノマーの製造に関連する施設も水系インベントリーの排出源分類に含まれる。","個別理由で扱う「⑤塩化ビニルモノマーの製造に関連する施設も水系インベントリーの排出源分類に含まれる。」は知識「その他の発生源」の説明範囲に関連する。問題全体の旧タグではなく選択肢別の主論点に基づき選定した。","DRV-R05-G-2023;ENV-R02-INVENTORY2022;Drive-page-visual-inspected;JEMAI-original-identity-not-established","not-independently-verified","HOLD","技術・法令・規格・原題の独立監査を別途"
"R05-G-Q08-C1","R05-G-Q08","1","DX-G04-001","DX-G04-001","DX-G04-001","4.1.1","semantic-reviewed-provisional","subject-aligned","四塩素化PCDDの水素数・酸素2個は妥当。","個別理由で扱う「四塩素化PCDDの水素数・酸素2個は妥当。」は知識「PCDDの基本骨格」の説明範囲に関連する。問題全体の旧タグではなく選択肢別の主論点に基づき選定した。","chemical-formula-checked","not-independently-verified","no-explicit-HOLD","技術・法令・規格・原題の独立監査を別途"
"R05-G-Q08-C2","R05-G-Q08","2","DX-G04-001","DX-G04-001","DX-G04-001","4.1.1","semantic-reviewed-provisional","subject-aligned","六塩素化PCDDは水素2個。","個別理由で扱う「六塩素化PCDDは水素2個。」は知識「PCDDの基本骨格」の説明範囲に関連する。問題全体の旧タグではなく選択肢別の主論点に基づき選定した。","chemical-formula-checked","not-independently-verified","no-explicit-HOLD","技術・法令・規格・原題の独立監査を別途"
"R05-G-Q08-C3","R05-G-Q08","3","DX-G04-002","DX-G04-002","DX-G04-002","4.1.2","semantic-reviewed-provisional","subject-aligned","OCDFはC12Cl8OでありC12Cl8O2ではない。","個別理由で扱う「OCDFはC12Cl8OでありC12Cl8O2ではない。」は知識「PCDFの基本骨格」の説明範囲に関連する。問題全体の旧タグではなく選択肢別の主論点に基づき選定した。","chemical-formula-checked","not-independently-verified","no-explicit-HOLD","技術・法令・規格・原題の独立監査を別途"
"R05-G-Q08-C4","R05-G-Q08","4","DX-G04-003","DX-G04-003","DX-G04-003","4.1.3","semantic-reviewed-provisional","subject-aligned","五塩素化PCBはC12H5Cl5。","個別理由で扱う「五塩素化PCBはC12H5Cl5。」は知識「DL-PCBの構造」の説明範囲に関連する。問題全体の旧タグではなく選択肢別の主論点に基づき選定した。","chemical-formula-checked","not-independently-verified","no-explicit-HOLD","技術・法令・規格・原題の独立監査を別途"
"R05-G-Q08-C5","R05-G-Q08","5","DX-G04-003","DX-G04-003","DX-G04-003","4.1.3","semantic-reviewed-provisional","subject-aligned","七塩素化PCBはC12H3Cl7。","個別理由で扱う「七塩素化PCBはC12H3Cl7。」は知識「DL-PCBの構造」の説明範囲に関連する。問題全体の旧タグではなく選択肢別の主論点に基づき選定した。","chemical-formula-checked","not-independently-verified","no-explicit-HOLD","技術・法令・規格・原題の独立監査を別途"
"R05-G-Q11-C1","R05-G-Q11","1","DX-G06-001","DX-G04-005","DX-G04-005","4.2.2","semantic-reviewed-provisional","subject-aligned","2,3,7,8置換異性体を中心に毒性評価する。","個別理由で扱う「2,3,7,8置換異性体を中心に毒性評価する。」は知識「2-3-7-8位置の重要性」の説明範囲に関連する。問題全体の旧タグではなく選択肢別の主論点に基づき選定した。","official-TEF-count-verified","not-independently-verified","no-explicit-HOLD","技術・法令・規格・原題の独立監査を別途"
"R05-G-Q11-C2","R05-G-Q11","2","DX-G06-001","DX-G04-009","DX-G04-009","4.3.3","semantic-reviewed-provisional","subject-aligned","DL-PCBは12種であり、14種とする数え方が誤り。","個別理由で扱う「DL-PCBは12種であり、14種とする数え方が誤り。」は知識「WHO-TEFの版と行政適用版」の説明範囲に関連する。問題全体の旧タグではなく選択肢別の主論点に基づき選定した。","official-TEF-count-verified","not-independently-verified","no-explicit-HOLD","技術・法令・規格・原題の独立監査を別途"
"R05-G-Q11-C3","R05-G-Q11","3","DX-G04-007","DX-G04-009","DX-G04-009","4.3.3","semantic-reviewed-provisional","subject-aligned","1,2,3,7,8-PeCDDのTEFは1。","個別理由で扱う「1,2,3,7,8-PeCDDのTEFは1。」は知識「WHO-TEFの版と行政適用版」の説明範囲に関連する。問題全体の旧タグではなく選択肢別の主論点に基づき選定した。","official-TEF-count-verified","not-independently-verified","no-explicit-HOLD","技術・法令・規格・原題の独立監査を別途"
"R05-G-Q11-C4","R05-G-Q11","4","DX-G04-007","DX-G04-009","DX-G04-009","4.3.3","semantic-reviewed-provisional","subject-aligned","2,3,4,7,8-PeCDFのTEFは0.3。","個別理由で扱う「2,3,4,7,8-PeCDFのTEFは0.3。」は知識「WHO-TEFの版と行政適用版」の説明範囲に関連する。問題全体の旧タグではなく選択肢別の主論点に基づき選定した。","official-TEF-count-verified","not-independently-verified","no-explicit-HOLD","技術・法令・規格・原題の独立監査を別途"
"R05-G-Q11-C5","R05-G-Q11","5","DX-G04-007","DX-G04-009","DX-G04-009","4.3.3","semantic-reviewed-provisional","subject-aligned","PCB-126のTEFは0.1。","個別理由で扱う「PCB-126のTEFは0.1。」は知識「WHO-TEFの版と行政適用版」の説明範囲に関連する。問題全体の旧タグではなく選択肢別の主論点に基づき選定した。","official-TEF-count-verified","not-independently-verified","no-explicit-HOLD","技術・法令・規格・原題の独立監査を別途"
"R05-G-Q13-C2","R05-G-Q13","2","DX-G05-005","DX-G05-008","DX-G05-008","5.3.3","semantic-reviewed-provisional","subject-aligned","銅化合物や飛灰が触媒効果を持つ。","個別理由で扱う「銅化合物や飛灰が触媒効果を持つ。」は知識「塩素と金属触媒」の説明範囲に関連する。問題全体の旧タグではなく選択肢別の主論点に基づき選定した。","needs-kinetic-study","not-independently-verified","no-explicit-HOLD","技術・法令・規格・原題の独立監査を別途"
"R05-G-Q13-C4","R05-G-Q13","4","DX-G05-005","DX-G05-005","DX-G05-005","5.2.2","semantic-reviewed-provisional","subject-aligned","ダイオキシン類と同時に各種有機塩素化物が生成し得る。","個別理由で扱う「ダイオキシン類と同時に各種有機塩素化物が生成し得る。」は知識「de novo合成の概要」の説明範囲に関連する。問題全体の旧タグではなく選択肢別の主論点に基づき選定した。","needs-kinetic-study","not-independently-verified","no-explicit-HOLD","技術・法令・規格・原題の独立監査を別途"
"R05-G-Q13-C5","R05-G-Q13","5","DX-G05-005","DX-G05-007","DX-G05-007","5.3.2","semantic-reviewed-provisional","subject-aligned","粒子状炭素の1%がダイオキシン類になるというのは過大。","個別理由で扱う「粒子状炭素の1%がダイオキシン類になるというのは過大。」は知識「飛灰上の未燃炭素」の説明範囲に関連する。問題全体の旧タグではなく選択肢別の主論点に基づき選定した。","needs-kinetic-study","not-independently-verified","no-explicit-HOLD","技術・法令・規格・原題の独立監査を別途"
"R05-G-Q14-C2","R05-G-Q14","2","DX-G05-008","DX-G05-006","DX-G05-006","5.3.1","semantic-reviewed-provisional","subject-aligned","高温時の生成と分解の競合を考える必要がある。","個別理由で扱う「高温時の生成と分解の競合を考える必要がある。」は知識「冷却温度域と滞留」の説明範囲に関連する。問題全体の旧タグではなく選択肢別の主論点に基づき選定した。","technical-principle","not-independently-verified","no-explicit-HOLD","技術・法令・規格・原題の独立監査を別途"
"R05-G-Q14-C4","R05-G-Q14","4","DX-G05-008","DX-G05-006","DX-G05-006","5.3.1","semantic-reviewed-provisional","subject-aligned","温度・滞留時間によって正味の生成量が変化する。","個別理由で扱う「温度・滞留時間によって正味の生成量が変化する。」は知識「冷却温度域と滞留」の説明範囲に関連する。問題全体の旧タグではなく選択肢別の主論点に基づき選定した。","technical-principle","not-independently-verified","no-explicit-HOLD","技術・法令・規格・原題の独立監査を別途"
"R05-A-Q01-C2","R05-A-Q01","2","DX-A01-001","DX-A01-001","DX-A01-001","8.1.1","semantic-reviewed-provisional","subject-aligned","燃焼制御で酸素不足・低温を避ける対策。","個別理由で扱う「燃焼制御で酸素不足・低温を避ける対策。」は知識「燃焼温度と安定化」の説明範囲に関連する。問題全体の旧タグではなく選択肢別の主論点に基づき選定した。","technical-draft","not-independently-verified","no-explicit-HOLD","技術・法令・規格・原題の独立監査を別途"
"R05-A-Q01-C3","R05-A-Q01","3","DX-A01-001","DX-A01-002","DX-A01-002","8.1.2","semantic-reviewed-provisional","subject-aligned","混合や燃料の均一化で局所的変動を抑える。","個別理由で扱う「混合や燃料の均一化で局所的変動を抑える。」は知識「混合・空気比・滞留」の説明範囲に関連する。問題全体の旧タグではなく選択肢別の主論点に基づき選定した。","technical-draft","not-independently-verified","no-explicit-HOLD","技術・法令・規格・原題の独立監査を別途"
"R05-A-Q01-C4","R05-A-Q01","4","DX-A01-001","DX-A01-005","DX-A01-005","8.2.2","semantic-reviewed-provisional","subject-aligned","排ガスを300℃近傍で維持するとde novo合成の温度域で滞留する。","個別理由で扱う「排ガスを300℃近傍で維持するとde novo合成の温度域で滞留する。」は知識「集じん温度とde novo反応」の説明範囲に関連する。問題全体の旧タグではなく選択肢別の主論点に基づき選定した。","technical-draft","not-independently-verified","no-explicit-HOLD","技術・法令・規格・原題の独立監査を別途"
"R05-A-Q01-C5","R05-A-Q01","5","DX-A01-001","DX-A01-005","DX-A01-005","8.2.2","semantic-reviewed-provisional","subject-aligned","ダスト堆積防止は飛灰表面の再生成抑制に寄与。","個別理由で扱う「ダスト堆積防止は飛灰表面の再生成抑制に寄与。」は知識「集じん温度とde novo反応」の説明範囲に関連する。問題全体の旧タグではなく選択肢別の主論点に基づき選定した。","technical-draft","not-independently-verified","no-explicit-HOLD","技術・法令・規格・原題の独立監査を別途"
"R05-A-Q08-C4","R05-A-Q08","4","DX-A01-007","DX-A01-007","DX-A01-007","8.4.1","semantic-reviewed-provisional","subject-aligned","活性アルミナの極性物質の吸着と比表面積。","個別理由で扱う「活性アルミナの極性物質の吸着と比表面積。」は知識「活性炭吸着」の説明範囲に関連する。問題全体の旧タグではなく選択肢別の主論点に基づき選定した。","technical-draft","not-independently-verified","no-explicit-HOLD","技術・法令・規格・原題の独立監査を別途"
"R05-A-Q11-C4","R05-A-Q11","4","DX-A02-015","DX-A01-006","DX-A01-006","8.3.1","semantic-reviewed-provisional","subject-aligned","電炉集じんは乾式電気集じんよりバグフィルターが一般的。","個別理由で扱う「電炉集じんは乾式電気集じんよりバグフィルターが一般的。」は知識「バグフィルターと粒子除去」の説明範囲に関連する。問題全体の旧タグではなく選択肢別の主論点に基づき選定した。","needs-industry-study","not-independently-verified","no-explicit-HOLD","技術・法令・規格・原題の独立監査を別途"
"R05-A-Q13-C1","R05-A-Q13","1","DX-A03-005","DX-A03-003","DX-A03-003","10.1.3","semantic-reviewed-provisional","subject-aligned","粒子に付着する懸濁態の存在。","個別理由で扱う「粒子に付着する懸濁態の存在。」は知識「粒子・有機物への吸着」の説明範囲に関連する。問題全体の旧タグではなく選択肢別の主論点に基づき選定した。","technical-draft","not-independently-verified","no-explicit-HOLD","技術・法令・規格・原題の独立監査を別途"
"R05-A-Q13-C2","R05-A-Q13","2","DX-A03-005","DX-A03-003","DX-A03-003","10.1.3","semantic-reviewed-provisional","subject-aligned","溶存有機物結合態と真の溶存態の区別。","個別理由で扱う「溶存有機物結合態と真の溶存態の区別。」は知識「粒子・有機物への吸着」の説明範囲に関連する。問題全体の旧タグではなく選択肢別の主論点に基づき選定した。","technical-draft","not-independently-verified","no-explicit-HOLD","技術・法令・規格・原題の独立監査を別途"
"R05-A-Q13-C3","R05-A-Q13","3","DX-A03-005","DX-A03-003","DX-A03-003","10.1.3","semantic-reviewed-provisional","subject-aligned","溶存態が相当部分を占めると一般化した点が不適切。","個別理由で扱う「溶存態が相当部分を占めると一般化した点が不適切。」は知識「粒子・有機物への吸着」の説明範囲に関連する。問題全体の旧タグではなく選択肢別の主論点に基づき選定した。","technical-draft","not-independently-verified","no-explicit-HOLD","技術・法令・規格・原題の独立監査を別途"
"R05-A-Q13-C5","R05-A-Q13","5","DX-A03-003","DX-A03-006","DX-A03-006","10.2.3","semantic-reviewed-provisional","subject-aligned","活性炭・ゼオライトで溶存態の吸着除去を狙う。","個別理由で扱う「活性炭・ゼオライトで溶存態の吸着除去を狙う。」は知識「吸着・活性炭」の説明範囲に関連する。問題全体の旧タグではなく選択肢別の主論点に基づき選定した。","technical-draft","not-independently-verified","no-explicit-HOLD","技術・法令・規格・原題の独立監査を別途"
"R05-A-Q15-C3","R05-A-Q15","3","DX-A04-001","DX-A04-001","DX-A04-001","11.2.1","semantic-reviewed-provisional","subject-aligned","③環境調査で河川の底質などからダイオキシン類が検出されたという問題提起を示す。","個別理由で扱う「③環境調査で河川の底質などからダイオキシン類が検出されたという問題提起を示す。」は知識「パルプの塩素系漂白」の説明範囲に関連する。問題全体の旧タグではなく選択肢別の主論点に基づき選定した。","DRV-R05-A-2023;R05-SA15;R05-underline-3-page-visually-confirmed;JEMAI-official-original-file-identity-pending;R05-ECF-ESTAT-METI-2018-PULP","not-independently-verified","HOLD","技術・法令・規格・原題の独立監査を別途"
"R05-A-Q22-C1","R05-A-Q22","1","DX-A05-013","DX-A05-013","DX-A05-013","12.5.1","semantic-reviewed-provisional","subject-aligned","実測濃度にTEFを乗じてTEQ単位で示す。","個別理由で扱う「実測濃度にTEFを乗じてTEQ単位で示す。」は知識「濃度からTEQへの計算」の説明範囲に関連する。問題全体の旧タグではなく選択肢別の主論点に基づき選定した。","needs-JIS-text","not-independently-verified","no-explicit-HOLD","技術・法令・規格・原題の独立監査を別途"
"R05-A-Q24-C1","R05-A-Q24","1","DX-A05-016","DX-A05-016","DX-A05-016","12.6.1","semantic-reviewed-provisional","subject-aligned","操作ブランクは前処理・分析由来汚染の確認。","個別理由で扱う「操作ブランクは前処理・分析由来汚染の確認。」は知識「ブランク・回収率」の説明範囲に関連する。問題全体の旧タグではなく選択肢別の主論点に基づき選定した。","technical-draft","not-independently-verified","no-explicit-HOLD","技術・法令・規格・原題の独立監査を別途"
"R05-A-Q24-C2","R05-A-Q24","2","DX-A05-016","DX-A05-016","DX-A05-016","12.6.1","semantic-reviewed-provisional","subject-aligned","試薬・ロット変更などで操作ブランクを確認。","個別理由で扱う「試薬・ロット変更などで操作ブランクを確認。」は知識「ブランク・回収率」の説明範囲に関連する。問題全体の旧タグではなく選択肢別の主論点に基づき選定した。","technical-draft","not-independently-verified","no-explicit-HOLD","技術・法令・規格・原題の独立監査を別途"
"R05-A-Q24-C3","R05-A-Q24","3","DX-A05-016","DX-A05-016","DX-A05-016","12.6.1","precision-gap-review-required","knowledge-granularity-gap","トラベルブランクを毎回必ず行うとの断定は不適切。","個別理由で扱う「トラベルブランクを毎回必ず行うとの断定は不適切。」は知識「ブランク・回収率」の説明範囲に関連する。ただし指定した既存IDだけでは必要な詳細を十分に表現しない。","technical-draft","not-independently-verified","no-explicit-HOLD","トラベルブランクの実施条件が規格の版によって異なる可能性がある"
"R05-A-Q24-C4","R05-A-Q24","4","DX-A05-016","DX-A05-016","DX-A05-016","12.6.1","semantic-reviewed-provisional","subject-aligned","トラベルブランクは採取以外を試料と同条件で扱う。","個別理由で扱う「トラベルブランクは採取以外を試料と同条件で扱う。」は知識「ブランク・回収率」の説明範囲に関連する。問題全体の旧タグではなく選択肢別の主論点に基づき選定した。","technical-draft","not-independently-verified","no-explicit-HOLD","技術・法令・規格・原題の独立監査を別途"
"R05-A-Q24-C5","R05-A-Q24","5","DX-A01-007","DX-A05-016","DX-A05-016","12.6.1","precision-gap-review-required","knowledge-granularity-gap","少なくとも3試料で平均する場合の規定を問う。","個別理由で扱う「少なくとも3試料で平均する場合の規定を問う。」は知識「ブランク・回収率」の説明範囲に関連する。ただし指定した既存IDだけでは必要な詳細を十分に表現しない。","technical-draft","not-independently-verified","no-explicit-HOLD","トラベルブランクの必要試料数に関する原文の照合が必要"
"R06-G-Q05-C1","R06-G-Q05","1","DX-A04-013","DX-A04-013","DX-A04-013","11.2.2","semantic-reviewed-provisional","subject-aligned","カーバイド法アセチレンの洗浄工程を問う。","個別理由で扱う「カーバイド法アセチレンの洗浄工程を問う。」は知識「カーバイド法アセチレン製造に伴う洗浄（令別表第二第2号）」の説明範囲に関連する。問題全体の旧タグではなく選択肢別の主論点に基づき選定した。","needs-decree-check","not-independently-verified","no-explicit-HOLD","技術・法令・規格・原題の独立監査を別途"
"R06-G-Q05-C2","R06-G-Q05","2","DX-A04-018","DX-A04-018","DX-A04-018","11.2.4","semantic-reviewed-provisional","subject-aligned","カプロラクタムの硫酸濃縮施設が対象かを問う。","個別理由で扱う「カプロラクタムの硫酸濃縮施設が対象かを問う。」は知識「塩化ニトロシルを使うカプロラクタム製造（令別表第二第7号）」の説明範囲に関連する。問題全体の旧タグではなく選択肢別の主論点に基づき選定した。","needs-decree-check","not-independently-verified","no-explicit-HOLD","技術・法令・規格・原題の独立監査を別途"
"R06-G-Q05-C3","R06-G-Q05","3","DX-A04-014","DX-A04-014","DX-A04-014","11.2.4","semantic-reviewed-provisional","subject-aligned","硫酸カリウム製造の廃ガス洗浄施設を問う。","個別理由で扱う「硫酸カリウム製造の廃ガス洗浄施設を問う。」は知識「硫酸カリウム製造の排ガス処理（令別表第二第3号）」の説明範囲に関連する。問題全体の旧タグではなく選択肢別の主論点に基づき選定した。","needs-decree-check","not-independently-verified","no-explicit-HOLD","技術・法令・規格・原題の独立監査を別途"
"R06-G-Q05-C4","R06-G-Q05","4","DX-A04-017","DX-A04-017","DX-A04-017","11.2.3","semantic-reviewed-provisional","subject-aligned","VCM製造の二塩化エチレン洗浄施設を問う。","個別理由で扱う「VCM製造の二塩化エチレン洗浄施設を問う。」は知識「塩化ビニルモノマー製造の二塩化エチレン洗浄（令別表第二第6号）」の説明範囲に関連する。問題全体の旧タグではなく選択肢別の主論点に基づき選定した。","needs-decree-check","not-independently-verified","no-explicit-HOLD","技術・法令・規格・原題の独立監査を別途"
"R06-G-Q05-C5","R06-G-Q05","5","DX-A02-018","DX-A02-018","DX-A02-018","9.3.2","precision-gap-review-required","knowledge-granularity-gap","公害防止組織法上の廃棄物焼却炉の規模下限はダイ特法の0.5m²とは区別する。","個別理由で扱う「公害防止組織法上の廃棄物焼却炉の規模下限はダイ特法の0.5m²とは区別する。」は知識「廃棄物焼却炉（令別表第一第5号）」の説明範囲に関連する。ただし指定した既存IDだけでは必要な詳細を十分に表現しない。","needs-decree-check","not-independently-verified","no-explicit-HOLD","公害防止組織法とダイ特法の焼却炉規模区分を横断比較する必要"
"R06-G-Q07-C1","R06-G-Q07","1","DX-G03-005","DX-G03-005","DX-G03-005","3.2.2","semantic-reviewed-provisional","subject-aligned","焼結4.9は電炉23.8より少ないため、焼結を最大とする並びは誤り。","個別理由で扱う「焼結4.9は電炉23.8より少ないため、焼結を最大とする並びは誤り。」は知識「製鉄・非鉄金属」の説明範囲に関連する。問題全体の旧タグではなく選択肢別の主論点に基づき選定した。","primary-2021-inventory-verified","not-independently-verified","no-explicit-HOLD","技術・法令・規格・原題の独立監査を別途"
"R06-G-Q07-C2","R06-G-Q07","2","DX-G03-005","DX-G03-005","DX-G03-005","3.2.2","semantic-reviewed-provisional","subject-aligned","焼結4.9は電炉23.8より少なく、鉄鉱石焼結工程を最大に置く並びは誤り。","個別理由で扱う「焼結4.9は電炉23.8より少なく、鉄鉱石焼結工程を最大に置く並びは誤り。」は知識「製鉄・非鉄金属」の説明範囲に関連する。問題全体の旧タグではなく選択肢別の主論点に基づき選定した。","primary-2021-inventory-verified","not-independently-verified","no-explicit-HOLD","技術・法令・規格・原題の独立監査を別途"
"R06-G-Q07-C3","R06-G-Q07","3","DX-G03-005","DX-G03-005","DX-G03-005","3.2.2","semantic-reviewed-provisional","subject-aligned","電炉が最大という点は合うが、焼結4.9よりアルミ二次精錬6.55のほうが多い。","個別理由で扱う「電炉が最大という点は合うが、焼結4.9よりアルミ二次精錬6.55のほうが多い。」は知識「製鉄・非鉄金属」の説明範囲に関連する。問題全体の旧タグではなく選択肢別の主論点に基づき選定した。","primary-2021-inventory-verified","not-independently-verified","no-explicit-HOLD","技術・法令・規格・原題の独立監査を別途"
"R06-G-Q07-C4","R06-G-Q07","4","DX-G03-005","DX-G03-005","DX-G03-005","3.2.2","semantic-reviewed-provisional","subject-aligned","亜鉛回収が最大という順番は誤り（2021年表で亜鉛回収は約1.2）。","個別理由で扱う「亜鉛回収が最大という順番は誤り（2021年表で亜鉛回収は約1.2）。」は知識「製鉄・非鉄金属」の説明範囲に関連する。問題全体の旧タグではなく選択肢別の主論点に基づき選定した。","primary-2021-inventory-verified","not-independently-verified","no-explicit-HOLD","技術・法令・規格・原題の独立監査を別途"
"R06-G-Q08-C2","R06-G-Q08","2","DX-G03-002","DX-G03-006","DX-G03-006","3.2.3","semantic-reviewed-provisional","subject-aligned","2021年水系排出寄与の最大はVCM製造施設とする公式答。","個別理由で扱う「2021年水系排出寄与の最大はVCM製造施設とする公式答。」は知識「その他の発生源」の説明範囲に関連する。問題全体の旧タグではなく選択肢別の主論点に基づき選定した。","needs-2021-inventory","not-independently-verified","no-explicit-HOLD","技術・法令・規格・原題の独立監査を別途"
"R06-G-Q08-C3","R06-G-Q08","3","DX-G03-002","DX-G03-006","DX-G03-006","3.2.3","semantic-reviewed-provisional","subject-aligned","パルプ製造漂白施設は最大ではない。","個別理由で扱う「パルプ製造漂白施設は最大ではない。」は知識「その他の発生源」の説明範囲に関連する。問題全体の旧タグではなく選択肢別の主論点に基づき選定した。","needs-2021-inventory","not-independently-verified","no-explicit-HOLD","技術・法令・規格・原題の独立監査を別途"
"R06-G-Q08-C4","R06-G-Q08","4","DX-G03-002","DX-G03-006","DX-G03-006","3.2.3","semantic-reviewed-provisional","subject-aligned","カプロラクタム製造施設は最大ではない。","個別理由で扱う「カプロラクタム製造施設は最大ではない。」は知識「その他の発生源」の説明範囲に関連する。問題全体の旧タグではなく選択肢別の主論点に基づき選定した。","needs-2021-inventory","not-independently-verified","no-explicit-HOLD","技術・法令・規格・原題の独立監査を別途"
"R06-G-Q08-C5","R06-G-Q08","5","DX-G03-002","DX-G03-006","DX-G03-006","3.2.3","semantic-reviewed-provisional","subject-aligned","下水道終末処理施設は最大ではない。","個別理由で扱う「下水道終末処理施設は最大ではない。」は知識「その他の発生源」の説明範囲に関連する。問題全体の旧タグではなく選択肢別の主論点に基づき選定した。","needs-2021-inventory","not-independently-verified","no-explicit-HOLD","技術・法令・規格・原題の独立監査を別途"
"R06-G-Q09-C3","R06-G-Q09","3","DX-G04-006","DX-G04-006","DX-G04-006","4.2.3","semantic-reviewed-provisional","subject-aligned","共平面構造をとり得るPCBをコプラナーPCBと呼ぶ。","個別理由で扱う「共平面構造をとり得るPCBをコプラナーPCBと呼ぶ。」は知識「非オルト・モノオルトPCB」の説明範囲に関連する。問題全体の旧タグではなく選択肢別の主論点に基づき選定した。","draft","not-independently-verified","no-explicit-HOLD","技術・法令・規格・原題の独立監査を別途"
"R06-G-Q09-C4","R06-G-Q09","4","DX-G04-006","DX-G04-006","DX-G04-006","4.2.3","semantic-reviewed-provisional","subject-aligned","オルト位は2,2',6,6'。3,3',5,5'をオルトとする部分が誤り。","個別理由で扱う「オルト位は2,2',6,6'。3,3',5,5'をオルトとする部分が誤り。」は知識「非オルト・モノオルトPCB」の説明範囲に関連する。問題全体の旧タグではなく選択肢別の主論点に基づき選定した。","draft","not-independently-verified","no-explicit-HOLD","技術・法令・規格・原題の独立監査を別途"
"R06-G-Q09-C5","R06-G-Q09","5","DX-G04-006","DX-G04-006","DX-G04-006","4.2.3","semantic-reviewed-provisional","subject-aligned","JISでは12種のダイオキシン様PCBをDL-PCBsと表す。","個別理由で扱う「JISでは12種のダイオキシン様PCBをDL-PCBsと表す。」は知識「非オルト・モノオルトPCB」の説明範囲に関連する。問題全体の旧タグではなく選択肢別の主論点に基づき選定した。","draft","not-independently-verified","no-explicit-HOLD","技術・法令・規格・原題の独立監査を別途"
"R06-G-Q11-C2","R06-G-Q11","2","DX-G05-004","DX-G05-004","DX-G05-004","5.2.1","semantic-reviewed-provisional","subject-aligned","テトラクロロベンゼンもフェノール性OHを持たず、原図の2個の酸素架橋を作る原料に適合しない。","個別理由で扱う「テトラクロロベンゼンもフェノール性OHを持たず、原図の2個の酸素架橋を作る原料に適合しない。」は知識「前駆体経由の生成」の説明範囲に関連する。問題全体の旧タグではなく選択肢別の主論点に基づき選定した。","R06-reprinted-PDF-visual-reviewed;JEMAI-original-identity-not-confirmed;primary-technical-JIS-audit-pending","not-independently-verified","HOLD","技術・法令・規格・原題の独立監査を別途"
"R06-G-Q12-C3","R06-G-Q12","3","DX-G05-005","DX-G05-001","DX-G05-001","5.1.1","semantic-reviewed-provisional","subject-aligned","クロロベンゼン＞PCDF＞PCBの順を示す。","個別理由で扱う「クロロベンゼン＞PCDF＞PCBの順を示す。」は知識「燃焼過程での非意図的生成」の説明範囲に関連する。問題全体の旧タグではなく選択肢別の主論点に基づき選定した。","needs-mechanism-study","not-independently-verified","no-explicit-HOLD","技術・法令・規格・原題の独立監査を別途"
"R06-G-Q12-C4","R06-G-Q12","4","DX-G05-005","DX-G05-001","DX-G05-001","5.1.1","semantic-reviewed-provisional","subject-aligned","クロロベンゼンを最多に置くがPCB/PCDFの順を逆にしている。","個別理由で扱う「クロロベンゼンを最多に置くがPCB/PCDFの順を逆にしている。」は知識「燃焼過程での非意図的生成」の説明範囲に関連する。問題全体の旧タグではなく選択肢別の主論点に基づき選定した。","needs-mechanism-study","not-independently-verified","no-explicit-HOLD","技術・法令・規格・原題の独立監査を別途"
"R06-G-Q12-C5","R06-G-Q12","5","DX-G05-005","DX-G05-001","DX-G05-001","5.1.1","semantic-reviewed-provisional","subject-aligned","PCDFをクロロベンゼンより多く置いている。","個別理由で扱う「PCDFをクロロベンゼンより多く置いている。」は知識「燃焼過程での非意図的生成」の説明範囲に関連する。問題全体の旧タグではなく選択肢別の主論点に基づき選定した。","needs-mechanism-study","not-independently-verified","no-explicit-HOLD","技術・法令・規格・原題の独立監査を別途"
"R06-G-Q13-C1","R06-G-Q13","1","DX-G04-001","DX-G05-008","DX-G05-008","5.3.3","semantic-reviewed-provisional","subject-aligned","有機塩素化合物の脱塩素ではなくHClからCl2への転換。","個別理由で扱う「有機塩素化合物の脱塩素ではなくHClからCl2への転換。」は知識「塩素と金属触媒」の説明範囲に関連する。問題全体の旧タグではなく選択肢別の主論点に基づき選定した。","draft","not-independently-verified","no-explicit-HOLD","技術・法令・規格・原題の独立監査を別途"
"R06-G-Q13-C2","R06-G-Q13","2","DX-G05-008","DX-G05-008","DX-G05-008","5.3.3","semantic-reviewed-provisional","subject-aligned","HClから分子状Cl2への酸化反応がデーコン反応。","個別理由で扱う「HClから分子状Cl2への酸化反応がデーコン反応。」は知識「塩素と金属触媒」の説明範囲に関連する。問題全体の旧タグではなく選択肢別の主論点に基づき選定した。","draft","not-independently-verified","no-explicit-HOLD","技術・法令・規格・原題の独立監査を別途"
"R06-G-Q13-C3","R06-G-Q13","3","DX-G04-001","DX-G05-008","DX-G05-008","5.3.3","semantic-reviewed-provisional","subject-aligned","金属塩化物の高温離脱のみを指す反応ではない。","個別理由で扱う「金属塩化物の高温離脱のみを指す反応ではない。」は知識「塩素と金属触媒」の説明範囲に関連する。問題全体の旧タグではなく選択肢別の主論点に基づき選定した。","draft","not-independently-verified","no-explicit-HOLD","技術・法令・規格・原題の独立監査を別途"
"R06-G-Q13-C4","R06-G-Q13","4","DX-G04-001","DX-G05-008","DX-G05-008","5.3.3","semantic-reviewed-provisional","subject-aligned","PVC燃焼によるHCl発生とは逆の方向。","個別理由で扱う「PVC燃焼によるHCl発生とは逆の方向。」は知識「塩素と金属触媒」の説明範囲に関連する。問題全体の旧タグではなく選択肢別の主論点に基づき選定した。","draft","not-independently-verified","no-explicit-HOLD","技術・法令・規格・原題の独立監査を別途"
"R06-G-Q13-C5","R06-G-Q13","5","DX-G05-004","DX-G05-008","DX-G05-008","5.3.3","semantic-reviewed-provisional","subject-aligned","ダイオキシンの前駆体縮合反応自体の名称ではない。","個別理由で扱う「ダイオキシンの前駆体縮合反応自体の名称ではない。」は知識「塩素と金属触媒」の説明範囲に関連する。問題全体の旧タグではなく選択肢別の主論点に基づき選定した。","draft","not-independently-verified","no-explicit-HOLD","技術・法令・規格・原題の独立監査を別途"
"R06-G-Q14-C1","R06-G-Q14","1","DX-G06-007","DX-G05-002","DX-G05-002","5.1.2","semantic-reviewed-provisional","subject-aligned","農薬不純物に由来する環境汚染の経路。","個別理由で扱う「農薬不純物に由来する環境汚染の経路。」は知識「工業プロセスと不純物」の説明範囲に関連する。問題全体の旧タグではなく選択肢別の主論点に基づき選定した。","needs-history-inventory","not-independently-verified","no-explicit-HOLD","技術・法令・規格・原題の独立監査を別途"
"R06-G-Q14-C2","R06-G-Q14","2","DX-G06-007","DX-G05-002","DX-G05-002","5.1.2","semantic-reviewed-provisional","subject-aligned","パルプの塩素漂白と汚濁負荷の経路。","個別理由で扱う「パルプの塩素漂白と汚濁負荷の経路。」は知識「工業プロセスと不純物」の説明範囲に関連する。問題全体の旧タグではなく選択肢別の主論点に基づき選定した。","needs-history-inventory","not-independently-verified","no-explicit-HOLD","技術・法令・規格・原題の独立監査を別途"
"R06-G-Q14-C3","R06-G-Q14","3","DX-G06-007","DX-G02-003","DX-G02-003","2.2.1","semantic-reviewed-provisional","subject-aligned","小型焼却炉の寄与を当時わずかとする部分が不適切。","個別理由で扱う「小型焼却炉の寄与を当時わずかとする部分が不適切。」は知識「国内の廃棄物焼却と発生源」の説明範囲に関連する。問題全体の旧タグではなく選択肢別の主論点に基づき選定した。","needs-history-inventory","not-independently-verified","no-explicit-HOLD","技術・法令・規格・原題の独立監査を別途"
"R06-G-Q14-C4","R06-G-Q14","4","DX-G06-007","DX-G04-014","DX-G04-014","4.5.2","semantic-reviewed-provisional","subject-aligned","疎水性物質の生物濃縮・食物連鎖移行。","個別理由で扱う「疎水性物質の生物濃縮・食物連鎖移行。」は知識「生物蓄積・生物濃縮」の説明範囲に関連する。問題全体の旧タグではなく選択肢別の主論点に基づき選定した。","needs-history-inventory","not-independently-verified","no-explicit-HOLD","技術・法令・規格・原題の独立監査を別途"
"R06-G-Q14-C5","R06-G-Q14","5","DX-G06-007","DX-G06-007","DX-G06-007","6.3.1","semantic-reviewed-provisional","subject-aligned","人の主な曝露が食品であることを問う。","個別理由で扱う「人の主な曝露が食品であることを問う。」は知識「食品由来の主な曝露」の説明範囲に関連する。問題全体の旧タグではなく選択肢別の主論点に基づき選定した。","needs-history-inventory","not-independently-verified","no-explicit-HOLD","技術・法令・規格・原題の独立監査を別途"
"R06-G-Q15-C5","R06-G-Q15","5","DX-G01-007","DX-A05-020","DX-A05-020","12.7.2","semantic-reviewed-provisional","subject-aligned","工場排水等のJIS K0312の測定法を問う。","個別理由で扱う「工場排水等のJIS K0312の測定法を問う。」は知識「JIS K 0312:2020」の説明範囲に関連する。問題全体の旧タグではなく選択肢別の主論点に基づき選定した。","primary-environment-notice-check","not-independently-verified","no-explicit-HOLD","技術・法令・規格・原題の独立監査を別途"
"R06-A-Q12-C4","R06-A-Q12","4","DX-A02-016","DX-A02-016","DX-A02-016","9.2.3","semantic-reviewed-provisional","subject-aligned","通常のWaelz法では揮発した亜鉛を再酸化して粗酸化亜鉛として捕集する。『不活性雰囲気中で急冷』を標準の工程とする下線④は誤り。","個別理由で扱う「通常のWaelz法では揮発した亜鉛を再酸化して粗酸化亜鉛として捕集する。『不活性雰囲気中で急冷』を標準の工程とする下線④は誤」は知識「製鋼用電気炉の集じんダストからの亜鉛回収（令別表第一第3号）」の説明範囲に関連する。問題全体の旧タグではなく選択肢別の主論点に基づき選定した。","R06-reprinted-PDF-visual-reviewed;JEMAI-original-identity-not-confirmed;primary-technical-JIS-audit-pending","not-independently-verified","HOLD","技術・法令・規格・原題の独立監査を別途"
"R06-A-Q13-C1","R06-A-Q13","1","DX-A03-005","DX-A03-003","DX-A03-003","10.1.3","semantic-reviewed-provisional","subject-aligned","疎水性から懸濁態が多く、溶存態もある。","個別理由で扱う「疎水性から懸濁態が多く、溶存態もある。」は知識「粒子・有機物への吸着」の説明範囲に関連する。問題全体の旧タグではなく選択肢別の主論点に基づき選定した。","draft","not-independently-verified","no-explicit-HOLD","技術・法令・規格・原題の独立監査を別途"
"R06-A-Q13-C3","R06-A-Q13","3","DX-A03-005","DX-A03-006","DX-A03-006","10.2.3","semantic-reviewed-provisional","subject-aligned","オゾン併用の促進酸化で溶存態の分解を狙う。","個別理由で扱う「オゾン併用の促進酸化で溶存態の分解を狙う。」は知識「吸着・活性炭」の説明範囲に関連する。問題全体の旧タグではなく選択肢別の主論点に基づき選定した。","draft","not-independently-verified","no-explicit-HOLD","技術・法令・規格・原題の独立監査を別途"
"R06-A-Q13-C5","R06-A-Q13","5","DX-A03-003","DX-A03-006","DX-A03-006","10.2.3","semantic-reviewed-provisional","subject-aligned","活性炭・ゼオライトの吸着による溶存態除去。","個別理由で扱う「活性炭・ゼオライトの吸着による溶存態除去。」は知識「吸着・活性炭」の説明範囲に関連する。問題全体の旧タグではなく選択肢別の主論点に基づき選定した。","draft","not-independently-verified","no-explicit-HOLD","技術・法令・規格・原題の独立監査を別途"
"R06-A-Q15-C1","R06-A-Q15","1","DX-A04-017","DX-A04-017","DX-A04-017","11.2.3","semantic-reviewed-provisional","subject-aligned","直接塩素化と酸化的塩素化の反応物、温度帯、塩化銅触媒がそろう。","個別理由で扱う「直接塩素化と酸化的塩素化の反応物、温度帯、塩化銅触媒がそろう。」は知識「塩化ビニルモノマー製造の二塩化エチレン洗浄（令別表第二第6号）」の説明範囲に関連する。問題全体の旧タグではなく選択肢別の主論点に基づき選定した。","draft","not-independently-verified","no-explicit-HOLD","技術・法令・規格・原題の独立監査を別途"
"R06-A-Q15-C2","R06-A-Q15","2","DX-A04-017","DX-A04-017","DX-A04-017","11.2.3","semantic-reviewed-provisional","subject-aligned","直接塩素化・酸化的塩素化の塩素源を逆にしている。","個別理由で扱う「直接塩素化・酸化的塩素化の塩素源を逆にしている。」は知識「塩化ビニルモノマー製造の二塩化エチレン洗浄（令別表第二第6号）」の説明範囲に関連する。問題全体の旧タグではなく選択肢別の主論点に基づき選定した。","draft","not-independently-verified","no-explicit-HOLD","技術・法令・規格・原題の独立監査を別途"
"R06-A-Q15-C4","R06-A-Q15","4","DX-A04-017","DX-A04-017","DX-A04-017","11.2.3","semantic-reviewed-provisional","subject-aligned","塩素源・温度・触媒の組合せが違う。","個別理由で扱う「塩素源・温度・触媒の組合せが違う。」は知識「塩化ビニルモノマー製造の二塩化エチレン洗浄（令別表第二第6号）」の説明範囲に関連する。問題全体の旧タグではなく選択肢別の主論点に基づき選定した。","draft","not-independently-verified","no-explicit-HOLD","技術・法令・規格・原題の独立監査を別途"
"R06-A-Q18-C4","R06-A-Q18","4","DX-A05-008","DX-A05-008","DX-A05-008","12.3.2","semantic-reviewed-provisional","subject-aligned","活性炭カラムは平面分子と他の分子の分離に利用。","個別理由で扱う「活性炭カラムは平面分子と他の分子の分離に利用。」は知識「精製・クリーンアップ」の説明範囲に関連する。問題全体の旧タグではなく選択肢別の主論点に基づき選定した。","needs-JIS-text","not-independently-verified","no-explicit-HOLD","技術・法令・規格・原題の独立監査を別途"
"R07-G-Q01-C1","R07-G-Q01","1","DX-G01-010","DX-A05-007","DX-A05-007","12.3.1","semantic-reviewed-provisional","subject-aligned","ソックスレー抽出は土壌試料の抽出法として位置付けられる。","個別理由で扱う「ソックスレー抽出は土壌試料の抽出法として位置付けられる。」は知識「試料の前処理と抽出」の説明範囲に関連する。問題全体の旧タグではなく選択肢別の主論点に基づき選定した。","underline-check","not-independently-verified","no-explicit-HOLD","技術・法令・規格・原題の独立監査を別途"
"R07-G-Q01-C2","R07-G-Q01","2","DX-G01-010","DX-A05-011","DX-A05-011","12.4.2","semantic-reviewed-provisional","subject-aligned","高分解能という性能条件は質量分析装置と組み合わせて理解する。","個別理由で扱う「高分解能という性能条件は質量分析装置と組み合わせて理解する。」は知識「HRGC/HRMS」の説明範囲に関連する。問題全体の旧タグではなく選択肢別の主論点に基づき選定した。","underline-check","not-independently-verified","no-explicit-HOLD","技術・法令・規格・原題の独立監査を別途"
"R07-G-Q01-C3","R07-G-Q01","3","DX-G01-010","DX-A05-011","DX-A05-011","12.4.2","precision-gap-review-required","knowledge-granularity-gap","透過電子顕微鏡とする箇所が不適切。測定装置の原理は質量分析である。","個別理由で扱う「透過電子顕微鏡とする箇所が不適切。測定装置の原理は質量分析である。」は知識「HRGC/HRMS」の説明範囲に関連する。ただし指定した既存IDだけでは必要な詳細を十分に表現しない。","underline-check","not-independently-verified","no-explicit-HOLD","土壌に適用する分析法と装置名の誤答理由は規格出典の確認が必要"
"R07-G-Q02-C2","R07-G-Q02","2","DX-G01-002","DX-G01-004","DX-G01-004","1.2.1","semantic-reviewed-provisional","subject-aligned","製鋼用電気炉は合うが中間処理施設・環境省令の指定が合わない。","個別理由で扱う「製鋼用電気炉は合うが中間処理施設・環境省令の指定が合わない。」は知識「法のダイオキシン類の定義」の説明範囲に関連する。問題全体の旧タグではなく選択肢別の主論点に基づき選定した。","draft","not-independently-verified","no-explicit-HOLD","技術・法令・規格・原題の独立監査を別途"
"R07-G-Q02-C3","R07-G-Q02","3","DX-G01-002","DX-G01-002","DX-G01-002","1.1.2","semantic-reviewed-provisional","subject-aligned","製鉄用電気炉および環境省令指定が法の例示と異なる。","個別理由で扱う「製鉄用電気炉および環境省令指定が法の例示と異なる。」は知識「法律・政令・省令・告示」の説明範囲に関連する。問題全体の旧タグではなく選択肢別の主論点に基づき選定した。","draft","not-independently-verified","no-explicit-HOLD","技術・法令・規格・原題の独立監査を別途"
"R07-G-Q02-C4","R07-G-Q02","4","DX-G01-002","DX-G01-004","DX-G01-004","1.2.1","semantic-reviewed-provisional","subject-aligned","製鋼用電気炉、廃棄物焼却炉、政令指定という3点がそろう。","個別理由で扱う「製鋼用電気炉、廃棄物焼却炉、政令指定という3点がそろう。」は知識「法のダイオキシン類の定義」の説明範囲に関連する。問題全体の旧タグではなく選択肢別の主論点に基づき選定した。","draft","not-independently-verified","no-explicit-HOLD","技術・法令・規格・原題の独立監査を別途"
"R07-G-Q04-C1","R07-G-Q04","1","DX-G01-012","DX-A04-015","DX-A04-015","11.2.4","semantic-reviewed-provisional","subject-aligned","アルミナ繊維製造の廃ガス洗浄施設は水質の指定対象。","個別理由で扱う「アルミナ繊維製造の廃ガス洗浄施設は水質の指定対象。」は知識「アルミナ繊維製造の排ガス処理（令別表第二第4号）」の説明範囲に関連する。問題全体の旧タグではなく選択肢別の主論点に基づき選定した。","draft","not-independently-verified","no-explicit-HOLD","技術・法令・規格・原題の独立監査を別途"
"R07-G-Q04-C2","R07-G-Q04","2","DX-G01-012","DX-A04-012","DX-A04-012","11.2.1","semantic-reviewed-provisional","subject-aligned","過酸化水素漂白そのものは指定の塩素系漂白施設に当たらない。","個別理由で扱う「過酸化水素漂白そのものは指定の塩素系漂白施設に当たらない。」は知識「クラフトパルプまたはサルファイトパルプの塩素系漂白（令別表第二第1号）」の説明範囲に関連する。問題全体の旧タグではなく選択肢別の主論点に基づき選定した。","draft","not-independently-verified","no-explicit-HOLD","技術・法令・規格・原題の独立監査を別途"
"R07-G-Q04-C3","R07-G-Q04","3","DX-G01-012","DX-A04-019","DX-A04-019","11.2.3","semantic-reviewed-provisional","subject-aligned","クロロベンゼン類製造の水洗設備は水質指定対象。","個別理由で扱う「クロロベンゼン類製造の水洗設備は水質指定対象。」は知識「クロロベンゼンまたはジクロロベンゼン製造（令別表第二第8号）」の説明範囲に関連する。問題全体の旧タグではなく選択肢別の主論点に基づき選定した。","draft","not-independently-verified","no-explicit-HOLD","技術・法令・規格・原題の独立監査を別途"
"R07-G-Q04-C4","R07-G-Q04","4","DX-G01-012","DX-A02-014","DX-A02-014","9.2.1","semantic-reviewed-provisional","subject-aligned","銑鉄向け焼結鉱の所定処理能力の焼結炉は大気指定対象。","個別理由で扱う「銑鉄向け焼結鉱の所定処理能力の焼結炉は大気指定対象。」は知識「銑鉄製造用の焼結鉱をつくる焼結炉（令別表第一第1号）」の説明範囲に関連する。問題全体の旧タグではなく選択肢別の主論点に基づき選定した。","draft","not-independently-verified","no-explicit-HOLD","技術・法令・規格・原題の独立監査を別途"
"R07-G-Q04-C5","R07-G-Q04","5","DX-G01-012","DX-A02-017","DX-A02-017","9.3.1","semantic-reviewed-provisional","subject-aligned","アルミくず原料の合金製造用乾燥炉は規模条件を満たせば大気対象。","個別理由で扱う「アルミくず原料の合金製造用乾燥炉は規模条件を満たせば大気対象。」は知識「アルミニウムくずを原料とするアルミ合金製造（令別表第一第4号）」の説明範囲に関連する。問題全体の旧タグではなく選択肢別の主論点に基づき選定した。","draft","not-independently-verified","no-explicit-HOLD","技術・法令・規格・原題の独立監査を別途"
"R07-G-Q07-C1","R07-G-Q07","1","DX-G03-002","DX-G03-002","DX-G03-002","3.1.2","semantic-reviewed-provisional","subject-aligned","対象年の総量105～107、水0.8、焼却施設の大気・水別寄与の組合せが一致。","個別理由で扱う「対象年の総量105～107、水0.8、焼却施設の大気・水別寄与の組合せが一致。」は知識「排出インベントリーの構成」の説明範囲に関連する。問題全体の旧タグではなく選択肢別の主論点に基づき選定した。","needs-2022-statistics","not-independently-verified","no-explicit-HOLD","技術・法令・規格・原題の独立監査を別途"
"R07-G-Q07-C2","R07-G-Q07","2","DX-G03-002","DX-G03-002","DX-G03-002","3.1.2","semantic-reviewed-provisional","subject-aligned","総量と水は合うが大気・水それぞれの施設寄与を取り違えている。","個別理由で扱う「総量と水は合うが大気・水それぞれの施設寄与を取り違えている。」は知識「排出インベントリーの構成」の説明範囲に関連する。問題全体の旧タグではなく選択肢別の主論点に基づき選定した。","needs-2022-statistics","not-independently-verified","no-explicit-HOLD","技術・法令・規格・原題の独立監査を別途"
"R07-G-Q07-C3","R07-G-Q07","3","DX-G03-002","DX-G03-002","DX-G03-002","3.1.2","semantic-reviewed-provisional","subject-aligned","2022年総量を159～161とする値が公式インベントリーと違う。","個別理由で扱う「2022年総量を159～161とする値が公式インベントリーと違う。」は知識「排出インベントリーの構成」の説明範囲に関連する。問題全体の旧タグではなく選択肢別の主論点に基づき選定した。","needs-2022-statistics","not-independently-verified","no-explicit-HOLD","技術・法令・規格・原題の独立監査を別途"
"R07-G-Q07-C4","R07-G-Q07","4","DX-G03-002","DX-G03-002","DX-G03-002","3.1.2","semantic-reviewed-provisional","subject-aligned","2022年の総量159～161と水2.1という値が違う。","個別理由で扱う「2022年の総量159～161と水2.1という値が違う。」は知識「排出インベントリーの構成」の説明範囲に関連する。問題全体の旧タグではなく選択肢別の主論点に基づき選定した。","needs-2022-statistics","not-independently-verified","no-explicit-HOLD","技術・法令・規格・原題の独立監査を別途"
"R07-G-Q07-C5","R07-G-Q07","5","DX-G03-002","DX-G03-002","DX-G03-002","3.1.2","semantic-reviewed-provisional","subject-aligned","2022年の総量373～401、水2.1はいずれも対象年の推計に合わない。","個別理由で扱う「2022年の総量373～401、水2.1はいずれも対象年の推計に合わない。」は知識「排出インベントリーの構成」の説明範囲に関連する。問題全体の旧タグではなく選択肢別の主論点に基づき選定した。","needs-2022-statistics","not-independently-verified","no-explicit-HOLD","技術・法令・規格・原題の独立監査を別途"
"R07-G-Q13-C3","R07-G-Q13","3","DX-G05-002","DX-G05-002","DX-G05-002","5.1.2","semantic-reviewed-provisional","subject-aligned","塩素によるパルプ漂白時の生成可能性を扱う。","個別理由で扱う「塩素によるパルプ漂白時の生成可能性を扱う。」は知識「工業プロセスと不純物」の説明範囲に関連する。問題全体の旧タグではなく選択肢別の主論点に基づき選定した。","draft","not-independently-verified","no-explicit-HOLD","技術・法令・規格・原題の独立監査を別途"
"R07-G-Q13-C4","R07-G-Q13","4","DX-G05-002","DX-A04-013","DX-A04-013","11.2.2","semantic-reviewed-provisional","subject-aligned","カーバイド法アセチレン製造の洗浄工程と生成を関連づける。","個別理由で扱う「カーバイド法アセチレン製造の洗浄工程と生成を関連づける。」は知識「カーバイド法アセチレン製造に伴う洗浄（令別表第二第2号）」の説明範囲に関連する。問題全体の旧タグではなく選択肢別の主論点に基づき選定した。","draft","not-independently-verified","no-explicit-HOLD","技術・法令・規格・原題の独立監査を別途"
"R07-G-Q15-C1","R07-G-Q15","1","DX-G03-009","DX-G03-009","DX-G03-009","3.4.1","semantic-reviewed-provisional","subject-aligned","2022年度大気では環境基準を超える評価地点は0。","個別理由で扱う「2022年度大気では環境基準を超える評価地点は0。」は知識「媒体別の環境モニタリング」の説明範囲に関連する。問題全体の旧タグではなく選択肢別の主論点に基づき選定した。","needs-2022-statistics","not-independently-verified","no-explicit-HOLD","技術・法令・規格・原題の独立監査を別途"
"R07-G-Q15-C2","R07-G-Q15","2","DX-G03-009","DX-G03-010","DX-G03-010","3.4.2","semantic-reviewed-provisional","subject-aligned","2022年度公共用水域水質では28地点で基準超過。","個別理由で扱う「2022年度公共用水域水質では28地点で基準超過。」は知識「環境基準超過の読み方」の説明範囲に関連する。問題全体の旧タグではなく選択肢別の主論点に基づき選定した。","needs-2022-statistics","not-independently-verified","no-explicit-HOLD","技術・法令・規格・原題の独立監査を別途"
"R07-G-Q15-C3","R07-G-Q15","3","DX-G03-009","DX-G03-010","DX-G03-010","3.4.2","semantic-reviewed-provisional","subject-aligned","2022年度底質では3地点で基準超過。","個別理由で扱う「2022年度底質では3地点で基準超過。」は知識「環境基準超過の読み方」の説明範囲に関連する。問題全体の旧タグではなく選択肢別の主論点に基づき選定した。","needs-2022-statistics","not-independently-verified","no-explicit-HOLD","技術・法令・規格・原題の独立監査を別途"
"R07-G-Q15-C4","R07-G-Q15","4","DX-G03-009","DX-G03-009","DX-G03-009","3.4.1","semantic-reviewed-provisional","subject-aligned","2022年度の地下水概況調査は459地点で基準超過0。","個別理由で扱う「2022年度の地下水概況調査は459地点で基準超過0。」は知識「媒体別の環境モニタリング」の説明範囲に関連する。問題全体の旧タグではなく選択肢別の主論点に基づき選定した。","needs-2022-statistics","not-independently-verified","no-explicit-HOLD","技術・法令・規格・原題の独立監査を別途"
"R07-G-Q15-C5","R07-G-Q15","5","DX-G03-009","DX-G03-010","DX-G03-010","3.4.2","semantic-reviewed-provisional","subject-aligned","2022年度土壌697地点で基準超過0。超過地点があったという説明が誤り。","個別理由で扱う「2022年度土壌697地点で基準超過0。超過地点があったという説明が誤り。」は知識「環境基準超過の読み方」の説明範囲に関連する。問題全体の旧タグではなく選択肢別の主論点に基づき選定した。","needs-2022-statistics","not-independently-verified","no-explicit-HOLD","技術・法令・規格・原題の独立監査を別途"
"R07-A-Q04-C1","R07-A-Q04","1","DX-A01-006","DX-A01-005","DX-A01-005","8.2.2","semantic-reviewed-provisional","subject-aligned","集じん温度の低下が除去・再生成抑制に寄与。","個別理由で扱う「集じん温度の低下が除去・再生成抑制に寄与。」は知識「集じん温度とde novo反応」の説明範囲に関連する。問題全体の旧タグではなく選択肢別の主論点に基づき選定した。","draft","not-independently-verified","no-explicit-HOLD","技術・法令・規格・原題の独立監査を別途"
"R07-A-Q04-C3","R07-A-Q04","3","DX-A01-006","DX-A01-006","DX-A01-006","8.3.1","semantic-reviewed-provisional","subject-aligned","吸着材専用の後段集じん方式もありうる。","個別理由で扱う「吸着材専用の後段集じん方式もありうる。」は知識「バグフィルターと粒子除去」の説明範囲に関連する。問題全体の旧タグではなく選択肢別の主論点に基づき選定した。","draft","not-independently-verified","no-explicit-HOLD","技術・法令・規格・原題の独立監査を別途"
"R07-A-Q04-C4","R07-A-Q04","4","DX-A01-006","DX-A01-008","DX-A01-008","8.4.2","semantic-reviewed-provisional","subject-aligned","集じん後の触媒運転と析出対策。","個別理由で扱う「集じん後の触媒運転と析出対策。」は知識「触媒分解」の説明範囲に関連する。問題全体の旧タグではなく選択肢別の主論点に基づき選定した。","draft","not-independently-verified","no-explicit-HOLD","技術・法令・規格・原題の独立監査を別途"
"R07-A-Q04-C5","R07-A-Q04","5","DX-A01-006","DX-A01-008","DX-A01-008","8.4.2","semantic-reviewed-provisional","subject-aligned","粒子内部の成分が触媒表面まで届かない可能性を無視している。","個別理由で扱う「粒子内部の成分が触媒表面まで届かない可能性を無視している。」は知識「触媒分解」の説明範囲に関連する。問題全体の旧タグではなく選択肢別の主論点に基づき選定した。","draft","not-independently-verified","no-explicit-HOLD","技術・法令・規格・原題の独立監査を別途"
"R07-A-Q08-C3","R07-A-Q08","3","DX-A02-002","DX-A01-006","DX-A01-006","8.3.1","semantic-reviewed-provisional","subject-aligned","電炉の集じんを湿式電気集じんが一般的とする説明は不適切。","個別理由で扱う「電炉の集じんを湿式電気集じんが一般的とする説明は不適切。」は知識「バグフィルターと粒子除去」の説明範囲に関連する。問題全体の旧タグではなく選択肢別の主論点に基づき選定した。","draft","not-independently-verified","no-explicit-HOLD","技術・法令・規格・原題の独立監査を別途"
"R07-A-Q09-C2","R07-A-Q09","2","DX-A02-016","DX-G05-008","DX-G05-008","5.3.3","semantic-reviewed-provisional","subject-aligned","原料中の塩素が排ガス冷却工程などで再生成を起こし得る。","個別理由で扱う「原料中の塩素が排ガス冷却工程などで再生成を起こし得る。」は知識「塩素と金属触媒」の説明範囲に関連する。問題全体の旧タグではなく選択肢別の主論点に基づき選定した。","needs-process-source","not-independently-verified","no-explicit-HOLD","技術・法令・規格・原題の独立監査を別途"
"R07-A-Q14-C5","R07-A-Q14","5","DX-A04-020","DX-A04-002","DX-A04-002","11.2.4","semantic-reviewed-provisional","subject-aligned","工程排水のTEQ構成をPCDDが非常に高いとした部分が誤り。実測資料でPCDF等の構成を追認する。","個別理由で扱う「工程排水のTEQ構成をPCDDが非常に高いとした部分が誤り。実測資料でPCDF等の構成を追認する。」は知識「化学製造・洗浄」の説明範囲に関連する。問題全体の旧タグではなく選択肢別の主論点に基づき選定した。","needs-process-source","not-independently-verified","no-explicit-HOLD","技術・法令・規格・原題の独立監査を別途"
"R07-A-Q24-C4","R07-A-Q24","4","DX-A05-015","DX-A05-019","DX-A05-019","12.7.1","semantic-reviewed-provisional","subject-aligned","特段の指定がなければ2006年版TEFを用いるとするJISの前提。","個別理由で扱う「特段の指定がなければ2006年版TEFを用いるとするJISの前提。」は知識「JIS K 0311:2020」の説明範囲に関連する。問題全体の旧タグではなく選択肢別の主論点に基づき選定した。","needs-JIS-text","not-independently-verified","no-explicit-HOLD","技術・法令・規格・原題の独立監査を別途"
