choice_id,question_id,primary_knowledge_id,semantic_mapping_status,external_evidence_scope,exam_original_verification_scope,source_ids,remaining_evidence_check,hold_in_existing_queue,publication_approval,editorial_note
"R03-G-Q04-C1","R03-G-Q04","DX-G01-013","classified-reviewed-original-evidence-independent","2021-04-01-effective-ministerial-emission-table-independently-supported","2021-public-reprint-exam-text-not-verified-identical-to-JEMAI","QA34-LAW-R03 QA34-R03-REPRINT","JEMAI公式原題ファイルとの紙面同一性と、法令適用時点の監修ログを最終確認","not-in-175-HOLD-queue","not-authorized","第34パス：焼結炉（大気1号）の新設値は0.1 ng-TEQ/m3N。独立の公的根拠は当該値・TEF表の範囲のみ。公式試験PDF同一性・公開編集QAは未承認。"
"R03-G-Q04-C2","R03-G-Q04","DX-G01-013","classified-reviewed-original-evidence-independent","2021-04-01-effective-ministerial-emission-table-independently-supported","2021-public-reprint-exam-text-not-verified-identical-to-JEMAI","QA34-LAW-R03 QA34-R03-REPRINT","JEMAI公式原題ファイルとの紙面同一性と、法令適用時点の監修ログを最終確認","not-in-175-HOLD-queue","not-authorized","第34パス：製鋼用電気炉（2号）の新設値は0.5 ng-TEQ/m3N。独立の公的根拠は当該値・TEF表の範囲のみ。公式試験PDF同一性・公開編集QAは未承認。"
"R03-G-Q04-C3","R03-G-Q04","DX-G01-013","classified-reviewed-original-evidence-independent","2021-04-01-effective-ministerial-emission-table-independently-supported","2021-public-reprint-exam-text-not-verified-identical-to-JEMAI","QA34-LAW-R03 QA34-R03-REPRINT","JEMAI公式原題ファイルとの紙面同一性と、法令適用時点の監修ログを最終確認","not-in-175-HOLD-queue","not-authorized","第34パス：電気炉集じんダスト由来の亜鉛回収炉（3号）の新設値は1 ng-TEQ/m3N。独立の公的根拠は当該値・TEF表の範囲のみ。公式試験PDF同一性・公開編集QAは未承認。"
"R03-G-Q04-C4","R03-G-Q04","DX-G01-013","classified-reviewed-original-evidence-independent","2021-04-01-effective-ministerial-emission-table-independently-supported","2021-public-reprint-exam-text-not-verified-identical-to-JEMAI","QA34-LAW-R03 QA34-R03-REPRINT","JEMAI公式原題ファイルとの紙面同一性と、法令適用時点の監修ログを最終確認","not-in-175-HOLD-queue","not-authorized","第34パス：アルミニウム合金製造用乾燥炉（4号）の新設値は1 ng-TEQ/m3N。独立の公的根拠は当該値・TEF表の範囲のみ。公式試験PDF同一性・公開編集QAは未承認。"
"R03-G-Q04-C5","R03-G-Q04","DX-G01-013","classified-reviewed-original-evidence-independent","2021-04-01-effective-ministerial-emission-table-independently-supported","2021-public-reprint-exam-text-not-verified-identical-to-JEMAI","QA34-LAW-R03 QA34-R03-REPRINT","JEMAI公式原題ファイルとの紙面同一性と、法令適用時点の監修ログを最終確認","not-in-175-HOLD-queue","not-authorized","第34パス：同溶解炉（4号）の新設値は1 ng-TEQ/m3Nなので、設問に示された0.5は不一致。独立の公的根拠は当該値・TEF表の範囲のみ。公式試験PDF同一性・公開編集QAは未承認。"
"R03-G-Q05-C1","R03-G-Q05","DX-G01-011","classified-reviewed-original-evidence-independent","orglaw-facility-decree-2021-verified","2021-public-reprint-text-read-not-JEMAI-original-identical","V29-01 QA35-DXDEC-2021 QA34-R03-REPRINT","JEMAI公式配布PDFと公開複製の同一性を照合","not-in-175-HOLD-queue","not-authorized","第35パス：大気第1号：焼結炉の原料処理能力1 t/h以上。公害防止組織法の対象に含まれる。。確認したのは出典の記述・数値の範囲。独立監修・JEMAI原本一致・掲載認可は別ゲート。"
"R03-G-Q05-C2","R03-G-Q05","DX-G01-011","classified-reviewed-original-evidence-independent","orglaw-facility-decree-2021-verified","2021-public-reprint-text-read-not-JEMAI-original-identical","V29-01 QA35-DXDEC-2021 QA34-R03-REPRINT","JEMAI公式配布PDFと公開複製の同一性を照合","not-in-175-HOLD-queue","not-authorized","第35パス：大気第2号：製鋼用電気炉で変圧器定格容量1000 kVA以上。組織法の対象に含まれる。。確認したのは出典の記述・数値の範囲。独立監修・JEMAI原本一致・掲載認可は別ゲート。"
"R03-G-Q05-C3","R03-G-Q05","DX-A04-014","classified-reviewed-original-evidence-independent","orglaw-facility-decree-2021-verified","2021-public-reprint-text-read-not-JEMAI-original-identical","V29-01 QA35-DXDEC-2021 QA34-R03-REPRINT","JEMAI公式配布PDFと公開複製の同一性を照合","not-in-175-HOLD-queue","not-authorized","第35パス：水質第3号：硫酸カリウム製造の廃ガス洗浄施設。組織法の対象に含まれる。。確認したのは出典の記述・数値の範囲。独立監修・JEMAI原本一致・掲載認可は別ゲート。"
"R03-G-Q05-C4","R03-G-Q05","DX-A04-013","classified-reviewed-original-evidence-independent","orglaw-facility-decree-2021-verified","2021-public-reprint-text-read-not-JEMAI-original-identical","V29-01 QA35-DXDEC-2021 QA34-R03-REPRINT","JEMAI公式配布PDFと公開複製の同一性を照合","not-in-175-HOLD-queue","not-authorized","第35パス：水質第2号：カーバイド法アセチレン製造のアセチレン洗浄施設。組織法の対象に含まれる。。確認したのは出典の記述・数値の範囲。独立監修・JEMAI原本一致・掲載認可は別ゲート。"
"R03-G-Q05-C5","R03-G-Q05","DX-G01-022","classified-reviewed-original-evidence-independent","primary-dated-law-verified","2021-public-reprint-text-read-not-JEMAI-original-identical","V29-01 QA35-DXDEC-2021 QA34-R03-REPRINT","JEMAI公式配布PDFと公開複製の同一性を照合","not-in-175-HOLD-queue","not-authorized","第35パス：水質第17号のフロン類破壊プラズマ施設は組織法施行令5条の3の水質1～14号範囲外（第29パスを再確認）。。確認したのは出典の記述・数値の範囲。独立監修・JEMAI原本一致・掲載認可は別ゲート。"
"R03-G-Q06-C1","R03-G-Q06","DX-G01-004","classified-reviewed-original-evidence-independent","not-independently-verified","structure-supported","","技術・法令・規格・原題の独立監査を別途","not-in-175-HOLD-queue","not-authorized","意味的分類と主張・原題の根拠監査を区別。非HOLDは最終承認の意味ではない。"
"R03-G-Q06-C4","R03-G-Q06","DX-G04-003","classified-reviewed-original-evidence-independent","not-independently-verified","structure-supported","","技術・法令・規格・原題の独立監査を別途","not-in-175-HOLD-queue","not-authorized","意味的分類と主張・原題の根拠監査を区別。非HOLDは最終承認の意味ではない。"
"R03-G-Q06-C5","R03-G-Q06","DX-G04-006","classified-reviewed-original-evidence-independent","not-independently-verified","structure-supported","","技術・法令・規格・原題の独立監査を別途","not-in-175-HOLD-queue","not-authorized","意味的分類と主張・原題の根拠監査を区別。非HOLDは最終承認の意味ではない。"
"R03-G-Q07-C1","R03-G-Q07","DX-G03-011","classified-reviewed-original-evidence-independent","historical-2001-2002-MOE-counts-verified","2021-public-reprint-text-read-not-JEMAI-original-identical","QA35-FAC-2001 QA35-FAC-2002 QA34-R03-REPRINT","2003年度以降の『漸減傾向』については年度別長期系列を別途確認","not-in-175-HOLD-queue","not-authorized","第35パス：大気施設18,315→13,685、減少率約25.3%。両年とも他法適用施設を含む施設数で比較。。確認したのは出典の記述・数値の範囲。独立監修・JEMAI原本一致・掲載認可は別ゲート。"
"R03-G-Q07-C2","R03-G-Q07","DX-G03-005","classified-reviewed-original-evidence-independent","historical-2001-whitepaper-category-order-verified","2021-public-reprint-text-read-not-JEMAI-original-identical","QA35-FAC-WP QA35-FAC-2001 QA34-R03-REPRINT","他の年度に一般化しない。JEMAI元ファイル同一性を別途確認","not-in-175-HOLD-queue","not-authorized","第35パス：2001年度末の上位：焼却17,357、アルミ合金786、製鋼電気炉123。順序を確認。。確認したのは出典の記述・数値の範囲。独立監修・JEMAI原本一致・掲載認可は別ゲート。"
"R03-G-Q07-C3","R03-G-Q07","DX-G03-014","classified-reviewed-original-evidence-independent","historical-2001-whitepaper-top3-99.7pct-verified","2021-public-reprint-text-read-not-JEMAI-original-identical","QA35-FAC-WP QA35-FAC-2001 QA34-R03-REPRINT","公式原題同一性・分母の対象施設と事業場を区別して最終確認","not-in-175-HOLD-queue","not-authorized","第35パス：上位3施設18,266/18,315 = 99.73%。原題の約80%は誤り。。確認したのは出典の記述・数値の範囲。独立監修・JEMAI原本一致・掲載認可は別ゲート。"
"R03-G-Q07-C4","R03-G-Q07","DX-G03-006","classified-reviewed-original-evidence-independent","historical-water-facility-group-supported-detailed-order-pending","2021-public-reprint-text-read-not-JEMAI-original-identical","QA35-FAC-WP QA35-FAC-2001 QA34-R03-REPRINT","2001年度報告書の水質施設種類別表から①廃ガス洗浄/湿式集じんと②灰貯留の個別件数順位を確認","not-in-175-HOLD-queue","not-authorized","第35パス：水質4,253のうち廃ガス洗浄・湿式集じん・灰貯留の焼却関連施設が3,635という統合数を白書で確認。2分類間の件数順位は未確認。。確認したのは出典の記述・数値の範囲。独立監修・JEMAI原本一致・掲載認可は別ゲート。"
"R03-G-Q07-C5","R03-G-Q07","DX-G03-008","classified-reviewed-original-evidence-independent","historical-2001-water-top-groups-85.5pct-supported","2021-public-reprint-text-read-not-JEMAI-original-identical","QA35-FAC-WP QA35-FAC-2001 QA34-R03-REPRINT","2001年度の個別分類表とJEMAI公式問題の同一性を最終確認","not-in-175-HOLD-queue","not-authorized","第35パス：焼却関連の主2分類合計3,635/4,253=85.47%で70%以上。個別カテゴリ数は要別表確認。。確認したのは出典の記述・数値の範囲。独立監修・JEMAI原本一致・掲載認可は別ゲート。"
"R03-G-Q08-C1","R03-G-Q08","DX-G03-004","classified-reviewed-original-evidence-independent","inventory-2018-waste-air-components-verified","2021-public-reprint-text-read-not-JEMAI-original-identical","QA35-INVENTORY-2018 QA35-INVENTORY-PRESS QA34-R03-REPRINT","空気排出のみを合算し水を重複加算しないことを公開用解説に明記","not-in-175-HOLD-queue","not-authorized","第35パス：一廃20＋産廃18＋規制小型9.6＋規制対象外小型8.5=56.1 g-TEQ/年（約56）。2018年インベントリー原表。。確認したのは出典の記述・数値の範囲。独立監修・JEMAI原本一致・掲載認可は別ゲート。"
"R03-G-Q08-C2","R03-G-Q08","DX-G03-005","classified-reviewed-original-evidence-independent","inventory-2018-industrial-share-48pct-numeric-discrepancy-open","2021-public-reprint-text-read-not-JEMAI-original-identical","QA35-INVENTORY-2018 QA35-INVENTORY-PRESS QA34-R03-REPRINT","『産業系排出施設』の対象範囲・定義と2018年公表当時の別表分母を照合。正答欄を勝手に変更しない","not-in-175-HOLD-queue","not-authorized","第35パス：原表の産業分野約59 g-TEQと総量117～119から単純計算すると49.6～50.4%。大気のみの分母なら約50～51%。試験表現『約48%』との差を解消できていない。。確認したのは出典の記述・数値の範囲。独立監修・JEMAI原本一致・掲載認可は別ゲート。"
"R03-G-Q08-C3","R03-G-Q08","DX-G03-005","classified-reviewed-original-evidence-independent","inventory-2018-industrial-largest-electric-furnace-verified","2021-public-reprint-text-read-not-JEMAI-original-identical","QA35-INVENTORY-2018 QA34-R03-REPRINT","計上対象・媒体の一致を最終公開QA時に確認","not-in-175-HOLD-queue","not-authorized","第35パス：2018年製鋼用電気炉28.7 g-TEQ/年、焼結11.5等を上回り産業分野最大。。確認したのは出典の記述・数値の範囲。独立監修・JEMAI原本一致・掲載認可は別ゲート。"
"R03-G-Q08-C4","R03-G-Q08","DX-G03-004","classified-reviewed-original-evidence-independent","inventory-2018-general-waste-v-electric-furnace-verified","2021-public-reprint-text-read-not-JEMAI-original-identical","QA35-INVENTORY-2018 QA34-R03-REPRINT","2018年値限定と注記し現行年の一般論にしない","not-in-175-HOLD-queue","not-authorized","第35パス：一般廃棄物焼却20 g-TEQ/年＜製鋼用電気炉28.7 g-TEQ/年。公式正答④を裏付け。。確認したのは出典の記述・数値の範囲。独立監修・JEMAI原本一致・掲載認可は別ゲート。"
"R03-G-Q11-C1","R03-G-Q11","DX-G04-007","classified-reviewed-original-evidence-independent","WHO-TEF2006-official-MOE-table-independent-support","2021-public-reprint-exam-text-not-verified-identical-to-JEMAI","QA34-TEF-MOE QA34-R03-REPRINT","公式原題の同一性とTEF行政適用版の最終校閲","not-in-175-HOLD-queue","not-authorized","第34パス：PCDD・PCDF・DL-PCBは異性体によりTEFが異なる。独立の公的根拠は当該値・TEF表の範囲のみ。公式試験PDF同一性・公開編集QAは未承認。"
"R03-G-Q11-C2","R03-G-Q11","DX-G04-007","classified-reviewed-original-evidence-independent","WHO-TEF2006-official-MOE-table-independent-support","2021-public-reprint-exam-text-not-verified-identical-to-JEMAI","QA34-TEF-MOE QA34-R03-REPRINT","公式原題の同一性とTEF行政適用版の最終校閲","not-in-175-HOLD-queue","not-authorized","第34パス：2,3,7,8-TCDDのTEFは1で相対的毒性の基準となる。独立の公的根拠は当該値・TEF表の範囲のみ。公式試験PDF同一性・公開編集QAは未承認。"
"R03-G-Q11-C3","R03-G-Q11","DX-G04-009","classified-reviewed-original-evidence-independent","WHO-TEF2006-official-MOE-table-independent-support","2021-public-reprint-exam-text-not-verified-identical-to-JEMAI","QA34-TEF-MOE QA34-R03-REPRINT","公式原題の同一性とTEF行政適用版の最終校閲","not-in-175-HOLD-queue","not-authorized","第34パス：TEF付与の異性体数はPCDD7、PCDF10、DL-PCB12。選択肢のPCDF12・DL-PCB10は逆。独立の公的根拠は当該値・TEF表の範囲のみ。公式試験PDF同一性・公開編集QAは未承認。"
"R03-G-Q11-C4","R03-G-Q11","DX-G04-005","classified-reviewed-original-evidence-independent","WHO-TEF2006-official-MOE-table-independent-support","2021-public-reprint-exam-text-not-verified-identical-to-JEMAI","QA34-TEF-MOE QA34-R03-REPRINT","公式原題の同一性とTEF行政適用版の最終校閲","not-in-175-HOLD-queue","not-authorized","第34パス：TEFが付与されるPCDD/PCDFは2,3,7,8位塩素置換体から選ばれている。独立の公的根拠は当該値・TEF表の範囲のみ。公式試験PDF同一性・公開編集QAは未承認。"
"R03-G-Q11-C5","R03-G-Q11","DX-G04-009","classified-reviewed-original-evidence-independent","WHO-TEF2006-official-MOE-table-independent-support","2021-public-reprint-exam-text-not-verified-identical-to-JEMAI","QA34-TEF-MOE QA34-R03-REPRINT","公式原題の同一性とTEF行政適用版の最終校閲","not-in-175-HOLD-queue","not-authorized","第34パス：DL-PCBの中でPCB-126（TEF0.1）が最大である（2006年WHO-TEF）。独立の公的根拠は当該値・TEF表の範囲のみ。公式試験PDF同一性・公開編集QAは未承認。"
"R03-G-Q13-C2","R03-G-Q13","DX-G04-016","classified-reviewed-original-evidence-independent","TEF-congener-count-and-reprint-symbol-verified-wording-conflict","2021-public-reprint-page7-image-symbol-visually-verified-JEMAI-identity-pending","QA34-TEF-MOE QA34-R03-REPRINT","JEMAI原題との差異有無と『多い順』対『＜』の教材注記を最終校閲","not-in-175-HOLD-queue","not-authorized","第34パス：PeCDD1 < HxCB3 < HxCDD3 < HpCDF2：途中に3<3や3<2があり不成立。独立の公的根拠は当該値・TEF表の範囲のみ。公式試験PDF同一性・公開編集QAは未承認。"
"R03-G-Q13-C3","R03-G-Q13","DX-G04-016","classified-reviewed-original-evidence-independent","TEF-congener-count-and-reprint-symbol-verified-wording-conflict","2021-public-reprint-page7-image-symbol-visually-verified-JEMAI-identity-pending","QA34-TEF-MOE QA34-R03-REPRINT","JEMAI原題との差異有無と『多い順』対『＜』の教材注記を最終校閲","not-in-175-HOLD-queue","not-authorized","第34パス：PeCDF2 < PeCDD1 < HpCDF2 < HxCDF4：2<1が不成立。独立の公的根拠は当該値・TEF表の範囲のみ。公式試験PDF同一性・公開編集QAは未承認。"
"R03-G-Q13-C4","R03-G-Q13","DX-G04-016","classified-reviewed-original-evidence-independent","TEF-congener-count-and-reprint-symbol-verified-wording-conflict","2021-public-reprint-page7-image-symbol-visually-verified-JEMAI-identity-pending","QA34-TEF-MOE QA34-R03-REPRINT","JEMAI原題との差異有無と『多い順』対『＜』の教材注記を最終校閲","not-in-175-HOLD-queue","not-authorized","第34パス：PeCDD1 < HxCDD3 < HpCDF2 < HxCDF4：3<2が不成立。独立の公的根拠は当該値・TEF表の範囲のみ。公式試験PDF同一性・公開編集QAは未承認。"
"R03-G-Q13-C5","R03-G-Q13","DX-G04-016","classified-reviewed-original-evidence-independent","TEF-congener-count-and-reprint-symbol-verified-wording-conflict","2021-public-reprint-page7-image-symbol-visually-verified-JEMAI-identity-pending","QA34-TEF-MOE QA34-R03-REPRINT","JEMAI原題との差異有無と『多い順』対『＜』の教材注記を最終校閲","not-in-175-HOLD-queue","not-authorized","第34パス：HpCDF2 < PeCDD1 < PeCDF2 < HxCDD3：2<1が不成立。独立の公的根拠は当該値・TEF表の範囲のみ。公式試験PDF同一性・公開編集QAは未承認。"
"R03-G-Q14-C1","R03-G-Q14","DX-G05-005","classified-reviewed-original-evidence-independent","not-independently-verified","mechanism-supported","","技術・法令・規格・原題の独立監査を別途","not-in-175-HOLD-queue","not-authorized","意味的分類と主張・原題の根拠監査を区別。非HOLDは最終承認の意味ではない。"
"R03-G-Q14-C2","R03-G-Q14","DX-G05-005","classified-reviewed-original-evidence-independent","not-independently-verified","mechanism-supported","","技術・法令・規格・原題の独立監査を別途","not-in-175-HOLD-queue","not-authorized","意味的分類と主張・原題の根拠監査を区別。非HOLDは最終承認の意味ではない。"
"R03-G-Q14-C3","R03-G-Q14","DX-G05-008","classified-reviewed-original-evidence-independent","not-independently-verified","mechanism-supported","","技術・法令・規格・原題の独立監査を別途","not-in-175-HOLD-queue","not-authorized","意味的分類と主張・原題の根拠監査を区別。非HOLDは最終承認の意味ではない。"
"R03-G-Q14-C5","R03-G-Q14","DX-G05-005","classified-reviewed-original-evidence-independent","not-independently-verified","mechanism-supported","","技術・法令・規格・原題の独立監査を別途","not-in-175-HOLD-queue","not-authorized","意味的分類と主張・原題の根拠監査を区別。非HOLDは最終承認の意味ではない。"
"R03-G-Q15-C5","R03-G-Q15","DX-G05-008","classified-reviewed-original-evidence-independent","not-independently-verified","DRV-R03-G-2021;SCI-FUJIMORI2009;Drive-page-visual-inspected;JEMAI-original-identity-not-established","","技術・法令・規格・原題の独立監査を別途","HOLD","not-authorized","意味的分類と主張・原題の根拠監査を区別。非HOLDは最終承認の意味ではない。"
"R03-A-Q03-C1","R03-A-Q03","DX-A01-008","classified-reviewed-original-evidence-independent","not-independently-verified","DRV-R03-A-2021;R03-OXIDATIVE-CATALYST;underline-1-visually-checked;official-JEMAI-original-file-not-byte-confirmed","","技術・法令・規格・原題の独立監査を別途","HOLD","not-authorized","意味的分類と主張・原題の根拠監査を区別。非HOLDは最終承認の意味ではない。"
"R03-A-Q03-C2","R03-A-Q03","DX-A01-008","classified-reviewed-original-evidence-independent","not-independently-verified","DRV-R03-A-2021;R03-OXIDATIVE-CATALYST;underline-2-visually-checked;official-JEMAI-original-file-not-byte-confirmed","","技術・法令・規格・原題の独立監査を別途","HOLD","not-authorized","意味的分類と主張・原題の根拠監査を区別。非HOLDは最終承認の意味ではない。"
"R03-A-Q03-C3","R03-A-Q03","DX-A01-008","classified-reviewed-original-evidence-independent","not-independently-verified","DRV-R03-A-2021;R03-OXIDATIVE-CATALYST;underline-3-visually-checked;official-JEMAI-original-file-not-byte-confirmed","","技術・法令・規格・原題の独立監査を別途","HOLD","not-authorized","意味的分類と主張・原題の根拠監査を区別。非HOLDは最終承認の意味ではない。"
"R03-A-Q03-C4","R03-A-Q03","DX-A01-008","classified-reviewed-original-evidence-independent","not-independently-verified","DRV-R03-A-2021;R03-OXIDATIVE-CATALYST;underline-4-visually-checked;official-JEMAI-original-file-not-byte-confirmed","","技術・法令・規格・原題の独立監査を別途","HOLD","not-authorized","意味的分類と主張・原題の根拠監査を区別。非HOLDは最終承認の意味ではない。"
"R03-A-Q03-C5","R03-A-Q03","DX-A01-008","classified-reviewed-original-evidence-independent","not-independently-verified","DRV-R03-A-2021;R03-OXIDATIVE-CATALYST;underline-5-visually-checked;official-JEMAI-original-file-not-byte-confirmed","","技術・法令・規格・原題の独立監査を別途","HOLD","not-authorized","意味的分類と主張・原題の根拠監査を区別。非HOLDは最終承認の意味ではない。"
"R03-A-Q05-C1","R03-A-Q05","DX-A01-016","classified-reviewed-original-evidence-independent","arithmetic-and-units-supported-by-reprint","reprint-pdf-text-not-page-image","V28-06 V29-05","JEMAI原本との照合","not-in-175-HOLD-queue","not-authorized","意味的分類と主張・原題の根拠監査を区別。非HOLDは最終承認の意味ではない。"
"R03-A-Q05-C2","R03-A-Q05","DX-A01-016","classified-reviewed-original-evidence-independent","arithmetic-and-units-supported-by-reprint","reprint-pdf-text-not-page-image","V28-06 V29-05","JEMAI原本との照合","not-in-175-HOLD-queue","not-authorized","意味的分類と主張・原題の根拠監査を区別。非HOLDは最終承認の意味ではない。"
"R03-A-Q05-C3","R03-A-Q05","DX-A01-016","classified-reviewed-original-evidence-independent","arithmetic-and-units-supported-by-reprint","reprint-pdf-text-not-page-image","V28-06 V29-05","JEMAI原本との照合","not-in-175-HOLD-queue","not-authorized","意味的分類と主張・原題の根拠監査を区別。非HOLDは最終承認の意味ではない。"
"R03-A-Q05-C4","R03-A-Q05","DX-A01-016","classified-reviewed-original-evidence-independent","arithmetic-and-units-supported-by-reprint","reprint-pdf-text-not-page-image","V28-06 V29-05","JEMAI原本との照合","not-in-175-HOLD-queue","not-authorized","意味的分類と主張・原題の根拠監査を区別。非HOLDは最終承認の意味ではない。"
"R03-A-Q05-C5","R03-A-Q05","DX-A01-016","classified-reviewed-original-evidence-independent","arithmetic-and-units-supported-by-reprint","reprint-pdf-text-not-page-image","V28-06 V29-05","JEMAI原本との照合","not-in-175-HOLD-queue","not-authorized","意味的分類と主張・原題の根拠監査を区別。非HOLDは最終承認の意味ではない。"
"R03-A-Q06-C5","R03-A-Q06","DX-A01-007","classified-reviewed-original-evidence-independent","not-independently-verified","DRV-R03-A-2021;R03-PORE-INDUSTRY;underline-5-visually-checked;official-JEMAI-original-file-not-byte-confirmed","","技術・法令・規格・原題の独立監査を別途","HOLD","not-authorized","意味的分類と主張・原題の根拠監査を区別。非HOLDは最終承認の意味ではない。"
"R03-A-Q08-C3","R03-A-Q08","DX-A01-015","classified-reviewed-original-evidence-independent","not-independently-verified","needs-sintering-source","","技術・法令・規格・原題の独立監査を別途","not-in-175-HOLD-queue","not-authorized","意味的分類と主張・原題の根拠監査を区別。非HOLDは最終承認の意味ではない。"
"R03-A-Q10-C1","R03-A-Q10","DX-A02-016","classified-reviewed-original-evidence-independent","not-independently-verified","DRV-R03-A-2021;T11;S15;underline-1-visually-checked;official-JEMAI-original-file-not-byte-confirmed","","技術・法令・規格・原題の独立監査を別途","HOLD","not-authorized","意味的分類と主張・原題の根拠監査を区別。非HOLDは最終承認の意味ではない。"
"R03-A-Q11-C1","R03-A-Q11","DX-A02-017","classified-reviewed-original-evidence-independent","not-independently-verified","needs-process-source","","技術・法令・規格・原題の独立監査を別途","not-in-175-HOLD-queue","not-authorized","意味的分類と主張・原題の根拠監査を区別。非HOLDは最終承認の意味ではない。"
"R03-A-Q11-C2","R03-A-Q11","DX-A02-017","classified-reviewed-original-evidence-independent","not-independently-verified","needs-process-source","","技術・法令・規格・原題の独立監査を別途","not-in-175-HOLD-queue","not-authorized","意味的分類と主張・原題の根拠監査を区別。非HOLDは最終承認の意味ではない。"
"R03-A-Q12-C2","R03-A-Q12","DX-A03-004","classified-reviewed-original-evidence-independent","not-independently-verified","water-treatment-principle","","技術・法令・規格・原題の独立監査を別途","not-in-175-HOLD-queue","not-authorized","意味的分類と主張・原題の根拠監査を区別。非HOLDは最終承認の意味ではない。"
"R03-A-Q12-C3","R03-A-Q12","DX-A03-007","classified-reviewed-original-evidence-independent","not-independently-verified","water-treatment-principle","","技術・法令・規格・原題の独立監査を別途","not-in-175-HOLD-queue","not-authorized","意味的分類と主張・原題の根拠監査を区別。非HOLDは最終承認の意味ではない。"
"R03-A-Q12-C4","R03-A-Q12","DX-A03-009","classified-reviewed-original-evidence-independent","not-independently-verified","water-treatment-principle","","技術・法令・規格・原題の独立監査を別途","not-in-175-HOLD-queue","not-authorized","意味的分類と主張・原題の根拠監査を区別。非HOLDは最終承認の意味ではない。"
"R03-A-Q12-C5","R03-A-Q12","DX-A03-006","classified-reviewed-original-evidence-independent","not-independently-verified","water-treatment-principle","","技術・法令・規格・原題の独立監査を別途","not-in-175-HOLD-queue","not-authorized","意味的分類と主張・原題の根拠監査を区別。非HOLDは最終承認の意味ではない。"
"R03-A-Q17-C5","R03-A-Q17","DX-A05-013","classified-reviewed-original-evidence-independent","not-independently-verified","needs-JIS-isotope-label-terms","","技術・法令・規格・原題の独立監査を別途","not-in-175-HOLD-queue","not-authorized","意味的分類と主張・原題の根拠監査を区別。非HOLDは最終承認の意味ではない。"
"R04-G-Q05-C2","R04-G-Q05","DX-A04-015","classified-reviewed-original-evidence-independent","not-independently-verified","needs-other-decree","","技術・法令・規格・原題の独立監査を別途","not-in-175-HOLD-queue","not-authorized","意味的分類と主張・原題の根拠監査を区別。非HOLDは最終承認の意味ではない。"
"R04-G-Q05-C4","R04-G-Q05","DX-A04-019","classified-reviewed-original-evidence-independent","not-independently-verified","needs-other-decree","","技術・法令・規格・原題の独立監査を別途","not-in-175-HOLD-queue","not-authorized","意味的分類と主張・原題の根拠監査を区別。非HOLDは最終承認の意味ではない。"
"R04-G-Q05-C5","R04-G-Q05","DX-A04-013","classified-reviewed-original-evidence-independent","not-independently-verified","needs-other-decree","","技術・法令・規格・原題の独立監査を別途","not-in-175-HOLD-queue","not-authorized","意味的分類と主張・原題の根拠監査を区別。非HOLDは最終承認の意味ではない。"
"R04-G-Q06-C1","R04-G-Q06","DX-G01-004","classified-reviewed-original-evidence-independent","not-independently-verified","structural-draft","","技術・法令・規格・原題の独立監査を別途","not-in-175-HOLD-queue","not-authorized","意味的分類と主張・原題の根拠監査を区別。非HOLDは最終承認の意味ではない。"
"R04-G-Q09-C1","R04-G-Q09","DX-G03-002","classified-reviewed-original-evidence-independent","not-independently-verified","inventory-partial","","技術・法令・規格・原題の独立監査を別途","not-in-175-HOLD-queue","not-authorized","意味的分類と主張・原題の根拠監査を区別。非HOLDは最終承認の意味ではない。"
"R04-G-Q09-C2","R04-G-Q09","DX-G03-002","classified-reviewed-original-evidence-independent","not-independently-verified","inventory-partial","","技術・法令・規格・原題の独立監査を別途","not-in-175-HOLD-queue","not-authorized","意味的分類と主張・原題の根拠監査を区別。非HOLDは最終承認の意味ではない。"
"R04-G-Q09-C3","R04-G-Q09","DX-G03-002","classified-reviewed-original-evidence-independent","not-independently-verified","inventory-partial","","技術・法令・規格・原題の独立監査を別途","not-in-175-HOLD-queue","not-authorized","意味的分類と主張・原題の根拠監査を区別。非HOLDは最終承認の意味ではない。"
"R04-G-Q09-C4","R04-G-Q09","DX-G03-002","classified-reviewed-original-evidence-independent","not-independently-verified","inventory-partial","","技術・法令・規格・原題の独立監査を別途","not-in-175-HOLD-queue","not-authorized","意味的分類と主張・原題の根拠監査を区別。非HOLDは最終承認の意味ではない。"
"R04-G-Q09-C5","R04-G-Q09","DX-G03-002","classified-reviewed-original-evidence-independent","not-independently-verified","inventory-partial","","技術・法令・規格・原題の独立監査を別途","not-in-175-HOLD-queue","not-authorized","意味的分類と主張・原題の根拠監査を区別。非HOLDは最終承認の意味ではない。"
"R04-G-Q11-C1","R04-G-Q11","DX-G04-003","classified-reviewed-original-evidence-independent","not-independently-verified","needs-physical-property-primary","","技術・法令・規格・原題の独立監査を別途","not-in-175-HOLD-queue","not-authorized","意味的分類と主張・原題の根拠監査を区別。非HOLDは最終承認の意味ではない。"
"R04-G-Q11-C2","R04-G-Q11","DX-G04-017","classified-reviewed-original-evidence-independent","scope-mismatch-flagged-individual-congener-primary-source","not-independently-original-paper-audited","V28-07 V29-07 V29-10","コプラナー群の対象異性体に限定した元物性表／JEMAI原題の照合","not-in-175-HOLD-queue","not-authorized","意味的分類と主張・原題の根拠監査を区別。非HOLDは最終承認の意味ではない。"
"R04-G-Q11-C3","R04-G-Q11","DX-G04-017","classified-reviewed-original-evidence-independent","scope-mismatch-flagged-individual-congener-primary-source","not-independently-original-paper-audited","V28-07 V29-07 V29-10","コプラナー群の対象異性体に限定した元物性表／JEMAI原題の照合","not-in-175-HOLD-queue","not-authorized","意味的分類と主張・原題の根拠監査を区別。非HOLDは最終承認の意味ではない。"
"R04-G-Q11-C4","R04-G-Q11","DX-G04-006","classified-reviewed-original-evidence-independent","not-independently-verified","needs-physical-property-primary","","技術・法令・規格・原題の独立監査を別途","not-in-175-HOLD-queue","not-authorized","意味的分類と主張・原題の根拠監査を区別。非HOLDは最終承認の意味ではない。"
"R04-G-Q11-C5","R04-G-Q11","DX-G04-009","classified-reviewed-original-evidence-independent","not-independently-verified","needs-physical-property-primary","","技術・法令・規格・原題の独立監査を別途","not-in-175-HOLD-queue","not-authorized","意味的分類と主張・原題の根拠監査を区別。非HOLDは最終承認の意味ではない。"
"R04-G-Q12-C1","R04-G-Q12","DX-G04-004","classified-reviewed-original-evidence-independent","not-independently-verified","chemical-draft","","技術・法令・規格・原題の独立監査を別途","not-in-175-HOLD-queue","not-authorized","意味的分類と主張・原題の根拠監査を区別。非HOLDは最終承認の意味ではない。"
"R04-G-Q12-C2","R04-G-Q12","DX-G04-004","classified-reviewed-original-evidence-independent","not-independently-verified","chemical-draft","","技術・法令・規格・原題の独立監査を別途","not-in-175-HOLD-queue","not-authorized","意味的分類と主張・原題の根拠監査を区別。非HOLDは最終承認の意味ではない。"
"R04-G-Q12-C4","R04-G-Q12","DX-G06-001","classified-reviewed-original-evidence-independent","prior-pass-source-support","not-independently-original-paper-audited","V28-08","原選択肢の曝露経路","not-in-175-HOLD-queue","not-authorized","意味的分類と主張・原題の根拠監査を区別。非HOLDは最終承認の意味ではない。"
"R04-G-Q12-C5","R04-G-Q12","DX-G04-014","classified-reviewed-original-evidence-independent","not-independently-verified","chemical-draft","","技術・法令・規格・原題の独立監査を別途","not-in-175-HOLD-queue","not-authorized","意味的分類と主張・原題の根拠監査を区別。非HOLDは最終承認の意味ではない。"
"R04-G-Q14-C3","R04-G-Q14","DX-G05-002","classified-reviewed-original-evidence-independent","not-independently-verified","exposure-draft","","技術・法令・規格・原題の独立監査を別途","not-in-175-HOLD-queue","not-authorized","意味的分類と主張・原題の根拠監査を区別。非HOLDは最終承認の意味ではない。"
"R04-G-Q14-C5","R04-G-Q14","DX-G04-012","classified-reviewed-original-evidence-independent","not-independently-verified","exposure-draft","","技術・法令・規格・原題の独立監査を別途","not-in-175-HOLD-queue","not-authorized","意味的分類と主張・原題の根拠監査を区別。非HOLDは最終承認の意味ではない。"
"R04-G-Q15-C1","R04-G-Q15","DX-G06-009","classified-reviewed-original-evidence-independent","not-independently-verified","whitepaper-partial","","技術・法令・規格・原題の独立監査を別途","not-in-175-HOLD-queue","not-authorized","意味的分類と主張・原題の根拠監査を区別。非HOLDは最終承認の意味ではない。"
"R04-G-Q15-C2","R04-G-Q15","DX-G06-007","classified-reviewed-original-evidence-independent","not-independently-verified","whitepaper-partial","","技術・法令・規格・原題の独立監査を別途","not-in-175-HOLD-queue","not-authorized","意味的分類と主張・原題の根拠監査を区別。非HOLDは最終承認の意味ではない。"
"R04-G-Q15-C3","R04-G-Q15","DX-G06-009","classified-reviewed-original-evidence-independent","not-independently-verified","whitepaper-partial","","技術・法令・規格・原題の独立監査を別途","not-in-175-HOLD-queue","not-authorized","意味的分類と主張・原題の根拠監査を区別。非HOLDは最終承認の意味ではない。"
"R04-G-Q15-C4","R04-G-Q15","DX-G06-007","classified-reviewed-original-evidence-independent","not-independently-verified","whitepaper-partial","","技術・法令・規格・原題の独立監査を別途","not-in-175-HOLD-queue","not-authorized","意味的分類と主張・原題の根拠監査を区別。非HOLDは最終承認の意味ではない。"
"R04-G-Q15-C5","R04-G-Q15","DX-G06-009","classified-reviewed-original-evidence-independent","not-independently-verified","whitepaper-partial","","技術・法令・規格・原題の独立監査を別途","not-in-175-HOLD-queue","not-authorized","意味的分類と主張・原題の根拠監査を区別。非HOLDは最終承認の意味ではない。"
"R04-A-Q06-C3","R04-A-Q06","DX-A01-007","classified-reviewed-original-evidence-independent","not-independently-verified","adsorption-principle","","技術・法令・規格・原題の独立監査を別途","not-in-175-HOLD-queue","not-authorized","意味的分類と主張・原題の根拠監査を区別。非HOLDは最終承認の意味ではない。"
"R04-A-Q09-C5","R04-A-Q09","DX-G05-005","classified-reviewed-original-evidence-independent","not-independently-verified","needs-eaf-dust-composition-study","","技術・法令・規格・原題の独立監査を別途","not-in-175-HOLD-queue","not-authorized","意味的分類と主張・原題の根拠監査を区別。非HOLDは最終承認の意味ではない。"
"R04-A-Q12-C3","R04-A-Q12","DX-A01-005","classified-reviewed-original-evidence-independent","not-independently-verified","temperature-management-draft","","技術・法令・規格・原題の独立監査を別途","not-in-175-HOLD-queue","not-authorized","意味的分類と主張・原題の根拠監査を区別。非HOLDは最終承認の意味ではない。"
"R04-A-Q13-C1","R04-A-Q13","DX-G04-018","classified-reviewed-original-evidence-independent","prior-pass-source-support","not-independently-original-paper-audited","V28-09","原選択肢の趣旨","not-in-175-HOLD-queue","not-authorized","意味的分類と主張・原題の根拠監査を区別。非HOLDは最終承認の意味ではない。"
"R04-A-Q13-C2","R04-A-Q13","DX-G04-018","classified-reviewed-original-evidence-independent","prior-pass-source-support","not-independently-original-paper-audited","V28-09","原選択肢の趣旨","not-in-175-HOLD-queue","not-authorized","意味的分類と主張・原題の根拠監査を区別。非HOLDは最終承認の意味ではない。"
"R04-A-Q13-C3","R04-A-Q13","DX-G04-018","classified-reviewed-original-evidence-independent","prior-pass-source-support","not-independently-original-paper-audited","V28-09","原選択肢の勧告対象","not-in-175-HOLD-queue","not-authorized","意味的分類と主張・原題の根拠監査を区別。非HOLDは最終承認の意味ではない。"
"R04-A-Q13-C4","R04-A-Q13","DX-G01-023","classified-reviewed-original-evidence-independent","prior-pass-source-support","not-independently-original-paper-audited","V28-10","適用年度の条文","not-in-175-HOLD-queue","not-authorized","意味的分類と主張・原題の根拠監査を区別。非HOLDは最終承認の意味ではない。"
"R04-A-Q13-C5","R04-A-Q13","DX-G02-005","classified-reviewed-original-evidence-independent","prior-pass-source-support","not-independently-original-paper-audited","V28-11","原選択肢に記された具体的な時点","not-in-175-HOLD-queue","not-authorized","意味的分類と主張・原題の根拠監査を区別。非HOLDは最終承認の意味ではない。"
"R04-A-Q14-C1","R04-A-Q14","DX-A03-004","classified-reviewed-original-evidence-independent","not-independently-verified","water-treatment-draft","","技術・法令・規格・原題の独立監査を別途","not-in-175-HOLD-queue","not-authorized","意味的分類と主張・原題の根拠監査を区別。非HOLDは最終承認の意味ではない。"
"R04-A-Q14-C2","R04-A-Q14","DX-A03-007","classified-reviewed-original-evidence-independent","not-independently-verified","water-treatment-draft","","技術・法令・規格・原題の独立監査を別途","not-in-175-HOLD-queue","not-authorized","意味的分類と主張・原題の根拠監査を区別。非HOLDは最終承認の意味ではない。"
"R04-A-Q14-C3","R04-A-Q14","DX-A03-007","classified-reviewed-original-evidence-independent","not-independently-verified","water-treatment-draft","","技術・法令・規格・原題の独立監査を別途","not-in-175-HOLD-queue","not-authorized","意味的分類と主張・原題の根拠監査を区別。非HOLDは最終承認の意味ではない。"
"R04-A-Q14-C4","R04-A-Q14","DX-A03-009","classified-reviewed-original-evidence-independent","not-independently-verified","water-treatment-draft","","技術・法令・規格・原題の独立監査を別途","not-in-175-HOLD-queue","not-authorized","意味的分類と主張・原題の根拠監査を区別。非HOLDは最終承認の意味ではない。"
"R04-A-Q14-C5","R04-A-Q14","DX-A03-006","classified-reviewed-original-evidence-independent","not-independently-verified","water-treatment-draft","","技術・法令・規格・原題の独立監査を別途","not-in-175-HOLD-queue","not-authorized","意味的分類と主張・原題の根拠監査を区別。非HOLDは最終承認の意味ではない。"
"R04-A-Q16-C5","R04-A-Q16","DX-A04-017","classified-reviewed-original-evidence-independent","not-independently-verified","DRV-R04-A-2022;T15;R04-underline-5-visually-checked;JEMAI-official-PDF-file-identity-unconfirmed","","技術・法令・規格・原題の独立監査を別途","HOLD","not-authorized","意味的分類と主張・原題の根拠監査を区別。非HOLDは最終承認の意味ではない。"
"R04-A-Q17-C4","R04-A-Q17","DX-A05-008","classified-reviewed-original-evidence-independent","not-independently-verified","needs-JIS-2020-verification","","技術・法令・規格・原題の独立監査を別途","not-in-175-HOLD-queue","not-authorized","意味的分類と主張・原題の根拠監査を区別。非HOLDは最終承認の意味ではない。"
"R05-G-Q05-C1","R05-G-Q05","DX-A02-014","classified-reviewed-original-evidence-independent","not-independently-verified","needs-other-decree","","技術・法令・規格・原題の独立監査を別途","not-in-175-HOLD-queue","not-authorized","意味的分類と主張・原題の根拠監査を区別。非HOLDは最終承認の意味ではない。"
"R05-G-Q05-C2","R05-G-Q05","DX-A04-015","classified-reviewed-original-evidence-independent","not-independently-verified","needs-other-decree","","技術・法令・規格・原題の独立監査を別途","not-in-175-HOLD-queue","not-authorized","意味的分類と主張・原題の根拠監査を区別。非HOLDは最終承認の意味ではない。"
"R05-G-Q05-C3","R05-G-Q05","DX-A04-017","classified-reviewed-original-evidence-independent","not-independently-verified","needs-other-decree","","技術・法令・規格・原題の独立監査を別途","not-in-175-HOLD-queue","not-authorized","意味的分類と主張・原題の根拠監査を区別。非HOLDは最終承認の意味ではない。"
"R05-G-Q05-C4","R05-G-Q05","DX-A02-005","classified-reviewed-original-evidence-independent","not-independently-verified","needs-other-decree","","技術・法令・規格・原題の独立監査を別途","not-in-175-HOLD-queue","not-authorized","意味的分類と主張・原題の根拠監査を区別。非HOLDは最終承認の意味ではない。"
"R05-G-Q05-C5","R05-G-Q05","DX-A02-016","classified-reviewed-original-evidence-independent","not-independently-verified","needs-other-decree","","技術・法令・規格・原題の独立監査を別途","not-in-175-HOLD-queue","not-authorized","意味的分類と主張・原題の根拠監査を区別。非HOLDは最終承認の意味ではない。"
"R05-G-Q07-C4","R05-G-Q07","DX-G03-006","classified-reviewed-original-evidence-independent","not-independently-verified","DRV-R05-G-2023;ENV-R02-INVENTORY2022;Drive-page-visual-inspected;JEMAI-original-identity-not-established","","技術・法令・規格・原題の独立監査を別途","HOLD","not-authorized","意味的分類と主張・原題の根拠監査を区別。非HOLDは最終承認の意味ではない。"
"R05-G-Q07-C5","R05-G-Q07","DX-G03-006","classified-reviewed-original-evidence-independent","not-independently-verified","DRV-R05-G-2023;ENV-R02-INVENTORY2022;Drive-page-visual-inspected;JEMAI-original-identity-not-established","","技術・法令・規格・原題の独立監査を別途","HOLD","not-authorized","意味的分類と主張・原題の根拠監査を区別。非HOLDは最終承認の意味ではない。"
"R05-G-Q08-C1","R05-G-Q08","DX-G04-001","classified-reviewed-original-evidence-independent","not-independently-verified","chemical-formula-checked","","技術・法令・規格・原題の独立監査を別途","not-in-175-HOLD-queue","not-authorized","意味的分類と主張・原題の根拠監査を区別。非HOLDは最終承認の意味ではない。"
"R05-G-Q08-C2","R05-G-Q08","DX-G04-001","classified-reviewed-original-evidence-independent","not-independently-verified","chemical-formula-checked","","技術・法令・規格・原題の独立監査を別途","not-in-175-HOLD-queue","not-authorized","意味的分類と主張・原題の根拠監査を区別。非HOLDは最終承認の意味ではない。"
"R05-G-Q08-C3","R05-G-Q08","DX-G04-002","classified-reviewed-original-evidence-independent","not-independently-verified","chemical-formula-checked","","技術・法令・規格・原題の独立監査を別途","not-in-175-HOLD-queue","not-authorized","意味的分類と主張・原題の根拠監査を区別。非HOLDは最終承認の意味ではない。"
"R05-G-Q08-C4","R05-G-Q08","DX-G04-003","classified-reviewed-original-evidence-independent","not-independently-verified","chemical-formula-checked","","技術・法令・規格・原題の独立監査を別途","not-in-175-HOLD-queue","not-authorized","意味的分類と主張・原題の根拠監査を区別。非HOLDは最終承認の意味ではない。"
"R05-G-Q08-C5","R05-G-Q08","DX-G04-003","classified-reviewed-original-evidence-independent","not-independently-verified","chemical-formula-checked","","技術・法令・規格・原題の独立監査を別途","not-in-175-HOLD-queue","not-authorized","意味的分類と主張・原題の根拠監査を区別。非HOLDは最終承認の意味ではない。"
"R05-G-Q11-C1","R05-G-Q11","DX-G04-005","classified-reviewed-original-evidence-independent","not-independently-verified","official-TEF-count-verified","","技術・法令・規格・原題の独立監査を別途","not-in-175-HOLD-queue","not-authorized","意味的分類と主張・原題の根拠監査を区別。非HOLDは最終承認の意味ではない。"
"R05-G-Q11-C2","R05-G-Q11","DX-G04-009","classified-reviewed-original-evidence-independent","not-independently-verified","official-TEF-count-verified","","技術・法令・規格・原題の独立監査を別途","not-in-175-HOLD-queue","not-authorized","意味的分類と主張・原題の根拠監査を区別。非HOLDは最終承認の意味ではない。"
"R05-G-Q11-C3","R05-G-Q11","DX-G04-009","classified-reviewed-original-evidence-independent","not-independently-verified","official-TEF-count-verified","","技術・法令・規格・原題の独立監査を別途","not-in-175-HOLD-queue","not-authorized","意味的分類と主張・原題の根拠監査を区別。非HOLDは最終承認の意味ではない。"
"R05-G-Q11-C4","R05-G-Q11","DX-G04-009","classified-reviewed-original-evidence-independent","not-independently-verified","official-TEF-count-verified","","技術・法令・規格・原題の独立監査を別途","not-in-175-HOLD-queue","not-authorized","意味的分類と主張・原題の根拠監査を区別。非HOLDは最終承認の意味ではない。"
"R05-G-Q11-C5","R05-G-Q11","DX-G04-009","classified-reviewed-original-evidence-independent","not-independently-verified","official-TEF-count-verified","","技術・法令・規格・原題の独立監査を別途","not-in-175-HOLD-queue","not-authorized","意味的分類と主張・原題の根拠監査を区別。非HOLDは最終承認の意味ではない。"
"R05-G-Q13-C2","R05-G-Q13","DX-G05-008","classified-reviewed-original-evidence-independent","not-independently-verified","needs-kinetic-study","","技術・法令・規格・原題の独立監査を別途","not-in-175-HOLD-queue","not-authorized","意味的分類と主張・原題の根拠監査を区別。非HOLDは最終承認の意味ではない。"
"R05-G-Q13-C4","R05-G-Q13","DX-G05-005","classified-reviewed-original-evidence-independent","not-independently-verified","needs-kinetic-study","","技術・法令・規格・原題の独立監査を別途","not-in-175-HOLD-queue","not-authorized","意味的分類と主張・原題の根拠監査を区別。非HOLDは最終承認の意味ではない。"
"R05-G-Q13-C5","R05-G-Q13","DX-G05-007","classified-reviewed-original-evidence-independent","not-independently-verified","needs-kinetic-study","","技術・法令・規格・原題の独立監査を別途","not-in-175-HOLD-queue","not-authorized","意味的分類と主張・原題の根拠監査を区別。非HOLDは最終承認の意味ではない。"
"R05-G-Q14-C2","R05-G-Q14","DX-G05-006","classified-reviewed-original-evidence-independent","not-independently-verified","technical-principle","","技術・法令・規格・原題の独立監査を別途","not-in-175-HOLD-queue","not-authorized","意味的分類と主張・原題の根拠監査を区別。非HOLDは最終承認の意味ではない。"
"R05-G-Q14-C4","R05-G-Q14","DX-G05-006","classified-reviewed-original-evidence-independent","not-independently-verified","technical-principle","","技術・法令・規格・原題の独立監査を別途","not-in-175-HOLD-queue","not-authorized","意味的分類と主張・原題の根拠監査を区別。非HOLDは最終承認の意味ではない。"
"R05-A-Q01-C2","R05-A-Q01","DX-A01-001","classified-reviewed-original-evidence-independent","not-independently-verified","technical-draft","","技術・法令・規格・原題の独立監査を別途","not-in-175-HOLD-queue","not-authorized","意味的分類と主張・原題の根拠監査を区別。非HOLDは最終承認の意味ではない。"
"R05-A-Q01-C3","R05-A-Q01","DX-A01-002","classified-reviewed-original-evidence-independent","not-independently-verified","technical-draft","","技術・法令・規格・原題の独立監査を別途","not-in-175-HOLD-queue","not-authorized","意味的分類と主張・原題の根拠監査を区別。非HOLDは最終承認の意味ではない。"
"R05-A-Q01-C4","R05-A-Q01","DX-A01-005","classified-reviewed-original-evidence-independent","not-independently-verified","technical-draft","","技術・法令・規格・原題の独立監査を別途","not-in-175-HOLD-queue","not-authorized","意味的分類と主張・原題の根拠監査を区別。非HOLDは最終承認の意味ではない。"
"R05-A-Q01-C5","R05-A-Q01","DX-A01-005","classified-reviewed-original-evidence-independent","not-independently-verified","technical-draft","","技術・法令・規格・原題の独立監査を別途","not-in-175-HOLD-queue","not-authorized","意味的分類と主張・原題の根拠監査を区別。非HOLDは最終承認の意味ではない。"
"R05-A-Q08-C4","R05-A-Q08","DX-A01-007","classified-reviewed-original-evidence-independent","not-independently-verified","technical-draft","","技術・法令・規格・原題の独立監査を別途","not-in-175-HOLD-queue","not-authorized","意味的分類と主張・原題の根拠監査を区別。非HOLDは最終承認の意味ではない。"
"R05-A-Q11-C4","R05-A-Q11","DX-A01-006","classified-reviewed-original-evidence-independent","not-independently-verified","needs-industry-study","","技術・法令・規格・原題の独立監査を別途","not-in-175-HOLD-queue","not-authorized","意味的分類と主張・原題の根拠監査を区別。非HOLDは最終承認の意味ではない。"
"R05-A-Q13-C1","R05-A-Q13","DX-A03-003","classified-reviewed-original-evidence-independent","not-independently-verified","technical-draft","","技術・法令・規格・原題の独立監査を別途","not-in-175-HOLD-queue","not-authorized","意味的分類と主張・原題の根拠監査を区別。非HOLDは最終承認の意味ではない。"
"R05-A-Q13-C2","R05-A-Q13","DX-A03-003","classified-reviewed-original-evidence-independent","not-independently-verified","technical-draft","","技術・法令・規格・原題の独立監査を別途","not-in-175-HOLD-queue","not-authorized","意味的分類と主張・原題の根拠監査を区別。非HOLDは最終承認の意味ではない。"
"R05-A-Q13-C3","R05-A-Q13","DX-A03-003","classified-reviewed-original-evidence-independent","not-independently-verified","technical-draft","","技術・法令・規格・原題の独立監査を別途","not-in-175-HOLD-queue","not-authorized","意味的分類と主張・原題の根拠監査を区別。非HOLDは最終承認の意味ではない。"
"R05-A-Q13-C5","R05-A-Q13","DX-A03-006","classified-reviewed-original-evidence-independent","not-independently-verified","technical-draft","","技術・法令・規格・原題の独立監査を別途","not-in-175-HOLD-queue","not-authorized","意味的分類と主張・原題の根拠監査を区別。非HOLDは最終承認の意味ではない。"
"R05-A-Q15-C3","R05-A-Q15","DX-A04-001","classified-reviewed-original-evidence-independent","not-independently-verified","DRV-R05-A-2023;R05-SA15;R05-underline-3-page-visually-confirmed;JEMAI-official-original-file-identity-pending;R05-ECF-ESTAT-METI-2018-PULP","","技術・法令・規格・原題の独立監査を別途","HOLD","not-authorized","意味的分類と主張・原題の根拠監査を区別。非HOLDは最終承認の意味ではない。"
"R05-A-Q22-C1","R05-A-Q22","DX-A05-013","classified-reviewed-original-evidence-independent","not-independently-verified","needs-JIS-text","","技術・法令・規格・原題の独立監査を別途","not-in-175-HOLD-queue","not-authorized","意味的分類と主張・原題の根拠監査を区別。非HOLDは最終承認の意味ではない。"
"R05-A-Q24-C1","R05-A-Q24","DX-A05-016","classified-reviewed-original-evidence-independent","not-independently-verified","technical-draft","","技術・法令・規格・原題の独立監査を別途","not-in-175-HOLD-queue","not-authorized","意味的分類と主張・原題の根拠監査を区別。非HOLDは最終承認の意味ではない。"
"R05-A-Q24-C2","R05-A-Q24","DX-A05-016","classified-reviewed-original-evidence-independent","not-independently-verified","technical-draft","","技術・法令・規格・原題の独立監査を別途","not-in-175-HOLD-queue","not-authorized","意味的分類と主張・原題の根拠監査を区別。非HOLDは最終承認の意味ではない。"
"R05-A-Q24-C3","R05-A-Q24","DX-A05-016","classified-reviewed-original-evidence-independent","official-analogous-manual-supported-JIS-2020-unverified","reprint-pdf-text-not-page-image","V28-13 V28-14 V29-06 V29-08 V29-09","2020年JIS K0311正本の同じ規定を確認（環境大気マニュアルとの媒体差を保持）","not-in-175-HOLD-queue","not-authorized","意味的分類と主張・原題の根拠監査を区別。非HOLDは最終承認の意味ではない。"
"R05-A-Q24-C4","R05-A-Q24","DX-A05-016","classified-reviewed-original-evidence-independent","not-independently-verified","technical-draft","","技術・法令・規格・原題の独立監査を別途","not-in-175-HOLD-queue","not-authorized","意味的分類と主張・原題の根拠監査を区別。非HOLDは最終承認の意味ではない。"
"R05-A-Q24-C5","R05-A-Q24","DX-A05-016","classified-reviewed-original-evidence-independent","official-analogous-manual-supported-JIS-2020-unverified","reprint-pdf-text-not-page-image","V28-13 V28-14 V29-06 V29-08 V29-09","2020年JIS K0311正本の同じ規定を確認（環境大気マニュアルとの媒体差を保持）","not-in-175-HOLD-queue","not-authorized","意味的分類と主張・原題の根拠監査を区別。非HOLDは最終承認の意味ではない。"
"R06-G-Q05-C1","R06-G-Q05","DX-A04-013","classified-reviewed-original-evidence-independent","not-independently-verified","needs-decree-check","","技術・法令・規格・原題の独立監査を別途","not-in-175-HOLD-queue","not-authorized","意味的分類と主張・原題の根拠監査を区別。非HOLDは最終承認の意味ではない。"
"R06-G-Q05-C2","R06-G-Q05","DX-A04-018","classified-reviewed-original-evidence-independent","not-independently-verified","needs-decree-check","","技術・法令・規格・原題の独立監査を別途","not-in-175-HOLD-queue","not-authorized","意味的分類と主張・原題の根拠監査を区別。非HOLDは最終承認の意味ではない。"
"R06-G-Q05-C3","R06-G-Q05","DX-A04-014","classified-reviewed-original-evidence-independent","not-independently-verified","needs-decree-check","","技術・法令・規格・原題の独立監査を別途","not-in-175-HOLD-queue","not-authorized","意味的分類と主張・原題の根拠監査を区別。非HOLDは最終承認の意味ではない。"
"R06-G-Q05-C4","R06-G-Q05","DX-A04-017","classified-reviewed-original-evidence-independent","not-independently-verified","needs-decree-check","","技術・法令・規格・原題の独立監査を別途","not-in-175-HOLD-queue","not-authorized","意味的分類と主張・原題の根拠監査を区別。非HOLDは最終承認の意味ではない。"
"R06-G-Q05-C5","R06-G-Q05","DX-G01-022","classified-reviewed-original-evidence-independent","primary-dated-law-verified","reprint-pdf-page-image-visually-reviewed","V28-01 V29-02 V29-03","JEMAI公開正本との同一性・他の4択","not-in-175-HOLD-queue","not-authorized","意味的分類と主張・原題の根拠監査を区別。非HOLDは最終承認の意味ではない。"
"R06-G-Q07-C1","R06-G-Q07","DX-G03-005","classified-reviewed-original-evidence-independent","not-independently-verified","primary-2021-inventory-verified","","技術・法令・規格・原題の独立監査を別途","not-in-175-HOLD-queue","not-authorized","意味的分類と主張・原題の根拠監査を区別。非HOLDは最終承認の意味ではない。"
"R06-G-Q07-C2","R06-G-Q07","DX-G03-005","classified-reviewed-original-evidence-independent","not-independently-verified","primary-2021-inventory-verified","","技術・法令・規格・原題の独立監査を別途","not-in-175-HOLD-queue","not-authorized","意味的分類と主張・原題の根拠監査を区別。非HOLDは最終承認の意味ではない。"
"R06-G-Q07-C3","R06-G-Q07","DX-G03-005","classified-reviewed-original-evidence-independent","not-independently-verified","primary-2021-inventory-verified","","技術・法令・規格・原題の独立監査を別途","not-in-175-HOLD-queue","not-authorized","意味的分類と主張・原題の根拠監査を区別。非HOLDは最終承認の意味ではない。"
"R06-G-Q07-C4","R06-G-Q07","DX-G03-005","classified-reviewed-original-evidence-independent","not-independently-verified","primary-2021-inventory-verified","","技術・法令・規格・原題の独立監査を別途","not-in-175-HOLD-queue","not-authorized","意味的分類と主張・原題の根拠監査を区別。非HOLDは最終承認の意味ではない。"
"R06-G-Q08-C2","R06-G-Q08","DX-G03-006","classified-reviewed-original-evidence-independent","not-independently-verified","needs-2021-inventory","","技術・法令・規格・原題の独立監査を別途","not-in-175-HOLD-queue","not-authorized","意味的分類と主張・原題の根拠監査を区別。非HOLDは最終承認の意味ではない。"
"R06-G-Q08-C3","R06-G-Q08","DX-G03-006","classified-reviewed-original-evidence-independent","not-independently-verified","needs-2021-inventory","","技術・法令・規格・原題の独立監査を別途","not-in-175-HOLD-queue","not-authorized","意味的分類と主張・原題の根拠監査を区別。非HOLDは最終承認の意味ではない。"
"R06-G-Q08-C4","R06-G-Q08","DX-G03-006","classified-reviewed-original-evidence-independent","not-independently-verified","needs-2021-inventory","","技術・法令・規格・原題の独立監査を別途","not-in-175-HOLD-queue","not-authorized","意味的分類と主張・原題の根拠監査を区別。非HOLDは最終承認の意味ではない。"
"R06-G-Q08-C5","R06-G-Q08","DX-G03-006","classified-reviewed-original-evidence-independent","not-independently-verified","needs-2021-inventory","","技術・法令・規格・原題の独立監査を別途","not-in-175-HOLD-queue","not-authorized","意味的分類と主張・原題の根拠監査を区別。非HOLDは最終承認の意味ではない。"
"R06-G-Q09-C3","R06-G-Q09","DX-G04-006","classified-reviewed-original-evidence-independent","not-independently-verified","draft","","技術・法令・規格・原題の独立監査を別途","not-in-175-HOLD-queue","not-authorized","意味的分類と主張・原題の根拠監査を区別。非HOLDは最終承認の意味ではない。"
"R06-G-Q09-C4","R06-G-Q09","DX-G04-006","classified-reviewed-original-evidence-independent","not-independently-verified","draft","","技術・法令・規格・原題の独立監査を別途","not-in-175-HOLD-queue","not-authorized","意味的分類と主張・原題の根拠監査を区別。非HOLDは最終承認の意味ではない。"
"R06-G-Q09-C5","R06-G-Q09","DX-G04-006","classified-reviewed-original-evidence-independent","not-independently-verified","draft","","技術・法令・規格・原題の独立監査を別途","not-in-175-HOLD-queue","not-authorized","意味的分類と主張・原題の根拠監査を区別。非HOLDは最終承認の意味ではない。"
"R06-G-Q11-C2","R06-G-Q11","DX-G05-004","classified-reviewed-original-evidence-independent","not-independently-verified","R06-reprinted-PDF-visual-reviewed;JEMAI-original-identity-not-confirmed;primary-technical-JIS-audit-pending","","技術・法令・規格・原題の独立監査を別途","HOLD","not-authorized","意味的分類と主張・原題の根拠監査を区別。非HOLDは最終承認の意味ではない。"
"R06-G-Q12-C3","R06-G-Q12","DX-G05-001","classified-reviewed-original-evidence-independent","not-independently-verified","needs-mechanism-study","","技術・法令・規格・原題の独立監査を別途","not-in-175-HOLD-queue","not-authorized","意味的分類と主張・原題の根拠監査を区別。非HOLDは最終承認の意味ではない。"
"R06-G-Q12-C4","R06-G-Q12","DX-G05-001","classified-reviewed-original-evidence-independent","not-independently-verified","needs-mechanism-study","","技術・法令・規格・原題の独立監査を別途","not-in-175-HOLD-queue","not-authorized","意味的分類と主張・原題の根拠監査を区別。非HOLDは最終承認の意味ではない。"
"R06-G-Q12-C5","R06-G-Q12","DX-G05-001","classified-reviewed-original-evidence-independent","not-independently-verified","needs-mechanism-study","","技術・法令・規格・原題の独立監査を別途","not-in-175-HOLD-queue","not-authorized","意味的分類と主張・原題の根拠監査を区別。非HOLDは最終承認の意味ではない。"
"R06-G-Q13-C1","R06-G-Q13","DX-G05-008","classified-reviewed-original-evidence-independent","not-independently-verified","draft","","技術・法令・規格・原題の独立監査を別途","not-in-175-HOLD-queue","not-authorized","意味的分類と主張・原題の根拠監査を区別。非HOLDは最終承認の意味ではない。"
"R06-G-Q13-C2","R06-G-Q13","DX-G05-008","classified-reviewed-original-evidence-independent","not-independently-verified","draft","","技術・法令・規格・原題の独立監査を別途","not-in-175-HOLD-queue","not-authorized","意味的分類と主張・原題の根拠監査を区別。非HOLDは最終承認の意味ではない。"
"R06-G-Q13-C3","R06-G-Q13","DX-G05-008","classified-reviewed-original-evidence-independent","not-independently-verified","draft","","技術・法令・規格・原題の独立監査を別途","not-in-175-HOLD-queue","not-authorized","意味的分類と主張・原題の根拠監査を区別。非HOLDは最終承認の意味ではない。"
"R06-G-Q13-C4","R06-G-Q13","DX-G05-008","classified-reviewed-original-evidence-independent","not-independently-verified","draft","","技術・法令・規格・原題の独立監査を別途","not-in-175-HOLD-queue","not-authorized","意味的分類と主張・原題の根拠監査を区別。非HOLDは最終承認の意味ではない。"
"R06-G-Q13-C5","R06-G-Q13","DX-G05-008","classified-reviewed-original-evidence-independent","not-independently-verified","draft","","技術・法令・規格・原題の独立監査を別途","not-in-175-HOLD-queue","not-authorized","意味的分類と主張・原題の根拠監査を区別。非HOLDは最終承認の意味ではない。"
"R06-G-Q14-C1","R06-G-Q14","DX-G05-002","classified-reviewed-original-evidence-independent","not-independently-verified","needs-history-inventory","","技術・法令・規格・原題の独立監査を別途","not-in-175-HOLD-queue","not-authorized","意味的分類と主張・原題の根拠監査を区別。非HOLDは最終承認の意味ではない。"
"R06-G-Q14-C2","R06-G-Q14","DX-G05-002","classified-reviewed-original-evidence-independent","not-independently-verified","needs-history-inventory","","技術・法令・規格・原題の独立監査を別途","not-in-175-HOLD-queue","not-authorized","意味的分類と主張・原題の根拠監査を区別。非HOLDは最終承認の意味ではない。"
"R06-G-Q14-C3","R06-G-Q14","DX-G02-003","classified-reviewed-original-evidence-independent","not-independently-verified","needs-history-inventory","","技術・法令・規格・原題の独立監査を別途","not-in-175-HOLD-queue","not-authorized","意味的分類と主張・原題の根拠監査を区別。非HOLDは最終承認の意味ではない。"
"R06-G-Q14-C4","R06-G-Q14","DX-G04-014","classified-reviewed-original-evidence-independent","not-independently-verified","needs-history-inventory","","技術・法令・規格・原題の独立監査を別途","not-in-175-HOLD-queue","not-authorized","意味的分類と主張・原題の根拠監査を区別。非HOLDは最終承認の意味ではない。"
"R06-G-Q14-C5","R06-G-Q14","DX-G06-007","classified-reviewed-original-evidence-independent","not-independently-verified","needs-history-inventory","","技術・法令・規格・原題の独立監査を別途","not-in-175-HOLD-queue","not-authorized","意味的分類と主張・原題の根拠監査を区別。非HOLDは最終承認の意味ではない。"
"R06-G-Q15-C5","R06-G-Q15","DX-A05-020","classified-reviewed-original-evidence-independent","not-independently-verified","primary-environment-notice-check","","技術・法令・規格・原題の独立監査を別途","not-in-175-HOLD-queue","not-authorized","意味的分類と主張・原題の根拠監査を区別。非HOLDは最終承認の意味ではない。"
"R06-A-Q12-C4","R06-A-Q12","DX-A02-016","classified-reviewed-original-evidence-independent","not-independently-verified","R06-reprinted-PDF-visual-reviewed;JEMAI-original-identity-not-confirmed;primary-technical-JIS-audit-pending","","技術・法令・規格・原題の独立監査を別途","HOLD","not-authorized","意味的分類と主張・原題の根拠監査を区別。非HOLDは最終承認の意味ではない。"
"R06-A-Q13-C1","R06-A-Q13","DX-A03-003","classified-reviewed-original-evidence-independent","not-independently-verified","draft","","技術・法令・規格・原題の独立監査を別途","not-in-175-HOLD-queue","not-authorized","意味的分類と主張・原題の根拠監査を区別。非HOLDは最終承認の意味ではない。"
"R06-A-Q13-C3","R06-A-Q13","DX-A03-006","classified-reviewed-original-evidence-independent","not-independently-verified","draft","","技術・法令・規格・原題の独立監査を別途","not-in-175-HOLD-queue","not-authorized","意味的分類と主張・原題の根拠監査を区別。非HOLDは最終承認の意味ではない。"
"R06-A-Q13-C5","R06-A-Q13","DX-A03-006","classified-reviewed-original-evidence-independent","not-independently-verified","draft","","技術・法令・規格・原題の独立監査を別途","not-in-175-HOLD-queue","not-authorized","意味的分類と主張・原題の根拠監査を区別。非HOLDは最終承認の意味ではない。"
"R06-A-Q15-C1","R06-A-Q15","DX-A04-017","classified-reviewed-original-evidence-independent","not-independently-verified","draft","","技術・法令・規格・原題の独立監査を別途","not-in-175-HOLD-queue","not-authorized","意味的分類と主張・原題の根拠監査を区別。非HOLDは最終承認の意味ではない。"
"R06-A-Q15-C2","R06-A-Q15","DX-A04-017","classified-reviewed-original-evidence-independent","not-independently-verified","draft","","技術・法令・規格・原題の独立監査を別途","not-in-175-HOLD-queue","not-authorized","意味的分類と主張・原題の根拠監査を区別。非HOLDは最終承認の意味ではない。"
"R06-A-Q15-C4","R06-A-Q15","DX-A04-017","classified-reviewed-original-evidence-independent","not-independently-verified","draft","","技術・法令・規格・原題の独立監査を別途","not-in-175-HOLD-queue","not-authorized","意味的分類と主張・原題の根拠監査を区別。非HOLDは最終承認の意味ではない。"
"R06-A-Q18-C4","R06-A-Q18","DX-A05-008","classified-reviewed-original-evidence-independent","not-independently-verified","needs-JIS-text","","技術・法令・規格・原題の独立監査を別途","not-in-175-HOLD-queue","not-authorized","意味的分類と主張・原題の根拠監査を区別。非HOLDは最終承認の意味ではない。"
"R07-G-Q01-C1","R07-G-Q01","DX-A05-007","classified-reviewed-original-evidence-independent","not-independently-verified","underline-check","","技術・法令・規格・原題の独立監査を別途","not-in-175-HOLD-queue","not-authorized","意味的分類と主張・原題の根拠監査を区別。非HOLDは最終承認の意味ではない。"
"R07-G-Q01-C2","R07-G-Q01","DX-A05-011","classified-reviewed-original-evidence-independent","not-independently-verified","underline-check","","技術・法令・規格・原題の独立監査を別途","not-in-175-HOLD-queue","not-authorized","意味的分類と主張・原題の根拠監査を区別。非HOLDは最終承認の意味ではない。"
"R07-G-Q01-C3","R07-G-Q01","DX-A05-011","classified-reviewed-original-evidence-independent","prior-pass-source-support","not-independently-original-paper-audited","V28-12","2022改訂版と原下線","not-in-175-HOLD-queue","not-authorized","意味的分類と主張・原題の根拠監査を区別。非HOLDは最終承認の意味ではない。"
"R07-G-Q02-C2","R07-G-Q02","DX-G01-004","classified-reviewed-original-evidence-independent","not-independently-verified","draft","","技術・法令・規格・原題の独立監査を別途","not-in-175-HOLD-queue","not-authorized","意味的分類と主張・原題の根拠監査を区別。非HOLDは最終承認の意味ではない。"
"R07-G-Q02-C3","R07-G-Q02","DX-G01-002","classified-reviewed-original-evidence-independent","not-independently-verified","draft","","技術・法令・規格・原題の独立監査を別途","not-in-175-HOLD-queue","not-authorized","意味的分類と主張・原題の根拠監査を区別。非HOLDは最終承認の意味ではない。"
"R07-G-Q02-C4","R07-G-Q02","DX-G01-004","classified-reviewed-original-evidence-independent","not-independently-verified","draft","","技術・法令・規格・原題の独立監査を別途","not-in-175-HOLD-queue","not-authorized","意味的分類と主張・原題の根拠監査を区別。非HOLDは最終承認の意味ではない。"
"R07-G-Q04-C1","R07-G-Q04","DX-A04-015","classified-reviewed-original-evidence-independent","not-independently-verified","draft","","技術・法令・規格・原題の独立監査を別途","not-in-175-HOLD-queue","not-authorized","意味的分類と主張・原題の根拠監査を区別。非HOLDは最終承認の意味ではない。"
"R07-G-Q04-C2","R07-G-Q04","DX-A04-012","classified-reviewed-original-evidence-independent","not-independently-verified","draft","","技術・法令・規格・原題の独立監査を別途","not-in-175-HOLD-queue","not-authorized","意味的分類と主張・原題の根拠監査を区別。非HOLDは最終承認の意味ではない。"
"R07-G-Q04-C3","R07-G-Q04","DX-A04-019","classified-reviewed-original-evidence-independent","not-independently-verified","draft","","技術・法令・規格・原題の独立監査を別途","not-in-175-HOLD-queue","not-authorized","意味的分類と主張・原題の根拠監査を区別。非HOLDは最終承認の意味ではない。"
"R07-G-Q04-C4","R07-G-Q04","DX-A02-014","classified-reviewed-original-evidence-independent","not-independently-verified","draft","","技術・法令・規格・原題の独立監査を別途","not-in-175-HOLD-queue","not-authorized","意味的分類と主張・原題の根拠監査を区別。非HOLDは最終承認の意味ではない。"
"R07-G-Q04-C5","R07-G-Q04","DX-A02-017","classified-reviewed-original-evidence-independent","not-independently-verified","draft","","技術・法令・規格・原題の独立監査を別途","not-in-175-HOLD-queue","not-authorized","意味的分類と主張・原題の根拠監査を区別。非HOLDは最終承認の意味ではない。"
"R07-G-Q07-C1","R07-G-Q07","DX-G03-002","classified-reviewed-original-evidence-independent","not-independently-verified","needs-2022-statistics","","技術・法令・規格・原題の独立監査を別途","not-in-175-HOLD-queue","not-authorized","意味的分類と主張・原題の根拠監査を区別。非HOLDは最終承認の意味ではない。"
"R07-G-Q07-C2","R07-G-Q07","DX-G03-002","classified-reviewed-original-evidence-independent","not-independently-verified","needs-2022-statistics","","技術・法令・規格・原題の独立監査を別途","not-in-175-HOLD-queue","not-authorized","意味的分類と主張・原題の根拠監査を区別。非HOLDは最終承認の意味ではない。"
"R07-G-Q07-C3","R07-G-Q07","DX-G03-002","classified-reviewed-original-evidence-independent","not-independently-verified","needs-2022-statistics","","技術・法令・規格・原題の独立監査を別途","not-in-175-HOLD-queue","not-authorized","意味的分類と主張・原題の根拠監査を区別。非HOLDは最終承認の意味ではない。"
"R07-G-Q07-C4","R07-G-Q07","DX-G03-002","classified-reviewed-original-evidence-independent","not-independently-verified","needs-2022-statistics","","技術・法令・規格・原題の独立監査を別途","not-in-175-HOLD-queue","not-authorized","意味的分類と主張・原題の根拠監査を区別。非HOLDは最終承認の意味ではない。"
"R07-G-Q07-C5","R07-G-Q07","DX-G03-002","classified-reviewed-original-evidence-independent","not-independently-verified","needs-2022-statistics","","技術・法令・規格・原題の独立監査を別途","not-in-175-HOLD-queue","not-authorized","意味的分類と主張・原題の根拠監査を区別。非HOLDは最終承認の意味ではない。"
"R07-G-Q13-C3","R07-G-Q13","DX-G05-002","classified-reviewed-original-evidence-independent","not-independently-verified","draft","","技術・法令・規格・原題の独立監査を別途","not-in-175-HOLD-queue","not-authorized","意味的分類と主張・原題の根拠監査を区別。非HOLDは最終承認の意味ではない。"
"R07-G-Q13-C4","R07-G-Q13","DX-A04-013","classified-reviewed-original-evidence-independent","not-independently-verified","draft","","技術・法令・規格・原題の独立監査を別途","not-in-175-HOLD-queue","not-authorized","意味的分類と主張・原題の根拠監査を区別。非HOLDは最終承認の意味ではない。"
"R07-G-Q15-C1","R07-G-Q15","DX-G03-009","classified-reviewed-original-evidence-independent","not-independently-verified","needs-2022-statistics","","技術・法令・規格・原題の独立監査を別途","not-in-175-HOLD-queue","not-authorized","意味的分類と主張・原題の根拠監査を区別。非HOLDは最終承認の意味ではない。"
"R07-G-Q15-C2","R07-G-Q15","DX-G03-010","classified-reviewed-original-evidence-independent","not-independently-verified","needs-2022-statistics","","技術・法令・規格・原題の独立監査を別途","not-in-175-HOLD-queue","not-authorized","意味的分類と主張・原題の根拠監査を区別。非HOLDは最終承認の意味ではない。"
"R07-G-Q15-C3","R07-G-Q15","DX-G03-010","classified-reviewed-original-evidence-independent","not-independently-verified","needs-2022-statistics","","技術・法令・規格・原題の独立監査を別途","not-in-175-HOLD-queue","not-authorized","意味的分類と主張・原題の根拠監査を区別。非HOLDは最終承認の意味ではない。"
"R07-G-Q15-C4","R07-G-Q15","DX-G03-009","classified-reviewed-original-evidence-independent","not-independently-verified","needs-2022-statistics","","技術・法令・規格・原題の独立監査を別途","not-in-175-HOLD-queue","not-authorized","意味的分類と主張・原題の根拠監査を区別。非HOLDは最終承認の意味ではない。"
"R07-G-Q15-C5","R07-G-Q15","DX-G03-010","classified-reviewed-original-evidence-independent","not-independently-verified","needs-2022-statistics","","技術・法令・規格・原題の独立監査を別途","not-in-175-HOLD-queue","not-authorized","意味的分類と主張・原題の根拠監査を区別。非HOLDは最終承認の意味ではない。"
"R07-A-Q04-C1","R07-A-Q04","DX-A01-005","classified-reviewed-original-evidence-independent","not-independently-verified","draft","","技術・法令・規格・原題の独立監査を別途","not-in-175-HOLD-queue","not-authorized","意味的分類と主張・原題の根拠監査を区別。非HOLDは最終承認の意味ではない。"
"R07-A-Q04-C3","R07-A-Q04","DX-A01-006","classified-reviewed-original-evidence-independent","not-independently-verified","draft","","技術・法令・規格・原題の独立監査を別途","not-in-175-HOLD-queue","not-authorized","意味的分類と主張・原題の根拠監査を区別。非HOLDは最終承認の意味ではない。"
"R07-A-Q04-C4","R07-A-Q04","DX-A01-008","classified-reviewed-original-evidence-independent","not-independently-verified","draft","","技術・法令・規格・原題の独立監査を別途","not-in-175-HOLD-queue","not-authorized","意味的分類と主張・原題の根拠監査を区別。非HOLDは最終承認の意味ではない。"
"R07-A-Q04-C5","R07-A-Q04","DX-A01-008","classified-reviewed-original-evidence-independent","not-independently-verified","draft","","技術・法令・規格・原題の独立監査を別途","not-in-175-HOLD-queue","not-authorized","意味的分類と主張・原題の根拠監査を区別。非HOLDは最終承認の意味ではない。"
"R07-A-Q08-C3","R07-A-Q08","DX-A01-006","classified-reviewed-original-evidence-independent","not-independently-verified","draft","","技術・法令・規格・原題の独立監査を別途","not-in-175-HOLD-queue","not-authorized","意味的分類と主張・原題の根拠監査を区別。非HOLDは最終承認の意味ではない。"
"R07-A-Q09-C2","R07-A-Q09","DX-G05-008","classified-reviewed-original-evidence-independent","not-independently-verified","needs-process-source","","技術・法令・規格・原題の独立監査を別途","not-in-175-HOLD-queue","not-authorized","意味的分類と主張・原題の根拠監査を区別。非HOLDは最終承認の意味ではない。"
"R07-A-Q14-C5","R07-A-Q14","DX-A04-002","classified-reviewed-original-evidence-independent","not-independently-verified","needs-process-source","","技術・法令・規格・原題の独立監査を別途","not-in-175-HOLD-queue","not-authorized","意味的分類と主張・原題の根拠監査を区別。非HOLDは最終承認の意味ではない。"
"R07-A-Q24-C4","R07-A-Q24","DX-A05-019","classified-reviewed-original-evidence-independent","not-independently-verified","needs-JIS-text","","技術・法令・規格・原題の独立監査を別途","not-in-175-HOLD-queue","not-authorized","意味的分類と主張・原題の根拠監査を区別。非HOLDは最終承認の意味ではない。"
