"choice_id","question_id","reviewed_main_knowledge_id","reason","source_ids","exam_scope","semantic_status","content_status","remaining_qa","publication_approval"
"R03-G-Q01-C1","R03-G-Q01","DX-G01-007","大気 0.6 pg-TEQ/m3","QA34-R03-REPRINT QA34-ENV-STANDARDS","public-reprint-2021-text-read-visual-original-JEMAI-unmatched","reviewed-appropriate","MOE-standards-independent-supported","2021施行告示との形式的な比較・公式PDF原本・掲載編集","not-authorized"
"R03-G-Q01-C2","R03-G-Q01","DX-G01-008","水質 1 pg-TEQ/L","QA34-R03-REPRINT QA34-ENV-STANDARDS","public-reprint-2021-text-read-visual-original-JEMAI-unmatched","reviewed-appropriate","MOE-standards-independent-supported","2021施行告示との形式的な比較・公式PDF原本・掲載編集","not-authorized"
"R03-G-Q01-C3","R03-G-Q01","DX-G01-009","底質 150 pg-TEQ/g","QA34-R03-REPRINT QA34-ENV-STANDARDS","public-reprint-2021-text-read-visual-original-JEMAI-unmatched","reviewed-appropriate","MOE-standards-independent-supported","2021施行告示との形式的な比較・公式PDF原本・掲載編集","not-authorized"
"R03-G-Q01-C4","R03-G-Q01","DX-G01-010","土壌基準は1000 pg-TEQ/gであり選択肢の100は誤り","QA34-R03-REPRINT QA34-ENV-STANDARDS","public-reprint-2021-text-read-visual-original-JEMAI-unmatched","reviewed-appropriate","MOE-standards-independent-supported","2021施行告示との形式的な比較・公式PDF原本・掲載編集","not-authorized"
"R03-G-Q01-C5","R03-G-Q01","DX-G01-007","大気と水質の評価は年間平均値","QA34-R03-REPRINT QA34-ENV-STANDARDS","public-reprint-2021-text-read-visual-original-JEMAI-unmatched","reviewed-appropriate","MOE-standards-independent-supported","2021施行告示との形式的な比較・公式PDF原本・掲載編集","not-authorized"
"R03-G-Q13-C1","R03-G-Q13","DX-G04-016","HpCB1 < HxCDD3 < HxCDF4 < PeCB5（成立）。『多い順』の設問文と小なりの向きは矛盾。","QA34-R03-REPRINT QA34-TEF-MOE","public-reprint-2021-PDF-index7-page-image-visually-checked","reviewed-with-source-wording-conflict","TEF-congener-numbers-independent-supported","JEMAI公式原題の同一性・編集注記","not-authorized"
"R06-A-Q04-C1","R06-A-Q04","DX-A01-017","粒径と各方式の部分捕集効率曲線の比較。バグフィルター単一概念から方式横断の独立概念へ変更。","QA33-R06-EXAM QA33-COLLECTOR-MOE","2024-public-reprint-PDF-index4-figure-visually-checked","reviewed-corrected","MOE-collector-diagram-qualitative-support","JEMAI公式配布問題図の同一性と最終編集・公開判定","not-authorized"
"R06-A-Q04-C2","R06-A-Q04","DX-A01-017","粒径と各方式の部分捕集効率曲線の比較。バグフィルター単一概念から方式横断の独立概念へ変更。","QA33-R06-EXAM QA33-COLLECTOR-MOE","2024-public-reprint-PDF-index4-figure-visually-checked","reviewed-corrected","MOE-collector-diagram-qualitative-support","JEMAI公式配布問題図の同一性と最終編集・公開判定","not-authorized"
"R06-A-Q04-C3","R06-A-Q04","DX-A01-017","粒径と各方式の部分捕集効率曲線の比較。バグフィルター単一概念から方式横断の独立概念へ変更。","QA33-R06-EXAM QA33-COLLECTOR-MOE","2024-public-reprint-PDF-index4-figure-visually-checked","reviewed-corrected","MOE-collector-diagram-qualitative-support","JEMAI公式配布問題図の同一性と最終編集・公開判定","not-authorized"
"R06-A-Q04-C4","R06-A-Q04","DX-A01-017","粒径と各方式の部分捕集効率曲線の比較。バグフィルター単一概念から方式横断の独立概念へ変更。","QA33-R06-EXAM QA33-COLLECTOR-MOE","2024-public-reprint-PDF-index4-figure-visually-checked","reviewed-corrected","MOE-collector-diagram-qualitative-support","JEMAI公式配布問題図の同一性と最終編集・公開判定","not-authorized"
"R06-A-Q04-C5","R06-A-Q04","DX-A01-017","粒径と各方式の部分捕集効率曲線の比較。バグフィルター単一概念から方式横断の独立概念へ変更。","QA33-R06-EXAM QA33-COLLECTOR-MOE","2024-public-reprint-PDF-index4-figure-visually-checked","reviewed-corrected","MOE-collector-diagram-qualitative-support","JEMAI公式配布問題図の同一性と最終編集・公開判定","not-authorized"
