"choice_id","question_id","reason","existing_candidate_ids","assigned_primary_id","assigned_item_id","brief_review_text"
"R03-G-Q04-C1","R03-G-Q04","cross-topic-secondary-review-required","DX-G01-013 DX-A02-021","DX-G01-013","1.4.3","焼結炉の新設基準0.1 ng-TEQ/m³を問う。"
"R03-G-Q04-C2","R03-G-Q04","cross-topic-secondary-review-required","DX-G01-013 DX-A02-021","DX-G01-013","1.4.3","製鋼電気炉の新設基準0.5 ng-TEQ/m³を問う。"
"R03-G-Q04-C3","R03-G-Q04","cross-topic-secondary-review-required","DX-G01-013 DX-A02-021","DX-G01-013","1.4.3","亜鉛回収の焙焼炉の新設基準1 ng-TEQ/m³を問う。"
"R03-G-Q04-C4","R03-G-Q04","cross-topic-secondary-review-required","DX-G01-013 DX-A02-021","DX-G01-013","1.4.3","アルミ合金乾燥炉の新設基準1 ng-TEQ/m³を問う。"
"R03-G-Q04-C5","R03-G-Q04","cross-topic-secondary-review-required","DX-G01-013 DX-A02-021","DX-G01-013","1.4.3","アルミ合金溶解炉を0.5 ng-TEQ/m³とする施設区分の適否がポイント。"
"R03-G-Q05-C1","R03-G-Q05","cross-topic-secondary-review-required","DX-G01-011 DX-A02-014 DX-A02-015 DX-A04-028","DX-G01-011","1.4.1","焼結炉の能力1t/hと対象区分を比較。"
"R03-G-Q05-C2","R03-G-Q05","cross-topic-secondary-review-required","DX-G01-011 DX-A02-014 DX-A02-015 DX-A04-028","DX-G01-011","1.4.1","製鋼電気炉の容量1000kVAと対象区分を比較。"
"R03-G-Q05-C3","R03-G-Q05","ambiguous-topic-review-required","DX-G01-011 DX-A02-014 DX-A02-015 DX-A04-028","DX-G01-011","1.4.1","硫酸カリウム製造の廃ガス洗浄設備を比較。"
"R03-G-Q05-C4","R03-G-Q05","cross-topic-secondary-review-required","DX-G01-011 DX-A02-014 DX-A02-015 DX-A04-028","DX-G01-011","1.4.1","カーバイド法アセチレンの洗浄設備を比較。"
"R03-G-Q05-C5","R03-G-Q05","ambiguous-topic-review-required","DX-G01-011 DX-A02-014 DX-A02-015 DX-A04-028","DX-G01-011","1.4.1","フロン破壊プラズマ反応施設が公害防止組織法の発生施設に含まれるかを比較。"
"R03-G-Q06-C1","R03-G-Q06","ambiguous-topic-review-required","DX-G04-001 DX-G04-002 DX-G04-003","DX-G04-003","4.1.3","PCDD・PCDF・DL-PCBの3群という分類。"
"R03-G-Q06-C4","R03-G-Q06","ambiguous-topic-review-required","DX-G04-001 DX-G04-002 DX-G04-003","DX-G04-003","4.1.3","PCBの10個の置換可能水素と最大10塩素。"
"R03-G-Q06-C5","R03-G-Q06","ambiguous-topic-review-required","DX-G04-001 DX-G04-002 DX-G04-003","DX-G04-003","4.1.3","DL-PCBの共平面性の説明。"
"R03-G-Q07-C1","R03-G-Q07","ambiguous-topic-review-required","DX-G03-011 DX-G03-009 DX-G01-011","DX-G01-011","1.4.1","大気関係施設数の2001～2002年度の変化は統計の照合が必要。"
"R03-G-Q07-C2","R03-G-Q07","ambiguous-topic-review-required","DX-G03-011 DX-G03-009 DX-G01-011","DX-G01-011","1.4.1","大気の施設種類の件数順位を問う。"
"R03-G-Q07-C3","R03-G-Q07","ambiguous-topic-review-required","DX-G03-011 DX-G03-009 DX-G01-011","DX-G01-011","1.4.1","上位3大気施設で約80%とした割合が公式正答上の誤り。原数表要確認。"
"R03-G-Q07-C4","R03-G-Q07","cross-topic-secondary-review-required","DX-G03-011 DX-G03-009 DX-G01-011","DX-G01-011","1.4.1","水質関係での洗浄・湿式集じんと灰貯留設備の件数順位を問う。"
"R03-G-Q07-C5","R03-G-Q07","ambiguous-topic-review-required","DX-G03-011 DX-G03-009 DX-G01-011","DX-G01-011","1.4.1","水質上位2設備で70%以上という比率の原表を確認する。"
"R03-G-Q08-C1","R03-G-Q08","ambiguous-topic-review-required","DX-G03-002 DX-G03-004 DX-G03-005 DX-G03-011","DX-G03-002","3.1.2","焼却施設からの排出合計約56gという個別値は2018年の原表と追加照合。"
"R03-G-Q08-C2","R03-G-Q08","ambiguous-topic-review-required","DX-G03-002 DX-G03-004 DX-G03-005 DX-G03-011","DX-G03-002","3.1.2","産業系の大気排出寄与約48%も原表確認。"
"R03-G-Q08-C3","R03-G-Q08","cross-topic-secondary-review-required","DX-G03-002 DX-G03-004 DX-G03-005 DX-G03-011","DX-G03-002","3.1.2","産業系最大が製鋼用電気炉との寄与順位を原表確認。"
"R03-G-Q08-C4","R03-G-Q08","ambiguous-topic-review-required","DX-G03-002 DX-G03-004 DX-G03-005 DX-G03-011","DX-G03-004","3.2.1","一般廃棄物焼却と電炉の大小が逆のため誤りとされる。"
"R03-G-Q11-C1","R03-G-Q11","ambiguous-topic-review-required","DX-G04-007 DX-G04-009","DX-G06-001","6.1.1","ダイオキシン類の異性体ごとに毒性が異なる。"
"R03-G-Q11-C2","R03-G-Q11","cross-chapter-review-required","DX-G04-007 DX-G04-009","DX-G04-007","4.3.1","TCDDを基準にTEFで相対毒性を示す。"
"R03-G-Q11-C3","R03-G-Q11","ambiguous-topic-review-required","DX-G04-007 DX-G04-009","DX-G06-001","6.1.1","PCDFの対象は10、DL-PCBは12であり12と10が逆。"
"R03-G-Q11-C4","R03-G-Q11","cross-chapter-review-required","DX-G04-007 DX-G04-009","DX-G04-007","4.3.1","2,3,7,8位の塩素置換はTEF対象PCDD/PCDFの条件。"
"R03-G-Q11-C5","R03-G-Q11","cross-chapter-review-required","DX-G04-007 DX-G04-009","DX-G04-007","4.3.1","PCB-126はDL-PCBの中でTEFが最も大きい。"
"R03-G-Q13-C2","R03-G-Q13","ambiguous-topic-review-required","DX-G04-004 DX-G04-005 DX-G04-009","DX-G04-009","4.3.3","②はPeCDDs(1)<HxCBs(4)<HxCDDs(3)<HpCDFs(2)となり、4<3等が不成立。"
"R03-G-Q13-C3","R03-G-Q13","ambiguous-topic-review-required","DX-G04-004 DX-G04-005 DX-G04-009","DX-G04-009","4.3.3","③はPeCDFs(2)<PeCDDs(1)<HpCDFs(2)<HxCDFs(4)となり、2<1が不成立。"
"R03-G-Q13-C4","R03-G-Q13","ambiguous-topic-review-required","DX-G04-004 DX-G04-005 DX-G04-009","DX-G04-009","4.3.3","④はPeCDDs(1)<HxCDDs(3)<HpCDFs(2)<HxCDFs(4)となり、3<2が不成立。"
"R03-G-Q13-C5","R03-G-Q13","ambiguous-topic-review-required","DX-G04-004 DX-G04-005 DX-G04-009","DX-G04-009","4.3.3","⑤はHpCDFs(2)<PeCDDs(1)<PeCDFs(2)<HxCDDs(3)となり、2<1が不成立。"
"R03-G-Q14-C1","R03-G-Q14","ambiguous-topic-review-required","DX-G05-005 DX-G05-007 DX-G05-008","DX-G05-005","5.2.2","粒子状炭素などの酸化に伴う生成。"
"R03-G-Q14-C2","R03-G-Q14","ambiguous-topic-review-required","DX-G05-005 DX-G05-007 DX-G05-008","DX-G05-005","5.2.2","複数の異性体が同時に生成する。"
"R03-G-Q14-C3","R03-G-Q14","ambiguous-topic-review-required","DX-G05-005 DX-G05-007 DX-G05-008","DX-G05-005","5.2.2","銅や飛灰の触媒作用。"
"R03-G-Q14-C5","R03-G-Q14","ambiguous-topic-review-required","DX-G05-005 DX-G05-007 DX-G05-008","DX-G05-005","5.2.2","飛灰等の表面反応であり均一反応とするのは不適切。"
"R03-G-Q15-C5","R03-G-Q15","cross-topic-secondary-review-required","DX-G05-008 DX-G05-009","DX-G05-008","5.3.3","⑤は焼却炉の異なる場所で温度履歴・飛灰・触媒成分等が異なれば生成物の同族体パターンが変わり得る。"
"R03-A-Q03-C1","R03-A-Q03","ambiguous-topic-review-required","DX-A01-008","DX-A04-001","11.2.1","下線①の金属・金属酸化物はダイオキシン類の酸化分解触媒の候補となる材料である。"
"R03-A-Q03-C2","R03-A-Q03","ambiguous-topic-review-required","DX-A01-008","DX-A04-001","11.2.1","②還元分解は誤り。焼却排ガス中のダイオキシン類の触媒処理は通常酸化分解であり、アンモニア還元脱硝とは区別する。"
"R03-A-Q03-C3","R03-A-Q03","ambiguous-topic-review-required","DX-A01-008","DX-A04-001","11.2.1","下線③の集じん装置より後段への配置は触媒への粉じん流入を抑える設計に対応する。"
"R03-A-Q03-C4","R03-A-Q03","ambiguous-topic-review-required","DX-A01-008","DX-A04-001","11.2.1","下線④の酸性硫酸アンモニウムの析出は触媒活性低下の原因になり得る。"
"R03-A-Q03-C5","R03-A-Q03","ambiguous-topic-review-required","DX-A01-008","DX-A04-001","11.2.1","下線⑤の約200℃以上という記述は出題の標準的条件に対応するが、全触媒の一律の運転温度ではない。"
"R03-A-Q05-C1","R03-A-Q05","ambiguous-topic-review-required","DX-A01-008","DX-A05-007","12.3.1","濃度低下率は5%ではない。また流量は750ではない。"
"R03-A-Q05-C2","R03-A-Q05","ambiguous-topic-review-required","DX-A01-008","DX-A05-007","12.3.1","分解率5%は誤り。流量は3000m³N/h。"
"R03-A-Q05-C3","R03-A-Q05","ambiguous-topic-review-required","DX-A01-008","DX-A05-007","12.3.1","分解率95%、流量3000なので80%、6000は違う。"
"R03-A-Q05-C4","R03-A-Q05","ambiguous-topic-review-required","DX-A01-008","DX-A05-007","12.3.1","分解率95%は一致するが流量750は不一致。"
"R03-A-Q05-C5","R03-A-Q05","ambiguous-topic-review-required","DX-A01-008","DX-A05-007","12.3.1","分解率95%、流量3000m³N/hが一致する。"
"R03-A-Q06-C5","R03-A-Q06","cross-topic-secondary-review-required","DX-A01-007 DX-A01-014","DX-A01-007","8.4.1","下線⑤の活性アルミナは極性分子の吸着に適する。"
"R03-A-Q08-C3","R03-A-Q08","cross-topic-secondary-review-required","DX-A02-001 DX-G05-005","DX-A02-001","9.2.1","一次集じんに乾式電気集じんが用いられる。"
"R03-A-Q10-C1","R03-A-Q10","cross-topic-secondary-review-required","DX-A02-016","DX-A02-016","9.2.3","下線①のロータリーキルンは塩化揮発処理で熱処理に用いる回転炉に対応する。"
"R03-A-Q11-C1","R03-A-Q11","cross-topic-secondary-review-required","DX-A02-017","DX-A02-017","9.3.1","酸素0.1%以下や炉温300℃では正答条件と異なる。"
"R03-A-Q11-C2","R03-A-Q11","cross-topic-secondary-review-required","DX-A02-017","DX-A02-017","9.3.1","前段温度を300℃とする部分が異なる。"
"R03-A-Q12-C2","R03-A-Q12","ambiguous-topic-review-required","DX-A03-003 DX-A03-005 DX-A03-006","DX-A03-005","10.2.2","促進酸化とpH調整をこの処理段階へ当てるのは不適切。"
"R03-A-Q12-C3","R03-A-Q12","ambiguous-topic-review-required","DX-A03-003 DX-A03-005 DX-A03-006","DX-A03-005","10.2.2","無機栄養塩の除去・促進酸化を二次として扱う組合せが異なる。"
"R03-A-Q12-C4","R03-A-Q12","ambiguous-topic-review-required","DX-A03-003 DX-A03-005 DX-A03-006","DX-A03-005","10.2.2","一次二次の役割が合わない。"
"R03-A-Q12-C5","R03-A-Q12","ambiguous-topic-review-required","DX-A03-003 DX-A03-005 DX-A03-006","DX-A03-005","10.2.2","溶存態にpH調整だけでは十分な除去を期待できない。"
"R03-A-Q17-C5","R03-A-Q17","cross-topic-secondary-review-required","DX-A05-001 DX-A05-007 DX-A05-009","DX-A05-001","12.1.1","対象化合物濃度×TEFの総和でTEQを求める。"
"R04-G-Q05-C2","R04-G-Q05","cross-topic-secondary-review-required","DX-G01-011 DX-A04-021","DX-G01-011","1.4.1","アルミナ繊維の廃ガス洗浄施設は対象。"
"R04-G-Q05-C4","R04-G-Q05","cross-topic-secondary-review-required","DX-G01-011 DX-A04-021","DX-G01-011","1.4.1","クロロベンゼン製造の水洗施設は対象。"
"R04-G-Q05-C5","R04-G-Q05","cross-topic-secondary-review-required","DX-G01-011 DX-A04-021","DX-G01-011","1.4.1","カーバイド法アセチレンの洗浄施設は対象。"
"R04-G-Q06-C1","R04-G-Q06","ambiguous-topic-review-required","DX-G04-001 DX-G04-002 DX-G04-003","DX-G04-001","4.1.1","ダイオキシン類の法定物質群の整理。"
"R04-G-Q09-C1","R04-G-Q09","cross-topic-secondary-review-required","DX-G03-002 DX-G03-004 DX-G03-005","DX-G03-002","3.1.2","焼却施設と亜鉛回収の組合せが異なる。"
"R04-G-Q09-C2","R04-G-Q09","cross-topic-secondary-review-required","DX-G03-002 DX-G03-004 DX-G03-005","DX-G03-002","3.1.2","焼却約5割強、製鋼用電気炉、水寄与1.1%が正答。"
"R04-G-Q09-C3","R04-G-Q09","cross-topic-secondary-review-required","DX-G03-002 DX-G03-004 DX-G03-005","DX-G03-002","3.1.2","焼結工程を産業系最大とするのが違う。"
"R04-G-Q09-C4","R04-G-Q09","ambiguous-topic-review-required","DX-G03-002 DX-G03-004 DX-G03-005","DX-G03-002","3.1.2","水への排出率を0.1%とする点が違う。"
"R04-G-Q09-C5","R04-G-Q09","cross-topic-secondary-review-required","DX-G03-002 DX-G03-004 DX-G03-005","DX-G03-002","3.1.2","亜鉛回収を最大に置く点が違う。"
"R04-G-Q11-C1","R04-G-Q11","cross-chapter-review-required","DX-G04-003 DX-G04-006 DX-G04-011","DX-G04-003","4.1.3","四塩素化PCBの分子量は約292。"
"R04-G-Q11-C2","R04-G-Q11","ambiguous-topic-review-required","DX-G04-003 DX-G04-006 DX-G04-011","DX-G02-001","2.1.1","融点範囲の数値は物性表と照合予定。"
"R04-G-Q11-C3","R04-G-Q11","cross-chapter-review-required","DX-G04-003 DX-G04-006 DX-G04-011","DX-G04-011","4.4.2","蒸気圧の値を高く見積もった箇所が誤りとされる。"
"R04-G-Q11-C4","R04-G-Q11","cross-chapter-review-required","DX-G04-003 DX-G04-006 DX-G04-011","DX-G04-006","4.2.3","TEF対象はノンオルト4・モノオルト8種。"
"R04-G-Q11-C5","R04-G-Q11","cross-chapter-review-required","DX-G04-003 DX-G04-006 DX-G04-011","DX-G04-007","4.3.1","最も高いTEFのDL-PCBはPCB-126。"
"R04-G-Q12-C1","R04-G-Q12","ambiguous-topic-review-required","DX-G04-004 DX-G04-005 DX-G04-014","DX-G04-004","4.2.1","PCB全209異性体を135種と取り違え。"
"R04-G-Q12-C2","R04-G-Q12","ambiguous-topic-review-required","DX-G04-004 DX-G04-005 DX-G04-014","DX-G04-004","4.2.1","PCDD75種よりPCDF135種の方が多い。"
"R04-G-Q12-C4","R04-G-Q12","ambiguous-topic-review-required","DX-G04-004 DX-G04-005 DX-G04-014","DX-G04-004","4.2.1","モルモットの半数致死量を1ng/kgとする数値が不適切。"
"R04-G-Q12-C5","R04-G-Q12","cross-topic-secondary-review-required","DX-G04-004 DX-G04-005 DX-G04-014","DX-G04-004","4.2.1","底質では有機物等に濃縮されやすい。"
"R04-G-Q14-C3","R04-G-Q14","cross-topic-secondary-review-required","DX-G06-007 DX-G04-014","DX-G04-014","4.5.2","パルプ漂白排水からの排出。"
"R04-G-Q14-C5","R04-G-Q14","ambiguous-topic-review-required","DX-G06-007 DX-G04-014","DX-G04-003","4.1.3","PCBの環境残留性が高い。"
"R04-G-Q15-C1","R04-G-Q15","ambiguous-topic-review-required","DX-G06-007 DX-G06-009 DX-G03-011","DX-G06-007","6.3.1","総量1.27ではない。"
"R04-G-Q15-C2","R04-G-Q15","ambiguous-topic-review-required","DX-G06-007 DX-G06-009 DX-G03-011","DX-G06-007","6.3.1","総量0.47・食事98.1%・魚介類87.1%。"
"R04-G-Q15-C3","R04-G-Q15","ambiguous-topic-review-required","DX-G06-007 DX-G06-009 DX-G03-011","DX-G06-007","6.3.1","総量1.27等で違う。"
"R04-G-Q15-C4","R04-G-Q15","ambiguous-topic-review-required","DX-G06-007 DX-G06-009 DX-G03-011","DX-G06-007","6.3.1","食事の割合を87.1とするのは違う。"
"R04-G-Q15-C5","R04-G-Q15","ambiguous-topic-review-required","DX-G06-007 DX-G06-009 DX-G03-011","DX-G06-007","6.3.1","総量0.87等で違う。"
"R04-A-Q06-C3","R04-A-Q06","cross-topic-secondary-review-required","DX-A01-007","DX-A01-007","8.4.1","活性アルミナの吸着特性を問う。物性値は資料で再確認。"
"R04-A-Q09-C5","R04-A-Q09","cross-topic-secondary-review-required","DX-A02-015","DX-A02-015","9.2.2","ダスト加熱時のde novo合成可能性。"
"R04-A-Q12-C3","R04-A-Q12","cross-topic-secondary-review-required","DX-A02-017 DX-A01-005","DX-A02-017","9.3.1","300℃以上でのバグ入口運転はde novo反応や材料耐熱上不利。"
"R04-A-Q13-C1","R04-A-Q13","ambiguous-topic-review-required","DX-G04-009 DX-G05-008","DX-A03-001","10.1.1","臭素系の環境汚染も懸念される。"
"R04-A-Q13-C2","R04-A-Q13","cross-chapter-review-required","DX-G04-009 DX-G05-008","DX-G04-007","4.3.1","臭素系に正式な国際TEFは未確定。"
"R04-A-Q13-C3","R04-A-Q13","cross-chapter-review-required","DX-G04-009 DX-G05-008","DX-G04-007","4.3.1","WHOは塩素系TEFの代用を勧告しないとした部分が試験上誤り。原典再確認。"
"R04-A-Q13-C4","R04-A-Q13","ambiguous-topic-review-required","DX-G04-009 DX-G05-008","DX-A03-001","10.1.1","特措法附則で臭素系の調査研究を扱う。"
"R04-A-Q13-C5","R04-A-Q13","ambiguous-topic-review-required","DX-G04-009 DX-G05-008","DX-A03-001","10.1.1","環境省の調査開始時期は一次資料と照合予定。"
"R04-A-Q14-C1","R04-A-Q14","cross-topic-secondary-review-required","DX-A03-003 DX-A03-005 DX-A03-006","DX-A03-003","10.1.3","浮遊物質／活性汚泥／活性炭吸着の組合せが適切。"
"R04-A-Q14-C2","R04-A-Q14","ambiguous-topic-review-required","DX-A03-003 DX-A03-005 DX-A03-006","DX-A03-005","10.2.2","初段を有機物除去、最後をpH調整とする点が違う。"
"R04-A-Q14-C3","R04-A-Q14","ambiguous-topic-review-required","DX-A03-003 DX-A03-005 DX-A03-006","DX-A03-005","10.2.2","無機栄養塩類の固液分離という組合せが違う。"
"R04-A-Q14-C4","R04-A-Q14","ambiguous-topic-review-required","DX-A03-003 DX-A03-005 DX-A03-006","DX-A03-005","10.2.2","有機物／無機栄養塩類／清澄ろ過の組合せが違う。"
"R04-A-Q14-C5","R04-A-Q14","ambiguous-topic-review-required","DX-A03-003 DX-A03-005 DX-A03-006","DX-A03-005","10.2.2","最後の清澄ろ過だけでは溶存態を狙えない。"
"R04-A-Q16-C5","R04-A-Q16","cross-topic-secondary-review-required","DX-A04-017","DX-A04-017","11.2.3","⑤銅塩（CuCl₂等）を担持した触媒が酸化塩素化に用いられる。"
"R04-A-Q17-C4","R04-A-Q17","cross-topic-secondary-review-required","DX-A05-008","DX-A05-008","12.3.2","活性炭カラムはダイオキシン類群の分離に使用。"
"R05-G-Q05-C1","R05-G-Q05","cross-chapter-review-required","DX-A02-018 DX-A04-013 DX-A04-015 DX-A04-017 DX-A02-014","DX-A02-014","9.2.1","鉄鉱石焼結炉の能力1t/hという条件を問う。"
"R05-G-Q05-C2","R05-G-Q05","cross-chapter-review-required","DX-A02-018 DX-A04-013 DX-A04-015 DX-A04-017 DX-A02-014","DX-A05-008","12.3.2","アルミナ繊維製造の廃ガス洗浄設備を問う。"
"R05-G-Q05-C3","R05-G-Q05","cross-chapter-review-required","DX-A02-018 DX-A04-013 DX-A04-015 DX-A04-017 DX-A02-014","DX-A04-017","11.2.3","VCM製造の二塩化エチレン洗浄設備を問う。"
"R05-G-Q05-C4","R05-G-Q05","cross-chapter-review-required","DX-A02-018 DX-A04-013 DX-A04-015 DX-A04-017 DX-A02-014","DX-A02-020","9.4.2","焼却炉の火床面積0.5m²はダイ特法の閾値で、別制度の発生施設指定と混同しない。"
"R05-G-Q05-C5","R05-G-Q05","cross-chapter-review-required","DX-A02-018 DX-A04-013 DX-A04-015 DX-A04-017 DX-A02-014","DX-A02-016","9.2.3","電炉ダストからの亜鉛回収用焙焼炉の能力要件を問う。"
"R05-G-Q07-C4","R05-G-Q07","cross-topic-secondary-review-required","DX-G03-002 DX-G03-011","DX-G03-002","3.1.2","④化学パルプの漂白施設は水系ダイオキシン類の検討対象となる排出源の一つ。"
"R05-G-Q07-C5","R05-G-Q07","cross-topic-secondary-review-required","DX-G03-002 DX-G03-011","DX-G03-002","3.1.2","⑤塩化ビニルモノマーの製造に関連する施設も水系インベントリーの排出源分類に含まれる。"
"R05-G-Q08-C1","R05-G-Q08","ambiguous-topic-review-required","DX-G04-001 DX-G04-002 DX-G04-003","DX-G04-001","4.1.1","四塩素化PCDDの水素数・酸素2個は妥当。"
"R05-G-Q08-C2","R05-G-Q08","ambiguous-topic-review-required","DX-G04-001 DX-G04-002 DX-G04-003","DX-G04-001","4.1.1","六塩素化PCDDは水素2個。"
"R05-G-Q08-C3","R05-G-Q08","ambiguous-topic-review-required","DX-G04-001 DX-G04-002 DX-G04-003","DX-G04-002","4.1.2","OCDFはC12Cl8OでありC12Cl8O2ではない。"
"R05-G-Q08-C4","R05-G-Q08","ambiguous-topic-review-required","DX-G04-001 DX-G04-002 DX-G04-003","DX-G04-003","4.1.3","五塩素化PCBはC12H5Cl5。"
"R05-G-Q08-C5","R05-G-Q08","ambiguous-topic-review-required","DX-G04-001 DX-G04-002 DX-G04-003","DX-G04-003","4.1.3","七塩素化PCBはC12H3Cl7。"
"R05-G-Q11-C1","R05-G-Q11","ambiguous-topic-review-required","DX-G04-007 DX-G04-009","DX-G06-001","6.1.1","2,3,7,8置換異性体を中心に毒性評価する。"
"R05-G-Q11-C2","R05-G-Q11","ambiguous-topic-review-required","DX-G04-007 DX-G04-009","DX-G06-001","6.1.1","DL-PCBは12種であり、14種とする数え方が誤り。"
"R05-G-Q11-C3","R05-G-Q11","cross-chapter-review-required","DX-G04-007 DX-G04-009","DX-G04-007","4.3.1","1,2,3,7,8-PeCDDのTEFは1。"
"R05-G-Q11-C4","R05-G-Q11","cross-chapter-review-required","DX-G04-007 DX-G04-009","DX-G04-007","4.3.1","2,3,4,7,8-PeCDFのTEFは0.3。"
"R05-G-Q11-C5","R05-G-Q11","cross-chapter-review-required","DX-G04-007 DX-G04-009","DX-G04-007","4.3.1","PCB-126のTEFは0.1。"
"R05-G-Q13-C2","R05-G-Q13","ambiguous-topic-review-required","DX-G05-005 DX-G05-007 DX-G05-008","DX-G05-005","5.2.2","銅化合物や飛灰が触媒効果を持つ。"
"R05-G-Q13-C4","R05-G-Q13","ambiguous-topic-review-required","DX-G05-005 DX-G05-007 DX-G05-008","DX-G05-005","5.2.2","ダイオキシン類と同時に各種有機塩素化物が生成し得る。"
"R05-G-Q13-C5","R05-G-Q13","ambiguous-topic-review-required","DX-G05-005 DX-G05-007 DX-G05-008","DX-G05-005","5.2.2","粒子状炭素の1%がダイオキシン類になるというのは過大。"
"R05-G-Q14-C2","R05-G-Q14","ambiguous-topic-review-required","DX-G05-001 DX-G05-008 DX-G05-009","DX-G05-008","5.3.3","高温時の生成と分解の競合を考える必要がある。"
"R05-G-Q14-C4","R05-G-Q14","ambiguous-topic-review-required","DX-G05-001 DX-G05-008 DX-G05-009","DX-G05-008","5.3.3","温度・滞留時間によって正味の生成量が変化する。"
"R05-A-Q01-C2","R05-A-Q01","ambiguous-topic-review-required","DX-A01-001 DX-A01-002 DX-A01-005","DX-A01-001","8.1.1","燃焼制御で酸素不足・低温を避ける対策。"
"R05-A-Q01-C3","R05-A-Q01","ambiguous-topic-review-required","DX-A01-001 DX-A01-002 DX-A01-005","DX-A01-001","8.1.1","混合や燃料の均一化で局所的変動を抑える。"
"R05-A-Q01-C4","R05-A-Q01","cross-topic-secondary-review-required","DX-A01-001 DX-A01-002 DX-A01-005","DX-A01-001","8.1.1","排ガスを300℃近傍で維持するとde novo合成の温度域で滞留する。"
"R05-A-Q01-C5","R05-A-Q01","cross-topic-secondary-review-required","DX-A01-001 DX-A01-002 DX-A01-005","DX-A01-001","8.1.1","ダスト堆積防止は飛灰表面の再生成抑制に寄与。"
"R05-A-Q08-C4","R05-A-Q08","cross-topic-secondary-review-required","DX-A01-007","DX-A01-007","8.4.1","活性アルミナの極性物質の吸着と比表面積。"
"R05-A-Q11-C4","R05-A-Q11","cross-topic-secondary-review-required","DX-A02-015","DX-A02-015","9.2.2","電炉集じんは乾式電気集じんよりバグフィルターが一般的。"
"R05-A-Q13-C1","R05-A-Q13","ambiguous-topic-review-required","DX-A03-003 DX-A03-005 DX-A03-006","DX-A03-005","10.2.2","粒子に付着する懸濁態の存在。"
"R05-A-Q13-C2","R05-A-Q13","ambiguous-topic-review-required","DX-A03-003 DX-A03-005 DX-A03-006","DX-A03-005","10.2.2","溶存有機物結合態と真の溶存態の区別。"
"R05-A-Q13-C3","R05-A-Q13","ambiguous-topic-review-required","DX-A03-003 DX-A03-005 DX-A03-006","DX-A03-005","10.2.2","溶存態が相当部分を占めると一般化した点が不適切。"
"R05-A-Q13-C5","R05-A-Q13","cross-topic-secondary-review-required","DX-A03-003 DX-A03-005 DX-A03-006","DX-A03-003","10.1.3","活性炭・ゼオライトで溶存態の吸着除去を狙う。"
"R05-A-Q15-C3","R05-A-Q15","cross-topic-secondary-review-required","DX-A04-001","DX-A04-001","11.2.1","③環境調査で河川の底質などからダイオキシン類が検出されたという問題提起を示す。"
"R05-A-Q22-C1","R05-A-Q22","cross-topic-secondary-review-required","DX-A05-013 DX-A05-015","DX-A05-013","12.5.1","実測濃度にTEFを乗じてTEQ単位で示す。"
"R05-A-Q24-C1","R05-A-Q24","cross-chapter-review-required","DX-A05-016","DX-A05-016","12.6.1","操作ブランクは前処理・分析由来汚染の確認。"
"R05-A-Q24-C2","R05-A-Q24","cross-chapter-review-required","DX-A05-016","DX-A05-016","12.6.1","試薬・ロット変更などで操作ブランクを確認。"
"R05-A-Q24-C3","R05-A-Q24","cross-chapter-review-required","DX-A05-016","DX-A05-016","12.6.1","トラベルブランクを毎回必ず行うとの断定は不適切。"
"R05-A-Q24-C4","R05-A-Q24","cross-chapter-review-required","DX-A05-016","DX-A05-016","12.6.1","トラベルブランクは採取以外を試料と同条件で扱う。"
"R05-A-Q24-C5","R05-A-Q24","ambiguous-topic-review-required","DX-A05-016","DX-A01-007","8.4.1","少なくとも3試料で平均する場合の規定を問う。"
"R06-G-Q05-C1","R06-G-Q05","cross-chapter-review-required","DX-A04-013 DX-A04-014 DX-A04-017 DX-A02-018","DX-A04-013","11.2.2","カーバイド法アセチレンの洗浄工程を問う。"
"R06-G-Q05-C2","R06-G-Q05","cross-chapter-review-required","DX-A04-013 DX-A04-014 DX-A04-017 DX-A02-018","DX-A04-018","11.2.4","カプロラクタムの硫酸濃縮施設が対象かを問う。"
"R06-G-Q05-C3","R06-G-Q05","cross-chapter-review-required","DX-A04-013 DX-A04-014 DX-A04-017 DX-A02-018","DX-A04-014","11.2.4","硫酸カリウム製造の廃ガス洗浄施設を問う。"
"R06-G-Q05-C4","R06-G-Q05","cross-chapter-review-required","DX-A04-013 DX-A04-014 DX-A04-017 DX-A02-018","DX-A04-017","11.2.3","VCM製造の二塩化エチレン洗浄施設を問う。"
"R06-G-Q05-C5","R06-G-Q05","cross-chapter-review-required","DX-A04-013 DX-A04-014 DX-A04-017 DX-A02-018","DX-A02-018","9.3.2","公害防止組織法上の廃棄物焼却炉の規模下限はダイ特法の0.5m²とは区別する。"
"R06-G-Q07-C1","R06-G-Q07","cross-topic-secondary-review-required","DX-G03-005 DX-G03-011","DX-G03-005","3.2.2","焼結4.9は電炉23.8より少ないため、焼結を最大とする並びは誤り。"
"R06-G-Q07-C2","R06-G-Q07","cross-topic-secondary-review-required","DX-G03-005 DX-G03-011","DX-G03-005","3.2.2","焼結4.9は電炉23.8より少なく、鉄鉱石焼結工程を最大に置く並びは誤り。"
"R06-G-Q07-C3","R06-G-Q07","cross-topic-secondary-review-required","DX-G03-005 DX-G03-011","DX-G03-005","3.2.2","電炉が最大という点は合うが、焼結4.9よりアルミ二次精錬6.55のほうが多い。"
"R06-G-Q07-C4","R06-G-Q07","cross-topic-secondary-review-required","DX-G03-005 DX-G03-011","DX-G03-005","3.2.2","亜鉛回収が最大という順番は誤り（2021年表で亜鉛回収は約1.2）。"
"R06-G-Q08-C2","R06-G-Q08","cross-topic-secondary-review-required","DX-G03-002 DX-G03-011","DX-G03-002","3.1.2","2021年水系排出寄与の最大はVCM製造施設とする公式答。"
"R06-G-Q08-C3","R06-G-Q08","cross-topic-secondary-review-required","DX-G03-002 DX-G03-011","DX-G03-002","3.1.2","パルプ製造漂白施設は最大ではない。"
"R06-G-Q08-C4","R06-G-Q08","cross-topic-secondary-review-required","DX-G03-002 DX-G03-011","DX-G03-002","3.1.2","カプロラクタム製造施設は最大ではない。"
"R06-G-Q08-C5","R06-G-Q08","cross-topic-secondary-review-required","DX-G03-002 DX-G03-011","DX-G03-002","3.1.2","下水道終末処理施設は最大ではない。"
"R06-G-Q09-C3","R06-G-Q09","ambiguous-topic-review-required","DX-G04-001 DX-G04-003 DX-G04-004 DX-G04-006","DX-G04-006","4.2.3","共平面構造をとり得るPCBをコプラナーPCBと呼ぶ。"
"R06-G-Q09-C4","R06-G-Q09","ambiguous-topic-review-required","DX-G04-001 DX-G04-003 DX-G04-004 DX-G04-006","DX-G04-006","4.2.3","オルト位は2,2',6,6'。3,3',5,5'をオルトとする部分が誤り。"
"R06-G-Q09-C5","R06-G-Q09","ambiguous-topic-review-required","DX-G04-001 DX-G04-003 DX-G04-004 DX-G04-006","DX-G04-006","4.2.3","JISでは12種のダイオキシン様PCBをDL-PCBsと表す。"
"R06-G-Q11-C2","R06-G-Q11","cross-topic-secondary-review-required","DX-G05-004","DX-G05-004","5.2.1","テトラクロロベンゼンもフェノール性OHを持たず、原図の2個の酸素架橋を作る原料に適合しない。"
"R06-G-Q12-C3","R06-G-Q12","cross-topic-secondary-review-required","DX-G05-005 DX-G05-008","DX-G05-005","5.2.2","クロロベンゼン＞PCDF＞PCBの順を示す。"
"R06-G-Q12-C4","R06-G-Q12","cross-topic-secondary-review-required","DX-G05-005 DX-G05-008","DX-G05-005","5.2.2","クロロベンゼンを最多に置くがPCB/PCDFの順を逆にしている。"
"R06-G-Q12-C5","R06-G-Q12","cross-topic-secondary-review-required","DX-G05-005 DX-G05-008","DX-G05-005","5.2.2","PCDFをクロロベンゼンより多く置いている。"
"R06-G-Q13-C1","R06-G-Q13","ambiguous-topic-review-required","DX-G05-008","DX-G04-001","4.1.1","有機塩素化合物の脱塩素ではなくHClからCl2への転換。"
"R06-G-Q13-C2","R06-G-Q13","cross-chapter-review-required","DX-G05-008","DX-G05-008","5.3.3","HClから分子状Cl2への酸化反応がデーコン反応。"
"R06-G-Q13-C3","R06-G-Q13","ambiguous-topic-review-required","DX-G05-008","DX-G04-001","4.1.1","金属塩化物の高温離脱のみを指す反応ではない。"
"R06-G-Q13-C4","R06-G-Q13","ambiguous-topic-review-required","DX-G05-008","DX-G04-001","4.1.1","PVC燃焼によるHCl発生とは逆の方向。"
"R06-G-Q13-C5","R06-G-Q13","cross-chapter-review-required","DX-G05-008","DX-G05-004","5.2.1","ダイオキシンの前駆体縮合反応自体の名称ではない。"
"R06-G-Q14-C1","R06-G-Q14","ambiguous-topic-review-required","DX-G06-007 DX-G04-014 DX-G02-002","DX-G06-007","6.3.1","農薬不純物に由来する環境汚染の経路。"
"R06-G-Q14-C2","R06-G-Q14","cross-topic-secondary-review-required","DX-G06-007 DX-G04-014 DX-G02-002","DX-G06-007","6.3.1","パルプの塩素漂白と汚濁負荷の経路。"
"R06-G-Q14-C3","R06-G-Q14","ambiguous-topic-review-required","DX-G06-007 DX-G04-014 DX-G02-002","DX-G06-007","6.3.1","小型焼却炉の寄与を当時わずかとする部分が不適切。"
"R06-G-Q14-C4","R06-G-Q14","cross-topic-secondary-review-required","DX-G06-007 DX-G04-014 DX-G02-002","DX-G06-007","6.3.1","疎水性物質の生物濃縮・食物連鎖移行。"
"R06-G-Q14-C5","R06-G-Q14","ambiguous-topic-review-required","DX-G06-007 DX-G04-014 DX-G02-002","DX-G06-007","6.3.1","人の主な曝露が食品であることを問う。"
"R06-G-Q15-C5","R06-G-Q15","cross-topic-secondary-review-required","DX-G01-007 DX-G01-008 DX-G01-009 DX-G01-010","DX-G01-007","1.3.1","工場排水等のJIS K0312の測定法を問う。"
"R06-A-Q12-C4","R06-A-Q12","cross-topic-secondary-review-required","DX-A02-016","DX-A02-016","9.2.3","通常のWaelz法では揮発した亜鉛を再酸化して粗酸化亜鉛として捕集する。『不活性雰囲気中で急冷』を標準の工程とする下線④は誤り。"
"R06-A-Q13-C1","R06-A-Q13","ambiguous-topic-review-required","DX-A03-003 DX-A03-005 DX-A03-006","DX-A03-005","10.2.2","疎水性から懸濁態が多く、溶存態もある。"
"R06-A-Q13-C3","R06-A-Q13","ambiguous-topic-review-required","DX-A03-003 DX-A03-005 DX-A03-006","DX-A03-005","10.2.2","オゾン併用の促進酸化で溶存態の分解を狙う。"
"R06-A-Q13-C5","R06-A-Q13","cross-topic-secondary-review-required","DX-A03-003 DX-A03-005 DX-A03-006","DX-A03-003","10.1.3","活性炭・ゼオライトの吸着による溶存態除去。"
"R06-A-Q15-C1","R06-A-Q15","cross-topic-secondary-review-required","DX-A04-017 DX-G05-008","DX-A04-017","11.2.3","直接塩素化と酸化的塩素化の反応物、温度帯、塩化銅触媒がそろう。"
"R06-A-Q15-C2","R06-A-Q15","cross-topic-secondary-review-required","DX-A04-017 DX-G05-008","DX-A04-017","11.2.3","直接塩素化・酸化的塩素化の塩素源を逆にしている。"
"R06-A-Q15-C4","R06-A-Q15","cross-topic-secondary-review-required","DX-A04-017 DX-G05-008","DX-A04-017","11.2.3","塩素源・温度・触媒の組合せが違う。"
"R06-A-Q18-C4","R06-A-Q18","cross-topic-secondary-review-required","DX-A05-008","DX-A05-008","12.3.2","活性炭カラムは平面分子と他の分子の分離に利用。"
"R07-G-Q01-C1","R07-G-Q01","cross-topic-secondary-review-required","DX-G01-010 DX-A05-011","DX-G01-010","1.3.4","ソックスレー抽出は土壌試料の抽出法として位置付けられる。"
"R07-G-Q01-C2","R07-G-Q01","cross-topic-secondary-review-required","DX-G01-010 DX-A05-011","DX-G01-010","1.3.4","高分解能という性能条件は質量分析装置と組み合わせて理解する。"
"R07-G-Q01-C3","R07-G-Q01","cross-topic-secondary-review-required","DX-G01-010 DX-A05-011","DX-G01-010","1.3.4","透過電子顕微鏡とする箇所が不適切。測定装置の原理は質量分析である。"
"R07-G-Q02-C2","R07-G-Q02","cross-topic-secondary-review-required","DX-G01-002 DX-G01-011","DX-G01-002","1.1.2","製鋼用電気炉は合うが中間処理施設・環境省令の指定が合わない。"
"R07-G-Q02-C3","R07-G-Q02","cross-topic-secondary-review-required","DX-G01-002 DX-G01-011","DX-G01-002","1.1.2","製鉄用電気炉および環境省令指定が法の例示と異なる。"
"R07-G-Q02-C4","R07-G-Q02","cross-topic-secondary-review-required","DX-G01-002 DX-G01-011","DX-G01-002","1.1.2","製鋼用電気炉、廃棄物焼却炉、政令指定という3点がそろう。"
"R07-G-Q04-C1","R07-G-Q04","cross-topic-secondary-review-required","DX-G01-012 DX-A04-012","DX-G01-012","1.4.2","アルミナ繊維製造の廃ガス洗浄施設は水質の指定対象。"
"R07-G-Q04-C2","R07-G-Q04","cross-topic-secondary-review-required","DX-G01-012 DX-A04-012","DX-G01-012","1.4.2","過酸化水素漂白そのものは指定の塩素系漂白施設に当たらない。"
"R07-G-Q04-C3","R07-G-Q04","cross-topic-secondary-review-required","DX-G01-012 DX-A04-012","DX-G01-012","1.4.2","クロロベンゼン類製造の水洗設備は水質指定対象。"
"R07-G-Q04-C4","R07-G-Q04","cross-topic-secondary-review-required","DX-G01-012 DX-A04-012","DX-G01-012","1.4.2","銑鉄向け焼結鉱の所定処理能力の焼結炉は大気指定対象。"
"R07-G-Q04-C5","R07-G-Q04","cross-topic-secondary-review-required","DX-G01-012 DX-A04-012","DX-G01-012","1.4.2","アルミくず原料の合金製造用乾燥炉は規模条件を満たせば大気対象。"
"R07-G-Q07-C1","R07-G-Q07","ambiguous-topic-review-required","DX-G03-002 DX-G03-004 DX-G03-011","DX-G03-002","3.1.2","対象年の総量105～107、水0.8、焼却施設の大気・水別寄与の組合せが一致。"
"R07-G-Q07-C2","R07-G-Q07","ambiguous-topic-review-required","DX-G03-002 DX-G03-004 DX-G03-011","DX-G03-002","3.1.2","総量と水は合うが大気・水それぞれの施設寄与を取り違えている。"
"R07-G-Q07-C3","R07-G-Q07","ambiguous-topic-review-required","DX-G03-002 DX-G03-004 DX-G03-011","DX-G03-002","3.1.2","2022年総量を159～161とする値が公式インベントリーと違う。"
"R07-G-Q07-C4","R07-G-Q07","ambiguous-topic-review-required","DX-G03-002 DX-G03-004 DX-G03-011","DX-G03-002","3.1.2","2022年の総量159～161と水2.1という値が違う。"
"R07-G-Q07-C5","R07-G-Q07","ambiguous-topic-review-required","DX-G03-002 DX-G03-004 DX-G03-011","DX-G03-002","3.1.2","2022年の総量373～401、水2.1はいずれも対象年の推計に合わない。"
"R07-G-Q13-C3","R07-G-Q13","cross-topic-secondary-review-required","DX-G05-002 DX-G05-005","DX-G05-002","5.1.2","塩素によるパルプ漂白時の生成可能性を扱う。"
"R07-G-Q13-C4","R07-G-Q13","cross-topic-secondary-review-required","DX-G05-002 DX-G05-005","DX-G05-002","5.1.2","カーバイド法アセチレン製造の洗浄工程と生成を関連づける。"
"R07-G-Q15-C1","R07-G-Q15","cross-topic-secondary-review-required","DX-G03-009 DX-G03-010","DX-G03-009","3.4.1","2022年度大気では環境基準を超える評価地点は0。"
"R07-G-Q15-C2","R07-G-Q15","cross-topic-secondary-review-required","DX-G03-009 DX-G03-010","DX-G03-009","3.4.1","2022年度公共用水域水質では28地点で基準超過。"
"R07-G-Q15-C3","R07-G-Q15","cross-topic-secondary-review-required","DX-G03-009 DX-G03-010","DX-G03-009","3.4.1","2022年度底質では3地点で基準超過。"
"R07-G-Q15-C4","R07-G-Q15","cross-topic-secondary-review-required","DX-G03-009 DX-G03-010","DX-G03-009","3.4.1","2022年度の地下水概況調査は459地点で基準超過0。"
"R07-G-Q15-C5","R07-G-Q15","cross-topic-secondary-review-required","DX-G03-009 DX-G03-010","DX-G03-009","3.4.1","2022年度土壌697地点で基準超過0。超過地点があったという説明が誤り。"
"R07-A-Q04-C1","R07-A-Q04","ambiguous-topic-review-required","DX-A01-006 DX-A01-007 DX-A01-008","DX-A01-006","8.3.1","集じん温度の低下が除去・再生成抑制に寄与。"
"R07-A-Q04-C3","R07-A-Q04","ambiguous-topic-review-required","DX-A01-006 DX-A01-007 DX-A01-008","DX-A01-006","8.3.1","吸着材専用の後段集じん方式もありうる。"
"R07-A-Q04-C4","R07-A-Q04","ambiguous-topic-review-required","DX-A01-006 DX-A01-007 DX-A01-008","DX-A01-006","8.3.1","集じん後の触媒運転と析出対策。"
"R07-A-Q04-C5","R07-A-Q04","ambiguous-topic-review-required","DX-A01-006 DX-A01-007 DX-A01-008","DX-A01-006","8.3.1","粒子内部の成分が触媒表面まで届かない可能性を無視している。"
"R07-A-Q08-C3","R07-A-Q08","cross-topic-secondary-review-required","DX-A02-002 DX-A02-015","DX-A02-002","9.2.2","電炉の集じんを湿式電気集じんが一般的とする説明は不適切。"
"R07-A-Q09-C2","R07-A-Q09","cross-topic-secondary-review-required","DX-A02-016","DX-A02-016","9.2.3","原料中の塩素が排ガス冷却工程などで再生成を起こし得る。"
"R07-A-Q14-C5","R07-A-Q14","cross-topic-secondary-review-required","DX-A04-020","DX-A04-020","11.2.4","工程排水のTEQ構成をPCDDが非常に高いとした部分が誤り。実測資料でPCDF等の構成を追認する。"
"R07-A-Q24-C4","R07-A-Q24","cross-topic-secondary-review-required","DX-A05-015 DX-A05-019","DX-A05-015","12.5.3","特段の指定がなければ2006年版TEFを用いるとするJISの前提。"
