"choice_id","question_id","original_verification_flag","evidence_or_original_exam_needed","publication_hold"
"R03-G-Q04-C1","R03-G-Q04","needs-2021-ministerial-table","independent-source-and-original-paper-check","no-explicit-HOLD"
"R03-G-Q04-C2","R03-G-Q04","needs-2021-ministerial-table","independent-source-and-original-paper-check","no-explicit-HOLD"
"R03-G-Q04-C3","R03-G-Q04","needs-2021-ministerial-table","independent-source-and-original-paper-check","no-explicit-HOLD"
"R03-G-Q04-C4","R03-G-Q04","needs-2021-ministerial-table","independent-source-and-original-paper-check","no-explicit-HOLD"
"R03-G-Q04-C5","R03-G-Q04","needs-2021-ministerial-table","independent-source-and-original-paper-check","no-explicit-HOLD"
"R03-G-Q05-C1","R03-G-Q05","needs-other-law-decree","independent-source-and-original-paper-check","no-explicit-HOLD"
"R03-G-Q05-C2","R03-G-Q05","needs-other-law-decree","independent-source-and-original-paper-check","no-explicit-HOLD"
"R03-G-Q05-C3","R03-G-Q05","needs-other-law-decree","independent-source-and-original-paper-check","no-explicit-HOLD"
"R03-G-Q05-C4","R03-G-Q05","needs-other-law-decree","independent-source-and-original-paper-check","no-explicit-HOLD"
"R03-G-Q05-C5","R03-G-Q05","needs-other-law-decree","knowledge-precision-and-independent-source-check","no-explicit-HOLD"
"R03-G-Q06-C1","R03-G-Q06","structure-supported","independent-source-and-original-paper-check","no-explicit-HOLD"
"R03-G-Q06-C4","R03-G-Q06","structure-supported","independent-source-and-original-paper-check","no-explicit-HOLD"
"R03-G-Q06-C5","R03-G-Q06","structure-supported","independent-source-and-original-paper-check","no-explicit-HOLD"
"R03-G-Q07-C1","R03-G-Q07","needs-historical-facility-data","independent-source-and-original-paper-check","no-explicit-HOLD"
"R03-G-Q07-C2","R03-G-Q07","needs-historical-facility-data","independent-source-and-original-paper-check","no-explicit-HOLD"
"R03-G-Q07-C3","R03-G-Q07","needs-historical-facility-data","knowledge-precision-and-independent-source-check","no-explicit-HOLD"
"R03-G-Q07-C4","R03-G-Q07","needs-historical-facility-data","independent-source-and-original-paper-check","no-explicit-HOLD"
"R03-G-Q07-C5","R03-G-Q07","needs-historical-facility-data","independent-source-and-original-paper-check","no-explicit-HOLD"
"R03-G-Q08-C1","R03-G-Q08","inventory-total-primary-verified-details-pending","independent-source-and-original-paper-check","no-explicit-HOLD"
"R03-G-Q08-C2","R03-G-Q08","inventory-total-primary-verified-details-pending","independent-source-and-original-paper-check","no-explicit-HOLD"
"R03-G-Q08-C3","R03-G-Q08","inventory-total-primary-verified-details-pending","independent-source-and-original-paper-check","no-explicit-HOLD"
"R03-G-Q08-C4","R03-G-Q08","inventory-total-primary-verified-details-pending","independent-source-and-original-paper-check","no-explicit-HOLD"
"R03-G-Q11-C1","R03-G-Q11","tef-29-check","independent-source-and-original-paper-check","no-explicit-HOLD"
"R03-G-Q11-C2","R03-G-Q11","tef-29-check","independent-source-and-original-paper-check","no-explicit-HOLD"
"R03-G-Q11-C3","R03-G-Q11","tef-29-check","independent-source-and-original-paper-check","no-explicit-HOLD"
"R03-G-Q11-C4","R03-G-Q11","tef-29-check","independent-source-and-original-paper-check","no-explicit-HOLD"
"R03-G-Q11-C5","R03-G-Q11","tef-29-check","independent-source-and-original-paper-check","no-explicit-HOLD"
"R03-G-Q13-C2","R03-G-Q13","reproduced-exam-image-verified-inequality-wording-flag","knowledge-precision-and-independent-source-check","no-explicit-HOLD"
"R03-G-Q13-C3","R03-G-Q13","reproduced-exam-image-verified-inequality-wording-flag","knowledge-precision-and-independent-source-check","no-explicit-HOLD"
"R03-G-Q13-C4","R03-G-Q13","reproduced-exam-image-verified-inequality-wording-flag","knowledge-precision-and-independent-source-check","no-explicit-HOLD"
"R03-G-Q13-C5","R03-G-Q13","reproduced-exam-image-verified-inequality-wording-flag","knowledge-precision-and-independent-source-check","no-explicit-HOLD"
"R03-G-Q14-C1","R03-G-Q14","mechanism-supported","independent-source-and-original-paper-check","no-explicit-HOLD"
"R03-G-Q14-C2","R03-G-Q14","mechanism-supported","independent-source-and-original-paper-check","no-explicit-HOLD"
"R03-G-Q14-C3","R03-G-Q14","mechanism-supported","independent-source-and-original-paper-check","no-explicit-HOLD"
"R03-G-Q14-C5","R03-G-Q14","mechanism-supported","independent-source-and-original-paper-check","no-explicit-HOLD"
"R03-G-Q15-C5","R03-G-Q15","DRV-R03-G-2021;SCI-FUJIMORI2009;Drive-page-visual-inspected;JEMAI-original-identity-not-established","independent-source-and-original-paper-check","HOLD"
"R03-A-Q03-C1","R03-A-Q03","DRV-R03-A-2021;R03-OXIDATIVE-CATALYST;underline-1-visually-checked;official-JEMAI-original-file-not-byte-confirmed","independent-source-and-original-paper-check","HOLD"
"R03-A-Q03-C2","R03-A-Q03","DRV-R03-A-2021;R03-OXIDATIVE-CATALYST;underline-2-visually-checked;official-JEMAI-original-file-not-byte-confirmed","independent-source-and-original-paper-check","HOLD"
"R03-A-Q03-C3","R03-A-Q03","DRV-R03-A-2021;R03-OXIDATIVE-CATALYST;underline-3-visually-checked;official-JEMAI-original-file-not-byte-confirmed","independent-source-and-original-paper-check","HOLD"
"R03-A-Q03-C4","R03-A-Q03","DRV-R03-A-2021;R03-OXIDATIVE-CATALYST;underline-4-visually-checked;official-JEMAI-original-file-not-byte-confirmed","independent-source-and-original-paper-check","HOLD"
"R03-A-Q03-C5","R03-A-Q03","DRV-R03-A-2021;R03-OXIDATIVE-CATALYST;underline-5-visually-checked;official-JEMAI-original-file-not-byte-confirmed","independent-source-and-original-paper-check","HOLD"
"R03-A-Q05-C1","R03-A-Q05","arithmetic-checked","knowledge-precision-and-independent-source-check","no-explicit-HOLD"
"R03-A-Q05-C2","R03-A-Q05","arithmetic-checked","knowledge-precision-and-independent-source-check","no-explicit-HOLD"
"R03-A-Q05-C3","R03-A-Q05","arithmetic-checked","knowledge-precision-and-independent-source-check","no-explicit-HOLD"
"R03-A-Q05-C4","R03-A-Q05","arithmetic-checked","knowledge-precision-and-independent-source-check","no-explicit-HOLD"
"R03-A-Q05-C5","R03-A-Q05","arithmetic-checked","knowledge-precision-and-independent-source-check","no-explicit-HOLD"
"R03-A-Q06-C5","R03-A-Q06","DRV-R03-A-2021;R03-PORE-INDUSTRY;underline-5-visually-checked;official-JEMAI-original-file-not-byte-confirmed","independent-source-and-original-paper-check","HOLD"
"R03-A-Q08-C3","R03-A-Q08","needs-sintering-source","independent-source-and-original-paper-check","no-explicit-HOLD"
"R03-A-Q10-C1","R03-A-Q10","DRV-R03-A-2021;T11;S15;underline-1-visually-checked;official-JEMAI-original-file-not-byte-confirmed","independent-source-and-original-paper-check","HOLD"
"R03-A-Q11-C1","R03-A-Q11","needs-process-source","independent-source-and-original-paper-check","no-explicit-HOLD"
"R03-A-Q11-C2","R03-A-Q11","needs-process-source","independent-source-and-original-paper-check","no-explicit-HOLD"
"R03-A-Q12-C2","R03-A-Q12","water-treatment-principle","independent-source-and-original-paper-check","no-explicit-HOLD"
"R03-A-Q12-C3","R03-A-Q12","water-treatment-principle","independent-source-and-original-paper-check","no-explicit-HOLD"
"R03-A-Q12-C4","R03-A-Q12","water-treatment-principle","independent-source-and-original-paper-check","no-explicit-HOLD"
"R03-A-Q12-C5","R03-A-Q12","water-treatment-principle","independent-source-and-original-paper-check","no-explicit-HOLD"
"R03-A-Q17-C5","R03-A-Q17","needs-JIS-isotope-label-terms","independent-source-and-original-paper-check","no-explicit-HOLD"
"R04-G-Q05-C2","R04-G-Q05","needs-other-decree","independent-source-and-original-paper-check","no-explicit-HOLD"
"R04-G-Q05-C4","R04-G-Q05","needs-other-decree","independent-source-and-original-paper-check","no-explicit-HOLD"
"R04-G-Q05-C5","R04-G-Q05","needs-other-decree","independent-source-and-original-paper-check","no-explicit-HOLD"
"R04-G-Q06-C1","R04-G-Q06","structural-draft","independent-source-and-original-paper-check","no-explicit-HOLD"
"R04-G-Q09-C1","R04-G-Q09","inventory-partial","independent-source-and-original-paper-check","no-explicit-HOLD"
"R04-G-Q09-C2","R04-G-Q09","inventory-partial","independent-source-and-original-paper-check","no-explicit-HOLD"
"R04-G-Q09-C3","R04-G-Q09","inventory-partial","independent-source-and-original-paper-check","no-explicit-HOLD"
"R04-G-Q09-C4","R04-G-Q09","inventory-partial","independent-source-and-original-paper-check","no-explicit-HOLD"
"R04-G-Q09-C5","R04-G-Q09","inventory-partial","independent-source-and-original-paper-check","no-explicit-HOLD"
"R04-G-Q11-C1","R04-G-Q11","needs-physical-property-primary","independent-source-and-original-paper-check","no-explicit-HOLD"
"R04-G-Q11-C2","R04-G-Q11","needs-physical-property-primary","knowledge-precision-and-independent-source-check","no-explicit-HOLD"
"R04-G-Q11-C3","R04-G-Q11","needs-physical-property-primary","knowledge-precision-and-independent-source-check","no-explicit-HOLD"
"R04-G-Q11-C4","R04-G-Q11","needs-physical-property-primary","independent-source-and-original-paper-check","no-explicit-HOLD"
"R04-G-Q11-C5","R04-G-Q11","needs-physical-property-primary","independent-source-and-original-paper-check","no-explicit-HOLD"
"R04-G-Q12-C1","R04-G-Q12","chemical-draft","independent-source-and-original-paper-check","no-explicit-HOLD"
"R04-G-Q12-C2","R04-G-Q12","chemical-draft","independent-source-and-original-paper-check","no-explicit-HOLD"
"R04-G-Q12-C4","R04-G-Q12","chemical-draft","knowledge-precision-and-independent-source-check","no-explicit-HOLD"
"R04-G-Q12-C5","R04-G-Q12","chemical-draft","independent-source-and-original-paper-check","no-explicit-HOLD"
"R04-G-Q14-C3","R04-G-Q14","exposure-draft","independent-source-and-original-paper-check","no-explicit-HOLD"
"R04-G-Q14-C5","R04-G-Q14","exposure-draft","independent-source-and-original-paper-check","no-explicit-HOLD"
"R04-G-Q15-C1","R04-G-Q15","whitepaper-partial","independent-source-and-original-paper-check","no-explicit-HOLD"
"R04-G-Q15-C2","R04-G-Q15","whitepaper-partial","independent-source-and-original-paper-check","no-explicit-HOLD"
"R04-G-Q15-C3","R04-G-Q15","whitepaper-partial","independent-source-and-original-paper-check","no-explicit-HOLD"
"R04-G-Q15-C4","R04-G-Q15","whitepaper-partial","independent-source-and-original-paper-check","no-explicit-HOLD"
"R04-G-Q15-C5","R04-G-Q15","whitepaper-partial","independent-source-and-original-paper-check","no-explicit-HOLD"
"R04-A-Q06-C3","R04-A-Q06","adsorption-principle","independent-source-and-original-paper-check","no-explicit-HOLD"
"R04-A-Q09-C5","R04-A-Q09","needs-eaf-dust-composition-study","independent-source-and-original-paper-check","no-explicit-HOLD"
"R04-A-Q12-C3","R04-A-Q12","temperature-management-draft","independent-source-and-original-paper-check","no-explicit-HOLD"
"R04-A-Q13-C1","R04-A-Q13","needs-WHO-original-recommendation","knowledge-precision-and-independent-source-check","no-explicit-HOLD"
"R04-A-Q13-C2","R04-A-Q13","needs-WHO-original-recommendation","knowledge-precision-and-independent-source-check","no-explicit-HOLD"
"R04-A-Q13-C3","R04-A-Q13","needs-WHO-original-recommendation","knowledge-precision-and-independent-source-check","no-explicit-HOLD"
"R04-A-Q13-C4","R04-A-Q13","needs-WHO-original-recommendation","knowledge-precision-and-independent-source-check","no-explicit-HOLD"
"R04-A-Q13-C5","R04-A-Q13","needs-WHO-original-recommendation","knowledge-precision-and-independent-source-check","no-explicit-HOLD"
"R04-A-Q14-C1","R04-A-Q14","water-treatment-draft","independent-source-and-original-paper-check","no-explicit-HOLD"
"R04-A-Q14-C2","R04-A-Q14","water-treatment-draft","independent-source-and-original-paper-check","no-explicit-HOLD"
"R04-A-Q14-C3","R04-A-Q14","water-treatment-draft","independent-source-and-original-paper-check","no-explicit-HOLD"
"R04-A-Q14-C4","R04-A-Q14","water-treatment-draft","independent-source-and-original-paper-check","no-explicit-HOLD"
"R04-A-Q14-C5","R04-A-Q14","water-treatment-draft","independent-source-and-original-paper-check","no-explicit-HOLD"
"R04-A-Q16-C5","R04-A-Q16","DRV-R04-A-2022;T15;R04-underline-5-visually-checked;JEMAI-official-PDF-file-identity-unconfirmed","independent-source-and-original-paper-check","HOLD"
"R04-A-Q17-C4","R04-A-Q17","needs-JIS-2020-verification","independent-source-and-original-paper-check","no-explicit-HOLD"
"R05-G-Q05-C1","R05-G-Q05","needs-other-decree","independent-source-and-original-paper-check","no-explicit-HOLD"
"R05-G-Q05-C2","R05-G-Q05","needs-other-decree","independent-source-and-original-paper-check","no-explicit-HOLD"
"R05-G-Q05-C3","R05-G-Q05","needs-other-decree","independent-source-and-original-paper-check","no-explicit-HOLD"
"R05-G-Q05-C4","R05-G-Q05","needs-other-decree","independent-source-and-original-paper-check","no-explicit-HOLD"
"R05-G-Q05-C5","R05-G-Q05","needs-other-decree","independent-source-and-original-paper-check","no-explicit-HOLD"
"R05-G-Q07-C4","R05-G-Q07","DRV-R05-G-2023;ENV-R02-INVENTORY2022;Drive-page-visual-inspected;JEMAI-original-identity-not-established","independent-source-and-original-paper-check","HOLD"
"R05-G-Q07-C5","R05-G-Q07","DRV-R05-G-2023;ENV-R02-INVENTORY2022;Drive-page-visual-inspected;JEMAI-original-identity-not-established","independent-source-and-original-paper-check","HOLD"
"R05-G-Q08-C1","R05-G-Q08","chemical-formula-checked","independent-source-and-original-paper-check","no-explicit-HOLD"
"R05-G-Q08-C2","R05-G-Q08","chemical-formula-checked","independent-source-and-original-paper-check","no-explicit-HOLD"
"R05-G-Q08-C3","R05-G-Q08","chemical-formula-checked","independent-source-and-original-paper-check","no-explicit-HOLD"
"R05-G-Q08-C4","R05-G-Q08","chemical-formula-checked","independent-source-and-original-paper-check","no-explicit-HOLD"
"R05-G-Q08-C5","R05-G-Q08","chemical-formula-checked","independent-source-and-original-paper-check","no-explicit-HOLD"
"R05-G-Q11-C1","R05-G-Q11","official-TEF-count-verified","independent-source-and-original-paper-check","no-explicit-HOLD"
"R05-G-Q11-C2","R05-G-Q11","official-TEF-count-verified","independent-source-and-original-paper-check","no-explicit-HOLD"
"R05-G-Q11-C3","R05-G-Q11","official-TEF-count-verified","independent-source-and-original-paper-check","no-explicit-HOLD"
"R05-G-Q11-C4","R05-G-Q11","official-TEF-count-verified","independent-source-and-original-paper-check","no-explicit-HOLD"
"R05-G-Q11-C5","R05-G-Q11","official-TEF-count-verified","independent-source-and-original-paper-check","no-explicit-HOLD"
"R05-G-Q13-C2","R05-G-Q13","needs-kinetic-study","independent-source-and-original-paper-check","no-explicit-HOLD"
"R05-G-Q13-C4","R05-G-Q13","needs-kinetic-study","independent-source-and-original-paper-check","no-explicit-HOLD"
"R05-G-Q13-C5","R05-G-Q13","needs-kinetic-study","independent-source-and-original-paper-check","no-explicit-HOLD"
"R05-G-Q14-C2","R05-G-Q14","technical-principle","independent-source-and-original-paper-check","no-explicit-HOLD"
"R05-G-Q14-C4","R05-G-Q14","technical-principle","independent-source-and-original-paper-check","no-explicit-HOLD"
"R05-A-Q01-C2","R05-A-Q01","technical-draft","independent-source-and-original-paper-check","no-explicit-HOLD"
"R05-A-Q01-C3","R05-A-Q01","technical-draft","independent-source-and-original-paper-check","no-explicit-HOLD"
"R05-A-Q01-C4","R05-A-Q01","technical-draft","independent-source-and-original-paper-check","no-explicit-HOLD"
"R05-A-Q01-C5","R05-A-Q01","technical-draft","independent-source-and-original-paper-check","no-explicit-HOLD"
"R05-A-Q08-C4","R05-A-Q08","technical-draft","independent-source-and-original-paper-check","no-explicit-HOLD"
"R05-A-Q11-C4","R05-A-Q11","needs-industry-study","independent-source-and-original-paper-check","no-explicit-HOLD"
"R05-A-Q13-C1","R05-A-Q13","technical-draft","independent-source-and-original-paper-check","no-explicit-HOLD"
"R05-A-Q13-C2","R05-A-Q13","technical-draft","independent-source-and-original-paper-check","no-explicit-HOLD"
"R05-A-Q13-C3","R05-A-Q13","technical-draft","independent-source-and-original-paper-check","no-explicit-HOLD"
"R05-A-Q13-C5","R05-A-Q13","technical-draft","independent-source-and-original-paper-check","no-explicit-HOLD"
"R05-A-Q15-C3","R05-A-Q15","DRV-R05-A-2023;R05-SA15;R05-underline-3-page-visually-confirmed;JEMAI-official-original-file-identity-pending;R05-ECF-ESTAT-METI-2018-PULP","independent-source-and-original-paper-check","HOLD"
"R05-A-Q22-C1","R05-A-Q22","needs-JIS-text","independent-source-and-original-paper-check","no-explicit-HOLD"
"R05-A-Q24-C1","R05-A-Q24","technical-draft","independent-source-and-original-paper-check","no-explicit-HOLD"
"R05-A-Q24-C2","R05-A-Q24","technical-draft","independent-source-and-original-paper-check","no-explicit-HOLD"
"R05-A-Q24-C3","R05-A-Q24","technical-draft","knowledge-precision-and-independent-source-check","no-explicit-HOLD"
"R05-A-Q24-C4","R05-A-Q24","technical-draft","independent-source-and-original-paper-check","no-explicit-HOLD"
"R05-A-Q24-C5","R05-A-Q24","technical-draft","knowledge-precision-and-independent-source-check","no-explicit-HOLD"
"R06-G-Q05-C1","R06-G-Q05","needs-decree-check","independent-source-and-original-paper-check","no-explicit-HOLD"
"R06-G-Q05-C2","R06-G-Q05","needs-decree-check","independent-source-and-original-paper-check","no-explicit-HOLD"
"R06-G-Q05-C3","R06-G-Q05","needs-decree-check","independent-source-and-original-paper-check","no-explicit-HOLD"
"R06-G-Q05-C4","R06-G-Q05","needs-decree-check","independent-source-and-original-paper-check","no-explicit-HOLD"
"R06-G-Q05-C5","R06-G-Q05","needs-decree-check","knowledge-precision-and-independent-source-check","no-explicit-HOLD"
"R06-G-Q07-C1","R06-G-Q07","primary-2021-inventory-verified","independent-source-and-original-paper-check","no-explicit-HOLD"
"R06-G-Q07-C2","R06-G-Q07","primary-2021-inventory-verified","independent-source-and-original-paper-check","no-explicit-HOLD"
"R06-G-Q07-C3","R06-G-Q07","primary-2021-inventory-verified","independent-source-and-original-paper-check","no-explicit-HOLD"
"R06-G-Q07-C4","R06-G-Q07","primary-2021-inventory-verified","independent-source-and-original-paper-check","no-explicit-HOLD"
"R06-G-Q08-C2","R06-G-Q08","needs-2021-inventory","independent-source-and-original-paper-check","no-explicit-HOLD"
"R06-G-Q08-C3","R06-G-Q08","needs-2021-inventory","independent-source-and-original-paper-check","no-explicit-HOLD"
"R06-G-Q08-C4","R06-G-Q08","needs-2021-inventory","independent-source-and-original-paper-check","no-explicit-HOLD"
"R06-G-Q08-C5","R06-G-Q08","needs-2021-inventory","independent-source-and-original-paper-check","no-explicit-HOLD"
"R06-G-Q09-C3","R06-G-Q09","draft","independent-source-and-original-paper-check","no-explicit-HOLD"
"R06-G-Q09-C4","R06-G-Q09","draft","independent-source-and-original-paper-check","no-explicit-HOLD"
"R06-G-Q09-C5","R06-G-Q09","draft","independent-source-and-original-paper-check","no-explicit-HOLD"
"R06-G-Q11-C2","R06-G-Q11","R06-reprinted-PDF-visual-reviewed;JEMAI-original-identity-not-confirmed;primary-technical-JIS-audit-pending","independent-source-and-original-paper-check","HOLD"
"R06-G-Q12-C3","R06-G-Q12","needs-mechanism-study","independent-source-and-original-paper-check","no-explicit-HOLD"
"R06-G-Q12-C4","R06-G-Q12","needs-mechanism-study","independent-source-and-original-paper-check","no-explicit-HOLD"
"R06-G-Q12-C5","R06-G-Q12","needs-mechanism-study","independent-source-and-original-paper-check","no-explicit-HOLD"
"R06-G-Q13-C1","R06-G-Q13","draft","independent-source-and-original-paper-check","no-explicit-HOLD"
"R06-G-Q13-C2","R06-G-Q13","draft","independent-source-and-original-paper-check","no-explicit-HOLD"
"R06-G-Q13-C3","R06-G-Q13","draft","independent-source-and-original-paper-check","no-explicit-HOLD"
"R06-G-Q13-C4","R06-G-Q13","draft","independent-source-and-original-paper-check","no-explicit-HOLD"
"R06-G-Q13-C5","R06-G-Q13","draft","independent-source-and-original-paper-check","no-explicit-HOLD"
"R06-G-Q14-C1","R06-G-Q14","needs-history-inventory","independent-source-and-original-paper-check","no-explicit-HOLD"
"R06-G-Q14-C2","R06-G-Q14","needs-history-inventory","independent-source-and-original-paper-check","no-explicit-HOLD"
"R06-G-Q14-C3","R06-G-Q14","needs-history-inventory","independent-source-and-original-paper-check","no-explicit-HOLD"
"R06-G-Q14-C4","R06-G-Q14","needs-history-inventory","independent-source-and-original-paper-check","no-explicit-HOLD"
"R06-G-Q14-C5","R06-G-Q14","needs-history-inventory","independent-source-and-original-paper-check","no-explicit-HOLD"
"R06-G-Q15-C5","R06-G-Q15","primary-environment-notice-check","independent-source-and-original-paper-check","no-explicit-HOLD"
"R06-A-Q12-C4","R06-A-Q12","R06-reprinted-PDF-visual-reviewed;JEMAI-original-identity-not-confirmed;primary-technical-JIS-audit-pending","independent-source-and-original-paper-check","HOLD"
"R06-A-Q13-C1","R06-A-Q13","draft","independent-source-and-original-paper-check","no-explicit-HOLD"
"R06-A-Q13-C3","R06-A-Q13","draft","independent-source-and-original-paper-check","no-explicit-HOLD"
"R06-A-Q13-C5","R06-A-Q13","draft","independent-source-and-original-paper-check","no-explicit-HOLD"
"R06-A-Q15-C1","R06-A-Q15","draft","independent-source-and-original-paper-check","no-explicit-HOLD"
"R06-A-Q15-C2","R06-A-Q15","draft","independent-source-and-original-paper-check","no-explicit-HOLD"
"R06-A-Q15-C4","R06-A-Q15","draft","independent-source-and-original-paper-check","no-explicit-HOLD"
"R06-A-Q18-C4","R06-A-Q18","needs-JIS-text","independent-source-and-original-paper-check","no-explicit-HOLD"
"R07-G-Q01-C1","R07-G-Q01","underline-check","independent-source-and-original-paper-check","no-explicit-HOLD"
"R07-G-Q01-C2","R07-G-Q01","underline-check","independent-source-and-original-paper-check","no-explicit-HOLD"
"R07-G-Q01-C3","R07-G-Q01","underline-check","knowledge-precision-and-independent-source-check","no-explicit-HOLD"
"R07-G-Q02-C2","R07-G-Q02","draft","independent-source-and-original-paper-check","no-explicit-HOLD"
"R07-G-Q02-C3","R07-G-Q02","draft","independent-source-and-original-paper-check","no-explicit-HOLD"
"R07-G-Q02-C4","R07-G-Q02","draft","independent-source-and-original-paper-check","no-explicit-HOLD"
"R07-G-Q04-C1","R07-G-Q04","draft","independent-source-and-original-paper-check","no-explicit-HOLD"
"R07-G-Q04-C2","R07-G-Q04","draft","independent-source-and-original-paper-check","no-explicit-HOLD"
"R07-G-Q04-C3","R07-G-Q04","draft","independent-source-and-original-paper-check","no-explicit-HOLD"
"R07-G-Q04-C4","R07-G-Q04","draft","independent-source-and-original-paper-check","no-explicit-HOLD"
"R07-G-Q04-C5","R07-G-Q04","draft","independent-source-and-original-paper-check","no-explicit-HOLD"
"R07-G-Q07-C1","R07-G-Q07","needs-2022-statistics","independent-source-and-original-paper-check","no-explicit-HOLD"
"R07-G-Q07-C2","R07-G-Q07","needs-2022-statistics","independent-source-and-original-paper-check","no-explicit-HOLD"
"R07-G-Q07-C3","R07-G-Q07","needs-2022-statistics","independent-source-and-original-paper-check","no-explicit-HOLD"
"R07-G-Q07-C4","R07-G-Q07","needs-2022-statistics","independent-source-and-original-paper-check","no-explicit-HOLD"
"R07-G-Q07-C5","R07-G-Q07","needs-2022-statistics","independent-source-and-original-paper-check","no-explicit-HOLD"
"R07-G-Q13-C3","R07-G-Q13","draft","independent-source-and-original-paper-check","no-explicit-HOLD"
"R07-G-Q13-C4","R07-G-Q13","draft","independent-source-and-original-paper-check","no-explicit-HOLD"
"R07-G-Q15-C1","R07-G-Q15","needs-2022-statistics","independent-source-and-original-paper-check","no-explicit-HOLD"
"R07-G-Q15-C2","R07-G-Q15","needs-2022-statistics","independent-source-and-original-paper-check","no-explicit-HOLD"
"R07-G-Q15-C3","R07-G-Q15","needs-2022-statistics","independent-source-and-original-paper-check","no-explicit-HOLD"
"R07-G-Q15-C4","R07-G-Q15","needs-2022-statistics","independent-source-and-original-paper-check","no-explicit-HOLD"
"R07-G-Q15-C5","R07-G-Q15","needs-2022-statistics","independent-source-and-original-paper-check","no-explicit-HOLD"
"R07-A-Q04-C1","R07-A-Q04","draft","independent-source-and-original-paper-check","no-explicit-HOLD"
"R07-A-Q04-C3","R07-A-Q04","draft","independent-source-and-original-paper-check","no-explicit-HOLD"
"R07-A-Q04-C4","R07-A-Q04","draft","independent-source-and-original-paper-check","no-explicit-HOLD"
"R07-A-Q04-C5","R07-A-Q04","draft","independent-source-and-original-paper-check","no-explicit-HOLD"
"R07-A-Q08-C3","R07-A-Q08","draft","independent-source-and-original-paper-check","no-explicit-HOLD"
"R07-A-Q09-C2","R07-A-Q09","needs-process-source","independent-source-and-original-paper-check","no-explicit-HOLD"
"R07-A-Q14-C5","R07-A-Q14","needs-process-source","independent-source-and-original-paper-check","no-explicit-HOLD"
"R07-A-Q24-C4","R07-A-Q24","needs-JIS-text","independent-source-and-original-paper-check","no-explicit-HOLD"
