"choice_id","question_id","source_fact_supported","exam_visual_or_text_scope","source_ids","dated_applicability","verification_level","remaining_qa","publication_approval"
"R03-G-Q04-C1","R03-G-Q04","焼結炉（大気1号）の新設値は0.1 ng-TEQ/m3N","2021-public-reprint-exam-text-not-verified-identical-to-JEMAI","QA34-LAW-R03 QA34-R03-REPRINT","令和3年4月1日の施行版","content-independently-supported-original-official-file-unmatched","JEMAI公式原題ファイルとの紙面同一性と、法令適用時点の監修ログを最終確認","not-authorized"
"R03-G-Q04-C2","R03-G-Q04","製鋼用電気炉（2号）の新設値は0.5 ng-TEQ/m3N","2021-public-reprint-exam-text-not-verified-identical-to-JEMAI","QA34-LAW-R03 QA34-R03-REPRINT","令和3年4月1日の施行版","content-independently-supported-original-official-file-unmatched","JEMAI公式原題ファイルとの紙面同一性と、法令適用時点の監修ログを最終確認","not-authorized"
"R03-G-Q04-C3","R03-G-Q04","電気炉集じんダスト由来の亜鉛回収炉（3号）の新設値は1 ng-TEQ/m3N","2021-public-reprint-exam-text-not-verified-identical-to-JEMAI","QA34-LAW-R03 QA34-R03-REPRINT","令和3年4月1日の施行版","content-independently-supported-original-official-file-unmatched","JEMAI公式原題ファイルとの紙面同一性と、法令適用時点の監修ログを最終確認","not-authorized"
"R03-G-Q04-C4","R03-G-Q04","アルミニウム合金製造用乾燥炉（4号）の新設値は1 ng-TEQ/m3N","2021-public-reprint-exam-text-not-verified-identical-to-JEMAI","QA34-LAW-R03 QA34-R03-REPRINT","令和3年4月1日の施行版","content-independently-supported-original-official-file-unmatched","JEMAI公式原題ファイルとの紙面同一性と、法令適用時点の監修ログを最終確認","not-authorized"
"R03-G-Q04-C5","R03-G-Q04","同溶解炉（4号）の新設値は1 ng-TEQ/m3Nなので、設問に示された0.5は不一致","2021-public-reprint-exam-text-not-verified-identical-to-JEMAI","QA34-LAW-R03 QA34-R03-REPRINT","令和3年4月1日の施行版","content-independently-supported-original-official-file-unmatched","JEMAI公式原題ファイルとの紙面同一性と、法令適用時点の監修ログを最終確認","not-authorized"
"R03-G-Q11-C1","R03-G-Q11","PCDD・PCDF・DL-PCBは異性体によりTEFが異なる","2021-public-reprint-exam-text-not-verified-identical-to-JEMAI","QA34-TEF-MOE QA34-R03-REPRINT","WHO-TEF(2006)制度適用関係／2021年試験","content-independently-supported-original-official-file-unmatched","公式原題の同一性とTEF行政適用版の最終校閲","not-authorized"
"R03-G-Q11-C2","R03-G-Q11","2,3,7,8-TCDDのTEFは1で相対的毒性の基準となる","2021-public-reprint-exam-text-not-verified-identical-to-JEMAI","QA34-TEF-MOE QA34-R03-REPRINT","WHO-TEF(2006)制度適用関係／2021年試験","content-independently-supported-original-official-file-unmatched","公式原題の同一性とTEF行政適用版の最終校閲","not-authorized"
"R03-G-Q11-C3","R03-G-Q11","TEF付与の異性体数はPCDD7、PCDF10、DL-PCB12。選択肢のPCDF12・DL-PCB10は逆","2021-public-reprint-exam-text-not-verified-identical-to-JEMAI","QA34-TEF-MOE QA34-R03-REPRINT","WHO-TEF(2006)制度適用関係／2021年試験","content-independently-supported-original-official-file-unmatched","公式原題の同一性とTEF行政適用版の最終校閲","not-authorized"
"R03-G-Q11-C4","R03-G-Q11","TEFが付与されるPCDD/PCDFは2,3,7,8位塩素置換体から選ばれている","2021-public-reprint-exam-text-not-verified-identical-to-JEMAI","QA34-TEF-MOE QA34-R03-REPRINT","WHO-TEF(2006)制度適用関係／2021年試験","content-independently-supported-original-official-file-unmatched","公式原題の同一性とTEF行政適用版の最終校閲","not-authorized"
"R03-G-Q11-C5","R03-G-Q11","DL-PCBの中でPCB-126（TEF0.1）が最大である（2006年WHO-TEF）","2021-public-reprint-exam-text-not-verified-identical-to-JEMAI","QA34-TEF-MOE QA34-R03-REPRINT","WHO-TEF(2006)制度適用関係／2021年試験","content-independently-supported-original-official-file-unmatched","公式原題の同一性とTEF行政適用版の最終校閲","not-authorized"
"R03-G-Q13-C2","R03-G-Q13","PeCDD1 < HxCB3 < HxCDD3 < HpCDF2：途中に3<3や3<2があり不成立","2021-public-reprint-page7-image-symbol-visually-verified-JEMAI-identity-pending","QA34-TEF-MOE QA34-R03-REPRINT","WHO-TEF(2006)制度適用関係／2021年試験","content-and-public-reprint-symbol-verified-wording-conflict","JEMAI原題との差異有無と『多い順』対『＜』の教材注記を最終校閲","not-authorized"
"R03-G-Q13-C3","R03-G-Q13","PeCDF2 < PeCDD1 < HpCDF2 < HxCDF4：2<1が不成立","2021-public-reprint-page7-image-symbol-visually-verified-JEMAI-identity-pending","QA34-TEF-MOE QA34-R03-REPRINT","WHO-TEF(2006)制度適用関係／2021年試験","content-and-public-reprint-symbol-verified-wording-conflict","JEMAI原題との差異有無と『多い順』対『＜』の教材注記を最終校閲","not-authorized"
"R03-G-Q13-C4","R03-G-Q13","PeCDD1 < HxCDD3 < HpCDF2 < HxCDF4：3<2が不成立","2021-public-reprint-page7-image-symbol-visually-verified-JEMAI-identity-pending","QA34-TEF-MOE QA34-R03-REPRINT","WHO-TEF(2006)制度適用関係／2021年試験","content-and-public-reprint-symbol-verified-wording-conflict","JEMAI原題との差異有無と『多い順』対『＜』の教材注記を最終校閲","not-authorized"
"R03-G-Q13-C5","R03-G-Q13","HpCDF2 < PeCDD1 < PeCDF2 < HxCDD3：2<1が不成立","2021-public-reprint-page7-image-symbol-visually-verified-JEMAI-identity-pending","QA34-TEF-MOE QA34-R03-REPRINT","WHO-TEF(2006)制度適用関係／2021年試験","content-and-public-reprint-symbol-verified-wording-conflict","JEMAI原題との差異有無と『多い順』対『＜』の教材注記を最終校閲","not-authorized"
