"choice_id","topic","exam_media_status","external_evidence_status","finding","remaining_check","new_source_ids","publication_approval"
"R03-G-Q05-C5","R03-G-Q05","not-independently-original-paper-audited","primary-dated-law-verified","2021年8月施行版の第5条の3は水質17号を引用しない。","問題紙面と施設該当性の原文をJEMAI版で照合","V28-01 V28-02 V29-01","not-authorized"
"R03-G-Q07-C3","R03-G-Q07","not-independently-original-paper-audited","prior-pass-source-support","第28パスの意味的割当てを維持。新規の原題/一次内容確認は未了。","原選択肢の具体的な分母・表記","V28-03 V28-04","not-authorized"
"R03-G-Q13-C2","R03-G-Q13","reprint-PDF-text-plus-HTML-no-page-image","congener-numbers-supported-symbol-interpretation-pending","『多い順』という文言と＜による昇順表記が併存。番号①は1<3<4<5の順で成立、他の選択肢はどこかで逆転。","JEMAI原題の不等号を実画像で確認して設問文との関係を注記","V28-05 V29-04","not-authorized"
"R03-G-Q13-C3","R03-G-Q13","reprint-PDF-text-plus-HTML-no-page-image","congener-numbers-supported-symbol-interpretation-pending","『多い順』という文言と＜による昇順表記が併存。番号①は1<3<4<5の順で成立、他の選択肢はどこかで逆転。","JEMAI原題の不等号を実画像で確認して設問文との関係を注記","V28-05 V29-04","not-authorized"
"R03-G-Q13-C4","R03-G-Q13","reprint-PDF-text-plus-HTML-no-page-image","congener-numbers-supported-symbol-interpretation-pending","『多い順』という文言と＜による昇順表記が併存。番号①は1<3<4<5の順で成立、他の選択肢はどこかで逆転。","JEMAI原題の不等号を実画像で確認して設問文との関係を注記","V28-05 V29-04","not-authorized"
"R03-G-Q13-C5","R03-G-Q13","reprint-PDF-text-plus-HTML-no-page-image","congener-numbers-supported-symbol-interpretation-pending","『多い順』という文言と＜による昇順表記が併存。番号①は1<3<4<5の順で成立、他の選択肢はどこかで逆転。","JEMAI原題の不等号を実画像で確認して設問文との関係を注記","V28-05 V29-04","not-authorized"
"R03-A-Q05-C1","R03-A-Q05","reprint-pdf-text-not-page-image","arithmetic-and-units-supported-by-reprint","計算条件・流量m³N/hを公開複製PDFの抽出文字で確認。95%、3000m³N/hで公式⑤。","JEMAI原本との照合","V28-06 V29-05","not-authorized"
"R03-A-Q05-C2","R03-A-Q05","reprint-pdf-text-not-page-image","arithmetic-and-units-supported-by-reprint","計算条件・流量m³N/hを公開複製PDFの抽出文字で確認。95%、3000m³N/hで公式⑤。","JEMAI原本との照合","V28-06 V29-05","not-authorized"
"R03-A-Q05-C3","R03-A-Q05","reprint-pdf-text-not-page-image","arithmetic-and-units-supported-by-reprint","計算条件・流量m³N/hを公開複製PDFの抽出文字で確認。95%、3000m³N/hで公式⑤。","JEMAI原本との照合","V28-06 V29-05","not-authorized"
"R03-A-Q05-C4","R03-A-Q05","reprint-pdf-text-not-page-image","arithmetic-and-units-supported-by-reprint","計算条件・流量m³N/hを公開複製PDFの抽出文字で確認。95%、3000m³N/hで公式⑤。","JEMAI原本との照合","V28-06 V29-05","not-authorized"
"R03-A-Q05-C5","R03-A-Q05","reprint-pdf-text-not-page-image","arithmetic-and-units-supported-by-reprint","計算条件・流量m³N/hを公開複製PDFの抽出文字で確認。95%、3000m³N/hで公式⑤。","JEMAI原本との照合","V28-06 V29-05","not-authorized"
"R04-G-Q11-C2","R04-G-Q11","not-independently-original-paper-audited","scope-mismatch-flagged-individual-congener-primary-source","IARCの同族体値と設問のコプラナーPCBの推定融点は同一母集団とは限らない。","コプラナー群の対象異性体に限定した元物性表／JEMAI原題の照合","V28-07 V29-07 V29-10","not-authorized"
"R04-G-Q11-C3","R04-G-Q11","not-independently-original-paper-audited","scope-mismatch-flagged-individual-congener-primary-source","WHOの個別異性体PCB77は約5.87×10^-5Pa(25℃)、PCB105は約8.71×10^-4Pa。IARCの同族体範囲だけではこの選択肢の正誤根拠として不足。","コプラナー群の対象異性体に限定した元物性表／JEMAI原題の照合","V28-07 V29-07 V29-10","not-authorized"
"R04-G-Q12-C4","R04-G-Q12","not-independently-original-paper-audited","prior-pass-source-support","第28パスの意味的割当てを維持。新規の原題/一次内容確認は未了。","原選択肢の曝露経路","V28-08","not-authorized"
"R04-A-Q13-C1","R04-A-Q13","not-independently-original-paper-audited","prior-pass-source-support","第28パスの意味的割当てを維持。新規の原題/一次内容確認は未了。","原選択肢の趣旨","V28-09","not-authorized"
"R04-A-Q13-C2","R04-A-Q13","not-independently-original-paper-audited","prior-pass-source-support","第28パスの意味的割当てを維持。新規の原題/一次内容確認は未了。","原選択肢の趣旨","V28-09","not-authorized"
"R04-A-Q13-C3","R04-A-Q13","not-independently-original-paper-audited","prior-pass-source-support","第28パスの意味的割当てを維持。新規の原題/一次内容確認は未了。","原選択肢の勧告対象","V28-09","not-authorized"
"R04-A-Q13-C4","R04-A-Q13","not-independently-original-paper-audited","prior-pass-source-support","第28パスの意味的割当てを維持。新規の原題/一次内容確認は未了。","適用年度の条文","V28-10","not-authorized"
"R04-A-Q13-C5","R04-A-Q13","not-independently-original-paper-audited","prior-pass-source-support","第28パスの意味的割当てを維持。新規の原題/一次内容確認は未了。","原選択肢に記された具体的な時点","V28-11","not-authorized"
"R05-A-Q24-C3","R05-A-Q24","reprint-pdf-text-not-page-image","official-analogous-manual-supported-JIS-2020-unverified","無条件毎回との表現は公的2008年大気環境マニュアルとも異なる。","2020年JIS K0311正本の同じ規定を確認（環境大気マニュアルとの媒体差を保持）","V28-13 V28-14 V29-06 V29-08 V29-09","not-authorized"
"R05-A-Q24-C5","R05-A-Q24","reprint-pdf-text-not-page-image","official-analogous-manual-supported-JIS-2020-unverified","実施時3試料以上の平均値は公的2008年大気環境マニュアルと整合。","2020年JIS K0311正本の同じ規定を確認（環境大気マニュアルとの媒体差を保持）","V28-13 V28-14 V29-06 V29-08 V29-09","not-authorized"
"R06-G-Q05-C5","R06-G-Q05","reprint-pdf-page-image-visually-reviewed","primary-dated-law-verified","2024年9月時点の第5条の3は大気5号を引用しない。原題複製⑤の火床面積0.5m²を目視。","JEMAI公開正本との同一性・他の4択","V28-01 V29-02 V29-03","not-authorized"
"R07-G-Q01-C3","R07-G-Q01","not-independently-original-paper-audited","prior-pass-source-support","第28パスの意味的割当てを維持。新規の原題/一次内容確認は未了。","2022改訂版と原下線","V28-12","not-authorized"
