choice_id,question_id,old_primary_id,new_primary_id,new_item_id,reason_summary,semantic_basis,support_reference,original_exam_status,content_evidence_status,publication_approval,remaining_check
"R03-G-Q13-C1","R03-G-Q13","DX-G04-007","DX-G04-016","4.2.1","①の順序はHpCBs(1)<HxCDDs(3)<HxCDFs(4)<PeCBs(5)。TEF付与異性体の数を小さい方から並べた不等式として正しい。ただし問題文『多い順』との言語上の整合は要編集注。","individual-choice-rationale-plus-technical-terminology","previous pass28 congener TEF-count concept; numerical statements already independently identified; original inequality image pending","not-official-original-visually-rechecked-in-pass31","semantic-scope-supported-not-full-choice-claim-verified","not-authorized","公式問題の原文・記号・年度法令/規格/物性の文書を独立再検証"
"R03-A-Q04-C1","R03-A-Q04","DX-A01-006","DX-A01-015","8.3.2","微粒子を低圧損で捕集できる。","individual-choice-rationale-plus-technical-terminology","https://nepis.epa.gov/Exe/ZyPURL.cgi?Dockey=40001FZQ.TXT; https://nepis.epa.gov/Exe/ZyPURL.cgi?Dockey=P1008OHR.TXT","not-official-original-visually-rechecked-in-pass31","semantic-scope-supported-not-full-choice-claim-verified","not-authorized","公式問題の原文・記号・年度法令/規格/物性の文書を独立再検証"
"R03-A-Q04-C2","R03-A-Q04","DX-A01-006","DX-A01-015","8.3.2","負極放電と電極構成の説明。","individual-choice-rationale-plus-technical-terminology","https://nepis.epa.gov/Exe/ZyPURL.cgi?Dockey=40001FZQ.TXT; https://nepis.epa.gov/Exe/ZyPURL.cgi?Dockey=P1008OHR.TXT","not-official-original-visually-rechecked-in-pass31","semantic-scope-supported-not-full-choice-claim-verified","not-authorized","公式問題の原文・記号・年度法令/規格/物性の文書を独立再検証"
"R03-A-Q04-C3","R03-A-Q04","DX-A01-006","DX-A01-015","8.3.2","放電極は高電圧直流を印加する。","individual-choice-rationale-plus-technical-terminology","https://nepis.epa.gov/Exe/ZyPURL.cgi?Dockey=40001FZQ.TXT; https://nepis.epa.gov/Exe/ZyPURL.cgi?Dockey=P1008OHR.TXT","not-official-original-visually-rechecked-in-pass31","semantic-scope-supported-not-full-choice-claim-verified","not-authorized","公式問題の原文・記号・年度法令/規格/物性の文書を独立再検証"
"R03-A-Q04-C4","R03-A-Q04","DX-A01-006","DX-A01-015","8.3.2","湿式では水で付着粒子を洗浄する。","individual-choice-rationale-plus-technical-terminology","https://nepis.epa.gov/Exe/ZyPURL.cgi?Dockey=40001FZQ.TXT; https://nepis.epa.gov/Exe/ZyPURL.cgi?Dockey=P1008OHR.TXT","not-official-original-visually-rechecked-in-pass31","semantic-scope-supported-not-full-choice-claim-verified","not-authorized","公式問題の原文・記号・年度法令/規格/物性の文書を独立再検証"
"R03-A-Q04-C5","R03-A-Q04","DX-A01-006","DX-A01-015","8.3.2","乾式で逆電離・再飛散が生じないとするのは不適切。","individual-choice-rationale-plus-technical-terminology","https://nepis.epa.gov/Exe/ZyPURL.cgi?Dockey=40001FZQ.TXT; https://nepis.epa.gov/Exe/ZyPURL.cgi?Dockey=P1008OHR.TXT","not-official-original-visually-rechecked-in-pass31","semantic-scope-supported-not-full-choice-claim-verified","not-authorized","公式問題の原文・記号・年度法令/規格/物性の文書を独立再検証"
"R05-G-Q09-C1","R05-G-Q09","DX-G04-011","DX-G04-010","4.4.1","①Kowが大きい化合物ほどオクタノール相に分配しやすく、疎水性が強いという説明は妥当。","individual-choice-rationale-plus-technical-terminology","https://www.env.go.jp/air/tech/kyodomoderuhandbookH16.pdf 物質分配とKowの定義","not-official-original-visually-rechecked-in-pass31","semantic-scope-supported-not-full-choice-claim-verified","not-authorized","公式問題の原文・記号・年度法令/規格/物性の文書を独立再検証"
"R05-G-Q09-C2","R05-G-Q09","DX-G04-011","DX-G04-010","4.4.1","②PCDD/PCDFが高いlogKowをもつことは疎水性の説明に合う。数値は温度と異性体に依存する。","individual-choice-rationale-plus-technical-terminology","https://www.env.go.jp/air/tech/kyodomoderuhandbookH16.pdf 物質分配とKowの定義","not-official-original-visually-rechecked-in-pass31","semantic-scope-supported-not-full-choice-claim-verified","not-authorized","公式問題の原文・記号・年度法令/規格/物性の文書を独立再検証"
"R05-G-Q09-C3","R05-G-Q09","DX-G04-011","DX-G04-010","4.4.1","③塩素置換数とlogKowが『負の相関』という説明は逆。一般にPCDD/PCDFでは高塩素化体ほど疎水性が強くlogKowが大きい。物性表の異性体条件は区別する。","individual-choice-rationale-plus-technical-terminology","https://www.env.go.jp/air/tech/kyodomoderuhandbookH16.pdf 物質分配とKowの定義","not-official-original-visually-rechecked-in-pass31","semantic-scope-supported-not-full-choice-claim-verified","not-authorized","公式問題の原文・記号・年度法令/規格/物性の文書を独立再検証"
"R05-A-Q04-C1","R05-A-Q04","DX-A01-006","DX-A01-015","8.3.2","可動部が比較的少ない特徴。","individual-choice-rationale-plus-technical-terminology","https://nepis.epa.gov/Exe/ZyPURL.cgi?Dockey=40001FZQ.TXT; https://nepis.epa.gov/Exe/ZyPURL.cgi?Dockey=P1008OHR.TXT","not-official-original-visually-rechecked-in-pass31","semantic-scope-supported-not-full-choice-claim-verified","not-authorized","公式問題の原文・記号・年度法令/規格/物性の文書を独立再検証"
"R05-A-Q04-C2","R05-A-Q04","DX-A01-006","DX-A01-015","8.3.2","ダスト比抵抗が集じん率に影響。","individual-choice-rationale-plus-technical-terminology","https://nepis.epa.gov/Exe/ZyPURL.cgi?Dockey=40001FZQ.TXT; https://nepis.epa.gov/Exe/ZyPURL.cgi?Dockey=P1008OHR.TXT","not-official-original-visually-rechecked-in-pass31","semantic-scope-supported-not-full-choice-claim-verified","not-authorized","公式問題の原文・記号・年度法令/規格/物性の文書を独立再検証"
"R05-A-Q04-C3","R05-A-Q04","DX-A01-006","DX-A01-015","8.3.2","高粒子濃度で空間電荷により放電が抑制され得る。","individual-choice-rationale-plus-technical-terminology","https://nepis.epa.gov/Exe/ZyPURL.cgi?Dockey=40001FZQ.TXT; https://nepis.epa.gov/Exe/ZyPURL.cgi?Dockey=P1008OHR.TXT","not-official-original-visually-rechecked-in-pass31","semantic-scope-supported-not-full-choice-claim-verified","not-authorized","公式問題の原文・記号・年度法令/規格/物性の文書を独立再検証"
"R05-A-Q04-C4","R05-A-Q04","DX-A01-006","DX-A01-015","8.3.2","放電着火リスクがあるため爆発性ガス・可燃粉じんへの一般使用は不適切。","individual-choice-rationale-plus-technical-terminology","https://nepis.epa.gov/Exe/ZyPURL.cgi?Dockey=40001FZQ.TXT; https://nepis.epa.gov/Exe/ZyPURL.cgi?Dockey=P1008OHR.TXT","not-official-original-visually-rechecked-in-pass31","semantic-scope-supported-not-full-choice-claim-verified","not-authorized","公式問題の原文・記号・年度法令/規格/物性の文書を独立再検証"
"R05-A-Q04-C5","R05-A-Q04","DX-A01-006","DX-A01-015","8.3.2","高電圧系統を設ける初期費用を問う。","individual-choice-rationale-plus-technical-terminology","https://nepis.epa.gov/Exe/ZyPURL.cgi?Dockey=40001FZQ.TXT; https://nepis.epa.gov/Exe/ZyPURL.cgi?Dockey=P1008OHR.TXT","not-official-original-visually-rechecked-in-pass31","semantic-scope-supported-not-full-choice-claim-verified","not-authorized","公式問題の原文・記号・年度法令/規格/物性の文書を独立再検証"
