"choice_id","question_id","resolved_primary_id","content_evidence_status","remaining_qa","source_ids","publication_hold"
"R03-G-Q05-C5","R03-G-Q05","DX-G01-022","statute-check","年度適用条文の確認","V28-01 V28-02","no-explicit-HOLD"
"R03-G-Q07-C3","R03-G-Q07","DX-G03-014","official-statistics","原選択肢の具体的な分母・表記","V28-03 V28-04","no-explicit-HOLD"
"R03-G-Q13-C2","R03-G-Q13","DX-G04-016","tef-list-computed","問題中の多い順と不等号の原図","V28-05","no-explicit-HOLD"
"R03-G-Q13-C3","R03-G-Q13","DX-G04-016","tef-list-computed","問題中の多い順と不等号の原図","V28-05","no-explicit-HOLD"
"R03-G-Q13-C4","R03-G-Q13","DX-G04-016","tef-list-computed","問題中の多い順と不等号の原図","V28-05","no-explicit-HOLD"
"R03-G-Q13-C5","R03-G-Q13","DX-G04-016","tef-list-computed","問題中の多い順と不等号の原図","V28-05","no-explicit-HOLD"
"R03-A-Q05-C1","R03-A-Q05","DX-A01-016","formula-arithmetic","標準体積・流量条件と元数値","V28-06","no-explicit-HOLD"
"R03-A-Q05-C2","R03-A-Q05","DX-A01-016","formula-arithmetic","標準体積・流量条件と元数値","V28-06","no-explicit-HOLD"
"R03-A-Q05-C3","R03-A-Q05","DX-A01-016","formula-arithmetic","標準体積・流量条件と元数値","V28-06","no-explicit-HOLD"
"R03-A-Q05-C4","R03-A-Q05","DX-A01-016","formula-arithmetic","標準体積・流量条件と元数値","V28-06","no-explicit-HOLD"
"R03-A-Q05-C5","R03-A-Q05","DX-A01-016","formula-arithmetic","標準体積・流量条件と元数値","V28-06","no-explicit-HOLD"
"R04-G-Q11-C2","R04-G-Q11","DX-G04-017","iarc-table","原選択肢の融点・対象塩素数","V28-07","no-explicit-HOLD"
"R04-G-Q11-C3","R04-G-Q11","DX-G04-017","iarc-table","原選択肢の蒸気圧値・高低の解釈","V28-07","no-explicit-HOLD"
"R04-G-Q12-C4","R04-G-Q12","DX-G06-001","toxicology-table","原選択肢の曝露経路","V28-08","no-explicit-HOLD"
"R04-A-Q13-C1","R04-A-Q13","DX-G04-018","expert-report","原選択肢の趣旨","V28-09","no-explicit-HOLD"
"R04-A-Q13-C2","R04-A-Q13","DX-G04-018","expert-report","原選択肢の趣旨","V28-09","no-explicit-HOLD"
"R04-A-Q13-C3","R04-A-Q13","DX-G04-018","expert-report","原選択肢の勧告対象","V28-09","no-explicit-HOLD"
"R04-A-Q13-C4","R04-A-Q13","DX-G01-023","statutory-provision","適用年度の条文","V28-10","no-explicit-HOLD"
"R04-A-Q13-C5","R04-A-Q13","DX-G02-005","official-survey","原選択肢に記された具体的な時点","V28-11","no-explicit-HOLD"
"R05-A-Q24-C3","R05-A-Q24","DX-A05-016","secondary-jis-only","JIS K0311:2020正本","V28-13 V28-14","no-explicit-HOLD"
"R05-A-Q24-C5","R05-A-Q24","DX-A05-016","secondary-jis-only","JIS K0311:2020正本","V28-13 V28-14","no-explicit-HOLD"
"R06-G-Q05-C5","R06-G-Q05","DX-G01-022","statute-check","2024適用版と原選択肢","V28-01","no-explicit-HOLD"
"R07-G-Q01-C3","R07-G-Q01","DX-A05-011","official-manual","2022改訂版と原下線","V28-12","no-explicit-HOLD"
