"choice_id","question_id","previous_primary_id","resolved_primary_id","item_id","semantic_review","content_evidence_status","source_ids","technical_or_legal_finding","remaining_qa","publication_hold"
"R03-G-Q05-C5","R03-G-Q05","DX-A04-028","DX-G01-022","1.4.1","resolved-semantic-classification","statute-check","V28-01 V28-02","組織法施行令5条の3は水質17号フロン破壊を含まない。","年度適用条文の確認","no-explicit-HOLD"
"R03-G-Q07-C3","R03-G-Q07","DX-G03-008","DX-G03-014","3.5.3","resolved-semantic-classification","official-statistics","V28-03 V28-04","2001年度末に焼却炉のみ94.8%、上位3分類は約99.7%。","原選択肢の具体的な分母・表記","no-explicit-HOLD"
"R03-G-Q13-C2","R03-G-Q13","DX-G04-004","DX-G04-016","4.2.1","resolved-semantic-classification","tef-list-computed","V28-05","TEF対象同族体の個数を実一覧から算定。PeCB5・HxCDF4・HxCDD3・HpCB1。","問題中の多い順と不等号の原図","no-explicit-HOLD"
"R03-G-Q13-C3","R03-G-Q13","DX-G04-004","DX-G04-016","4.2.1","resolved-semantic-classification","tef-list-computed","V28-05","TEF対象同族体の個数を実一覧から算定。PeCB5・HxCDF4・HxCDD3・HpCB1。","問題中の多い順と不等号の原図","no-explicit-HOLD"
"R03-G-Q13-C4","R03-G-Q13","DX-G04-004","DX-G04-016","4.2.1","resolved-semantic-classification","tef-list-computed","V28-05","TEF対象同族体の個数を実一覧から算定。PeCB5・HxCDF4・HxCDD3・HpCB1。","問題中の多い順と不等号の原図","no-explicit-HOLD"
"R03-G-Q13-C5","R03-G-Q13","DX-G04-004","DX-G04-016","4.2.1","resolved-semantic-classification","tef-list-computed","V28-05","TEF対象同族体の個数を実一覧から算定。PeCB5・HxCDF4・HxCDD3・HpCB1。","問題中の多い順と不等号の原図","no-explicit-HOLD"
"R03-A-Q05-C1","R03-A-Q05","DX-A01-008","DX-A01-016","8.4.2","resolved-semantic-classification","formula-arithmetic","V28-06","分解率95%。SV1500h-1×触媒体積2m3=3000m3/h。","標準体積・流量条件と元数値","no-explicit-HOLD"
"R03-A-Q05-C2","R03-A-Q05","DX-A01-008","DX-A01-016","8.4.2","resolved-semantic-classification","formula-arithmetic","V28-06","分解率95%。SV1500h-1×触媒体積2m3=3000m3/h。","標準体積・流量条件と元数値","no-explicit-HOLD"
"R03-A-Q05-C3","R03-A-Q05","DX-A01-008","DX-A01-016","8.4.2","resolved-semantic-classification","formula-arithmetic","V28-06","分解率95%。SV1500h-1×触媒体積2m3=3000m3/h。","標準体積・流量条件と元数値","no-explicit-HOLD"
"R03-A-Q05-C4","R03-A-Q05","DX-A01-008","DX-A01-016","8.4.2","resolved-semantic-classification","formula-arithmetic","V28-06","分解率95%。SV1500h-1×触媒体積2m3=3000m3/h。","標準体積・流量条件と元数値","no-explicit-HOLD"
"R03-A-Q05-C5","R03-A-Q05","DX-A01-008","DX-A01-016","8.4.2","resolved-semantic-classification","formula-arithmetic","V28-06","分解率95%。SV1500h-1×触媒体積2m3=3000m3/h。","標準体積・流量条件と元数値","no-explicit-HOLD"
"R04-G-Q11-C2","R04-G-Q11","DX-G04-011","DX-G04-017","4.4.2","resolved-semantic-classification","iarc-table","V28-07","四塩化PCB融点47～180℃、五塩化PCB76.5～124℃。","原選択肢の融点・対象塩素数","no-explicit-HOLD"
"R04-G-Q11-C3","R04-G-Q11","DX-G04-011","DX-G04-017","4.4.2","resolved-semantic-classification","iarc-table","V28-07","四塩化PCB0.012Pa、五塩化PCB0.0026Pa（25℃）。","原選択肢の蒸気圧値・高低の解釈","no-explicit-HOLD"
"R04-G-Q12-C4","R04-G-Q12","DX-G06-001","DX-G06-001","6.1.1","resolved-semantic-classification","toxicology-table","V28-08","モルモット2,3,7,8-TCDD経口LD50約0.6µg/kg=600ng/kg。","原選択肢の曝露経路","no-explicit-HOLD"
"R04-A-Q13-C1","R04-A-Q13","DX-G04-009","DX-G04-018","4.3.3","resolved-semantic-classification","expert-report","V28-09","臭素系類の曝露・毒性学的懸念についてのWHO・UNEP研究。","原選択肢の趣旨","no-explicit-HOLD"
"R04-A-Q13-C2","R04-A-Q13","DX-G04-009","DX-G04-018","4.3.3","resolved-semantic-classification","expert-report","V28-09","正式係数と暫定係数の援用を区別。","原選択肢の趣旨","no-explicit-HOLD"
"R04-A-Q13-C3","R04-A-Q13","DX-G04-009","DX-G04-018","4.3.3","resolved-semantic-classification","expert-report","V28-09","WHO・UNEPによる塩素系TEFの暫定援用勧告は2013年公表。","原選択肢の勧告対象","no-explicit-HOLD"
"R04-A-Q13-C4","R04-A-Q13","DX-G01-001","DX-G01-023","1.1.1","resolved-semantic-classification","statutory-provision","V28-10","特措法附則第2条が臭素系について調査研究を規定。","適用年度の条文","no-explicit-HOLD"
"R04-A-Q13-C5","R04-A-Q13","DX-G02-005","DX-G02-005","2.3.1","resolved-semantic-classification","official-survey","V28-11","環境省が平成12年度の臭素系環境媒体横断パイロット調査を実施。","原選択肢に記された具体的な時点","no-explicit-HOLD"
"R05-A-Q24-C3","R05-A-Q24","DX-A05-016","DX-A05-016","12.6.1","resolved-semantic-classification","secondary-jis-only","V28-13 V28-14","トラベルブランク毎回必須との断定は誤りとする非公式2020版JIS転載。","JIS K0311:2020正本","no-explicit-HOLD"
"R05-A-Q24-C5","R05-A-Q24","DX-A05-016","DX-A05-016","12.6.1","resolved-semantic-classification","secondary-jis-only","V28-13 V28-14","実施時は少なくとも3試料以上、平均値を求めるとの非公式JIS転載。","JIS K0311:2020正本","no-explicit-HOLD"
"R06-G-Q05-C5","R06-G-Q05","DX-A02-018","DX-G01-022","1.4.1","resolved-semantic-classification","statute-check","V28-01","大気第5号焼却炉は組織法第5条の3の引用範囲外。単なる規模下限差とする元説明は要修正。","2024適用版と原選択肢","no-explicit-HOLD"
"R07-G-Q01-C3","R07-G-Q01","DX-A05-011","DX-A05-011","12.4.2","resolved-semantic-classification","official-manual","V28-12","土壌中ダイオキシン類はHRGC-HRMS分析であり透過電子顕微鏡ではない。","2022改訂版と原下線","no-explicit-HOLD"
