"knowledge_id","canonical_id","knowledge_title","section_id","mapped_choices","mapped_example_choice_ids","coverage_class"
"DX-I-001","DX-I-001","物質群と単一物質","0.1","0","","no-choice-draft-link-not-irrelevant"
"DX-I-002","DX-I-002","PCDDとPCDFの構造差","0.1","0","","no-choice-draft-link-not-irrelevant"
"DX-I-003","DX-I-003","ダイオキシン様PCB","0.1","0","","no-choice-draft-link-not-irrelevant"
"DX-I-004","DX-I-004","毒性の異なる異性体","0.2","0","","no-choice-draft-link-not-irrelevant"
"DX-I-005","DX-I-005","TEFとTEQという共通指標","0.2","0","","no-choice-draft-link-not-irrelevant"
"DX-I-006","DX-I-006","非意図的生成と排出","0.3","0","","no-choice-draft-link-not-irrelevant"
"DX-I-007","DX-I-007","環境残留と食物連鎖","0.3","0","","no-choice-draft-link-not-irrelevant"
"DX-I-008","DX-I-008","人の曝露経路","0.3","0","","no-choice-draft-link-not-irrelevant"
"DX-I-009","DX-I-009","日本の焼却問題と制度化","0.4","0","","no-choice-draft-link-not-irrelevant"
"DX-I-010","DX-I-010","ストックホルム条約と国際協調","0.4","0","","no-choice-draft-link-not-irrelevant"
"DX-I-011","DX-I-011","TDIと環境基準と排出基準の役割","0.5","0","","no-choice-draft-link-not-irrelevant"
"DX-I-012","DX-I-012","概論と特論の接続","0.5","0","","no-choice-draft-link-not-irrelevant"
"DX-G01-001","DX-G01-001","基本指針と特措法","1.1","13","R04-G-Q02-C1 R04-G-Q02-C2 R04-G-Q02-C5 R05-G-Q02-C1 R05-G-Q02-C2 R05-G-Q02-C3","option-draft-linked"
"DX-G01-002","DX-G01-002","法律・政令・省令・告示","1.1","1","R07-G-Q02-C3","option-draft-linked"
"DX-G01-003","DX-G01-003","地方条例と上乗せ","1.1","0","","no-choice-draft-link-not-irrelevant"
"DX-G01-004","DX-G01-004","法のダイオキシン類の定義","1.2","4","R03-G-Q06-C1 R04-G-Q06-C1 R07-G-Q02-C2 R07-G-Q02-C4","option-draft-linked"
"DX-G01-005","DX-G01-005","TDIの意味と値","1.2","6","R04-G-Q02-C3 R06-G-Q03-C1 R06-G-Q03-C2 R06-G-Q03-C3 R06-G-Q03-C4 R06-G-Q03-C5","option-draft-linked"
"DX-G01-006","DX-G01-006","TEQの法規への利用","1.2","0","","no-choice-draft-link-not-irrelevant"
"DX-G01-007","DX-G01-007","大気環境基準","1.3","10","R03-G-Q01-C1 R03-G-Q01-C5 R04-G-Q01-C1 R04-G-Q01-C2 R04-G-Q01-C3 R04-G-Q01-C4","option-draft-linked"
"DX-G01-008","DX-G01-008","水質環境基準と地下水","1.3","4","R03-G-Q01-C2 R04-G-Q03-C4 R06-G-Q01-C3 R06-G-Q15-C2","option-draft-linked"
"DX-G01-009","DX-G01-009","底質環境基準","1.3","3","R03-G-Q01-C3 R06-G-Q01-C4 R06-G-Q15-C3","option-draft-linked"
"DX-G01-010","DX-G01-010","土壌環境基準と調査指標","1.3","8","R03-G-Q01-C4 R05-G-Q01-C1 R05-G-Q01-C2 R05-G-Q01-C3 R05-G-Q01-C4 R05-G-Q01-C5 R06-G-Q01-C5 R06-G-Q15-C4","option-draft-linked"
"DX-G01-011","DX-G01-011","大気基準適用施設","1.4","6","R03-G-Q05-C1 R03-G-Q05-C2 R04-G-Q05-C1 R04-G-Q05-C3 R07-G-Q02-C1 R07-G-Q02-C5","option-draft-linked"
"DX-G01-012","DX-G01-012","水質基準対象施設","1.4","0","","no-choice-draft-link-not-irrelevant"
"DX-G01-013","DX-G01-013","大気排出基準","1.4","5","R03-G-Q04-C1 R03-G-Q04-C2 R03-G-Q04-C3 R03-G-Q04-C4 R03-G-Q04-C5","option-draft-linked"
"DX-G01-014","DX-G01-014","水質排出基準","1.4","0","","no-choice-draft-link-not-irrelevant"
"DX-G01-015","DX-G01-015","設置・変更等の届出","1.5","11","R03-G-Q02-C1 R03-G-Q02-C2 R03-G-Q02-C3 R03-G-Q02-C4 R03-G-Q02-C5 R04-G-Q02-C4 R04-G-Q04-C1 R04-G-Q04-C2","option-draft-linked"
"DX-G01-016","DX-G01-016","計画変更命令等","1.5","2","R04-G-Q03-C2 R06-G-Q02-C4","option-draft-linked"
"DX-G01-017","DX-G01-017","事業者測定・報告公表","1.5","18","R03-G-Q03-C1 R03-G-Q03-C2 R03-G-Q03-C3 R03-G-Q03-C4 R03-G-Q03-C5 R04-G-Q03-C1","option-draft-linked"
"DX-G01-018","DX-G01-018","行政の報告徴収と立入検査","1.5","4","R06-G-Q02-C1 R06-G-Q02-C2 R06-G-Q02-C3 R06-G-Q02-C5","option-draft-linked"
"DX-G01-019","DX-G01-019","土壌汚染対策地域・計画","1.6","5","R05-G-Q04-C1 R05-G-Q04-C2 R05-G-Q04-C3 R05-G-Q04-C4 R05-G-Q04-C5","option-draft-linked"
"DX-G01-020","DX-G01-020","ばいじん・燃え殻規制","1.6","0","","no-choice-draft-link-not-irrelevant"
"DX-G01-021","DX-G01-021","廃棄物処理法との関係","1.6","0","","no-choice-draft-link-not-irrelevant"
"DX-G02-001","DX-G02-001","化学物質事故と知見の蓄積","2.1","29","R04-G-Q07-C1 R04-G-Q07-C2 R04-G-Q07-C3 R04-G-Q07-C4 R04-G-Q08-C1 R04-G-Q08-C2","option-draft-linked"
"DX-G02-002","DX-G02-002","日本の社会的関心","2.1","1","R04-G-Q07-C5","option-draft-linked"
"DX-G02-003","DX-G02-003","国内の廃棄物焼却と発生源","2.2","1","R06-G-Q14-C3","option-draft-linked"
"DX-G02-004","DX-G02-004","旧ガイドラインからの対策","2.2","0","","no-choice-draft-link-not-irrelevant"
"DX-G02-005","DX-G02-005","基本指針と立法の経緯","2.3","1","R04-A-Q13-C5","option-draft-linked"
"DX-G02-006","DX-G02-006","制度導入後の排出削減","2.3","0","","no-choice-draft-link-not-irrelevant"
"DX-G02-007","DX-G02-007","POPsの性質","2.4","0","","no-choice-draft-link-not-irrelevant"
"DX-G02-008","DX-G02-008","附属書Cの非意図的生成","2.4","0","","no-choice-draft-link-not-irrelevant"
"DX-G02-009","DX-G02-009","BATとBEP","2.4","0","","no-choice-draft-link-not-irrelevant"
"DX-G03-001","DX-G03-001","排出量の単位g-TEQ","3.1","0","","no-choice-draft-link-not-irrelevant"
"DX-G03-002","DX-G03-002","排出インベントリーの構成","3.1","16","R03-G-Q08-C5 R04-G-Q09-C1 R04-G-Q09-C2 R04-G-Q09-C3 R04-G-Q09-C4 R04-G-Q09-C5","option-draft-linked"
"DX-G03-003","DX-G03-003","インベントリーと測定値の違い","3.1","0","","no-choice-draft-link-not-irrelevant"
"DX-G03-004","DX-G03-004","廃棄物焼却","3.2","2","R03-G-Q08-C1 R03-G-Q08-C4","option-draft-linked"
"DX-G03-005","DX-G03-005","製鉄・非鉄金属","3.2","7","R03-G-Q07-C2 R03-G-Q08-C2 R03-G-Q08-C3 R06-G-Q07-C1 R06-G-Q07-C2 R06-G-Q07-C3","option-draft-linked"
"DX-G03-006","DX-G03-006","その他の発生源","3.2","7","R03-G-Q07-C4 R05-G-Q07-C4 R05-G-Q07-C5 R06-G-Q08-C2 R06-G-Q08-C3 R06-G-Q08-C4","option-draft-linked"
"DX-G03-007","DX-G03-007","長期的な排出量削減","3.3","5","R05-G-Q15-C1 R05-G-Q15-C2 R05-G-Q15-C3 R05-G-Q15-C4 R05-G-Q15-C5","option-draft-linked"
"DX-G03-008","DX-G03-008","排出源構成の変化","3.3","1","R03-G-Q07-C5","option-draft-linked"
"DX-G03-009","DX-G03-009","媒体別の環境モニタリング","3.4","2","R07-G-Q15-C1 R07-G-Q15-C4","option-draft-linked"
"DX-G03-010","DX-G03-010","環境基準超過の読み方","3.4","3","R07-G-Q15-C2 R07-G-Q15-C3 R07-G-Q15-C5","option-draft-linked"
"DX-G03-011","DX-G03-011","年度と暦年の違い","3.5","1","R03-G-Q07-C1","option-draft-linked"
"DX-G03-012","DX-G03-012","公表日と差替日","3.5","0","","no-choice-draft-link-not-irrelevant"
"DX-G03-013","DX-G03-013","最新統計の更新ルール","3.5","0","","no-choice-draft-link-not-irrelevant"
"DX-G04-001","DX-G04-001","PCDDの基本骨格","4.1","5","R03-G-Q06-C2 R04-G-Q06-C2 R05-G-Q08-C1 R05-G-Q08-C2 R07-G-Q08-C1","option-draft-linked"
"DX-G04-002","DX-G04-002","PCDFの基本骨格","4.1","3","R03-G-Q06-C3 R04-G-Q06-C3 R05-G-Q08-C3","option-draft-linked"
"DX-G04-003","DX-G04-003","DL-PCBの構造","4.1","5","R03-G-Q06-C4 R04-G-Q11-C1 R05-G-Q08-C4 R05-G-Q08-C5 R07-G-Q08-C4","option-draft-linked"
"DX-G04-004","DX-G04-004","異性体・同族体の違い","4.2","8","R04-G-Q06-C4 R04-G-Q06-C5 R04-G-Q12-C1 R04-G-Q12-C2 R06-G-Q09-C1 R06-G-Q09-C2","option-draft-linked"
"DX-G04-005","DX-G04-005","2-3-7-8位置の重要性","4.2","2","R03-G-Q11-C4 R05-G-Q11-C1","option-draft-linked"
"DX-G04-006","DX-G04-006","非オルト・モノオルトPCB","4.2","11","R03-G-Q06-C5 R03-G-Q09-C1 R03-G-Q09-C2 R03-G-Q09-C3 R03-G-Q09-C5 R04-G-Q11-C4","option-draft-linked"
"DX-G04-007","DX-G04-007","TEFの意味","4.3","28","R03-G-Q09-C4 R03-G-Q11-C1 R03-G-Q11-C2 R03-G-Q12-C1 R03-G-Q12-C2 R03-G-Q12-C3 R03-G-Q12-C4 R03-G-Q12-C5","option-draft-linked"
"DX-G04-008","DX-G04-008","TEQ算定の演習","4.3","0","","no-choice-draft-link-not-irrelevant"
"DX-G04-009","DX-G04-009","WHO-TEFの版と行政適用版","4.3","7","R03-G-Q11-C3 R03-G-Q11-C5 R04-G-Q11-C5 R05-G-Q11-C2 R05-G-Q11-C3 R05-G-Q11-C4","option-draft-linked"
"DX-G04-010","DX-G04-010","脂溶性と水への溶けにくさ","4.4","8","R05-G-Q09-C1 R05-G-Q09-C2 R05-G-Q09-C3 R05-G-Q09-C4 R05-G-Q09-C5 R07-G-Q09-C1 R07-G-Q09-C2 R07-G-Q09-C3","option-draft-linked"
"DX-G04-011","DX-G04-011","蒸気圧と粒子吸着","4.4","12","R03-G-Q10-C1 R03-G-Q10-C2 R03-G-Q10-C3 R03-G-Q10-C4 R03-G-Q10-C5 R05-G-Q10-C1 R05-G-Q10-C2 R05-G-Q10-C3","option-draft-linked"
"DX-G04-012","DX-G04-012","残留性・分解性","4.4","1","R04-G-Q14-C5","option-draft-linked"
"DX-G04-013","DX-G04-013","大気と土壌・水域間の移動","4.5","0","","no-choice-draft-link-not-irrelevant"
"DX-G04-014","DX-G04-014","生物蓄積・生物濃縮","4.5","3","R04-G-Q12-C5 R04-G-Q14-C4 R06-G-Q14-C4","option-draft-linked"
"DX-G04-015","DX-G04-015","異性体組成と発生源の示唆","4.5","0","","no-choice-draft-link-not-irrelevant"
"DX-G05-001","DX-G05-001","燃焼過程での非意図的生成","5.1","4","R04-G-Q14-C2 R06-G-Q12-C3 R06-G-Q12-C4 R06-G-Q12-C5","option-draft-linked"
"DX-G05-002","DX-G05-002","工業プロセスと不純物","5.1","7","R04-G-Q14-C1 R04-G-Q14-C3 R06-G-Q14-C1 R06-G-Q14-C2 R07-G-Q13-C2 R07-G-Q13-C3","option-draft-linked"
"DX-G05-003","DX-G05-003","自然由来との区別","5.1","0","","no-choice-draft-link-not-irrelevant"
"DX-G05-004","DX-G05-004","前駆体経由の生成","5.2","10","R06-G-Q11-C1 R06-G-Q11-C2 R06-G-Q11-C3 R06-G-Q11-C4 R06-G-Q11-C5 R07-G-Q11-C1","option-draft-linked"
"DX-G05-005","DX-G05-005","de novo合成の概要","5.2","14","R03-G-Q14-C1 R03-G-Q14-C2 R03-G-Q14-C5 R04-G-Q13-C1 R04-G-Q13-C2 R04-G-Q13-C4","option-draft-linked"
"DX-G05-006","DX-G05-006","冷却温度域と滞留","5.3","2","R05-G-Q14-C2 R05-G-Q14-C4","option-draft-linked"
"DX-G05-007","DX-G05-007","飛灰上の未燃炭素","5.3","1","R05-G-Q13-C5","option-draft-linked"
"DX-G05-008","DX-G05-008","塩素と金属触媒","5.3","23","R03-G-Q14-C3 R03-G-Q14-C4 R03-G-Q15-C1 R03-G-Q15-C2 R03-G-Q15-C3 R03-G-Q15-C4","option-draft-linked"
"DX-G05-009","DX-G05-009","燃焼状態と未燃物","5.3","0","","no-choice-draft-link-not-irrelevant"
"DX-G05-010","DX-G05-010","排ガス経由","5.4","0","","no-choice-draft-link-not-irrelevant"
"DX-G05-011","DX-G05-011","飛灰・焼却灰経由","5.4","0","","no-choice-draft-link-not-irrelevant"
"DX-G05-012","DX-G05-012","湿式処理排水への移行","5.4","0","","no-choice-draft-link-not-irrelevant"
"DX-G05-013","DX-G05-013","十分な燃焼と再生成の違い","5.5","0","","no-choice-draft-link-not-irrelevant"
"DX-G05-014","DX-G05-014","冷却・集じん条件と抑制策","5.5","0","","no-choice-draft-link-not-irrelevant"
"DX-G06-001","DX-G06-001","毒性の種類とTCDD","6.1","1","R04-G-Q12-C4","option-draft-linked"
"DX-G06-002","DX-G06-002","Ah受容体を介した作用","6.1","0","","no-choice-draft-link-not-irrelevant"
"DX-G06-003","DX-G06-003","毒性等価の前提と限界","6.1","0","","no-choice-draft-link-not-irrelevant"
"DX-G06-004","DX-G06-004","高濃度曝露と皮膚症状","6.2","0","","no-choice-draft-link-not-irrelevant"
"DX-G06-005","DX-G06-005","生殖・発達・免疫等への影響","6.2","0","","no-choice-draft-link-not-irrelevant"
"DX-G06-006","DX-G06-006","発がん性の評価","6.2","0","","no-choice-draft-link-not-irrelevant"
"DX-G06-007","DX-G06-007","食品由来の主な曝露","6.3","3","R04-G-Q15-C2 R04-G-Q15-C4 R06-G-Q14-C5","option-draft-linked"
"DX-G06-008","DX-G06-008","体内での蓄積と半減期","6.3","0","","no-choice-draft-link-not-irrelevant"
"DX-G06-009","DX-G06-009","摂取量と体内負荷","6.3","3","R04-G-Q15-C1 R04-G-Q15-C3 R04-G-Q15-C5","option-draft-linked"
"DX-G06-010","DX-G06-010","TDIと慢性曝露","6.4","0","","no-choice-draft-link-not-irrelevant"
"DX-G06-011","DX-G06-011","曝露評価とリスク管理","6.4","0","","no-choice-draft-link-not-irrelevant"
"DX-G06-012","DX-G06-012","定量の不確かさ","6.4","0","","no-choice-draft-link-not-irrelevant"
"DX-G06-013","DX-G06-013","野生生物への蓄積","6.5","0","","no-choice-draft-link-not-irrelevant"
"DX-G06-014","DX-G06-014","生態毒性の見方","6.5","0","","no-choice-draft-link-not-irrelevant"
"DX-G07-001","DX-G07-001","国の削減計画","7.1","0","","no-choice-draft-link-not-irrelevant"
"DX-G07-002","DX-G07-002","排出インベントリーの作成","7.1","0","","no-choice-draft-link-not-irrelevant"
"DX-G07-003","DX-G07-003","対策の進捗評価","7.1","0","","no-choice-draft-link-not-irrelevant"
"DX-G07-004","DX-G07-004","自治体の立入検査","7.2","0","","no-choice-draft-link-not-irrelevant"
"DX-G07-005","DX-G07-005","施設指導と命令","7.2","0","","no-choice-draft-link-not-irrelevant"
"DX-G07-006","DX-G07-006","上乗せ条例","7.2","0","","no-choice-draft-link-not-irrelevant"
"DX-G07-007","DX-G07-007","大気・水・土壌の監視","7.3","0","","no-choice-draft-link-not-irrelevant"
"DX-G07-008","DX-G07-008","測定結果公表","7.3","0","","no-choice-draft-link-not-irrelevant"
"DX-G07-009","DX-G07-009","施行状況の集計","7.3","0","","no-choice-draft-link-not-irrelevant"
"DX-G07-010","DX-G07-010","土壌対策地域","7.4","0","","no-choice-draft-link-not-irrelevant"
"DX-G07-011","DX-G07-011","底質等への対策","7.4","0","","no-choice-draft-link-not-irrelevant"
"DX-G07-012","DX-G07-012","周辺住民への説明","7.4","0","","no-choice-draft-link-not-irrelevant"
"DX-A01-001","DX-A01-001","燃焼温度と安定化","8.1","30","R04-A-Q01-C1 R04-A-Q01-C2 R04-A-Q01-C3 R04-A-Q01-C4 R04-A-Q01-C5 R05-A-Q01-C2","option-draft-linked"
"DX-A01-002","DX-A01-002","混合・空気比・滞留","8.1","2","R05-A-Q01-C1 R05-A-Q01-C3","option-draft-linked"
"DX-A01-003","DX-A01-003","COと燃焼管理の関係","8.1","0","","no-choice-draft-link-not-irrelevant"
"DX-A01-004","DX-A01-004","排ガス急冷","8.2","1","R06-A-Q03-C3","option-draft-linked"
"DX-A01-005","DX-A01-005","集じん温度とde novo反応","8.2","4","R04-A-Q12-C3 R05-A-Q01-C4 R05-A-Q01-C5 R07-A-Q04-C1","option-draft-linked"
"DX-A01-006","DX-A01-006","バグフィルターと粒子除去","8.3","58","R03-A-Q01-C1 R03-A-Q01-C2 R03-A-Q01-C3 R03-A-Q01-C4 R03-A-Q01-C5 R03-A-Q02-C1 R03-A-Q02-C2 R03-A-Q02-C3","option-draft-linked"
"DX-A01-007","DX-A01-007","活性炭吸着","8.4","39","R03-A-Q06-C1 R03-A-Q06-C2 R03-A-Q06-C3 R03-A-Q06-C4 R03-A-Q06-C5 R03-A-Q07-C1","option-draft-linked"
"DX-A01-008","DX-A01-008","触媒分解","8.4","23","R03-A-Q03-C1 R03-A-Q03-C2 R03-A-Q03-C3 R03-A-Q03-C4 R03-A-Q03-C5 R04-A-Q05-C1","option-draft-linked"
"DX-A01-009","DX-A01-009","湿式洗浄の特性","8.3","10","R05-A-Q06-C1 R05-A-Q06-C2 R05-A-Q06-C3 R05-A-Q06-C4 R05-A-Q06-C5 R06-A-Q07-C1","option-draft-linked"
"DX-A01-010","DX-A01-010","焼却灰・飛灰への分配","8.5","0","","no-choice-draft-link-not-irrelevant"
"DX-A01-011","DX-A01-011","飛灰の安定化・分解技術","8.5","0","","no-choice-draft-link-not-irrelevant"
"DX-A01-012","DX-A01-012","連続的な燃焼監視","8.6","0","","no-choice-draft-link-not-irrelevant"
"DX-A01-013","DX-A01-013","定期測定と原因調査","8.6","0","","no-choice-draft-link-not-irrelevant"
"DX-A01-014","DX-A01-014","起動停止や異常時対応","8.6","6","R04-A-Q07-C4 R07-A-Q03-C1 R07-A-Q03-C2 R07-A-Q03-C3 R07-A-Q03-C4 R07-A-Q03-C5","option-draft-linked"
"DX-A02-001","DX-A02-014","焼結炉","9.2","29","R03-A-Q08-C1 R03-A-Q08-C2 R03-A-Q08-C4 R03-A-Q08-C5 R03-A-Q10-C3 R03-A-Q10-C4","option-draft-linked"
"DX-A02-002","DX-A02-015","製鋼用電気炉","9.2","22","R03-A-Q09-C1 R03-A-Q09-C2 R03-A-Q09-C3 R03-A-Q09-C4 R03-A-Q09-C5 R03-A-Q10-C5","option-draft-linked"
"DX-A02-003","DX-A02-003","非鉄金属系炉","9.1","0","","no-choice-draft-link-not-irrelevant"
"DX-A02-004","DX-A02-018","廃棄物焼却炉","9.3","0","","no-choice-draft-link-not-irrelevant"
"DX-A02-005","DX-A02-005","焼却炉の火床面積と焼却能力","9.4","1","R05-G-Q05-C4","option-draft-linked"
"DX-A02-006","DX-A02-006","複数炉の合算","9.4","0","","no-choice-draft-link-not-irrelevant"
"DX-A02-007","DX-A02-007","工程別規模要件","9.4","0","","no-choice-draft-link-not-irrelevant"
"DX-A02-008","DX-A02-008","新設施設と既設施設","9.4","0","","no-choice-draft-link-not-irrelevant"
"DX-A02-009","DX-A02-009","規模別排出基準","9.4","0","","no-choice-draft-link-not-irrelevant"
"DX-A02-010","DX-A02-010","条件換算とTEQ単位","9.4","0","","no-choice-draft-link-not-irrelevant"
"DX-A02-011","DX-A02-011","設置届出と対象判定","9.4","0","","no-choice-draft-link-not-irrelevant"
"DX-A02-012","DX-A02-012","排出ガス測定点・排出口","9.4","0","","no-choice-draft-link-not-irrelevant"
"DX-A02-013","DX-A02-013","関連する一般廃棄物焼却の規制","9.4","0","","no-choice-draft-link-not-irrelevant"
"DX-A03-001","DX-A03-001","湿式排ガス処理排水","10.1","0","","no-choice-draft-link-not-irrelevant"
"DX-A03-002","DX-A03-002","化学製造工程排水","10.1","0","","no-choice-draft-link-not-irrelevant"
"DX-A03-003","DX-A03-003","粒子・有機物への吸着","10.1","4","R05-A-Q13-C1 R05-A-Q13-C2 R05-A-Q13-C3 R06-A-Q13-C1","option-draft-linked"
"DX-A03-004","DX-A03-004","沈殿・凝集","10.2","16","R03-A-Q12-C1 R03-A-Q12-C2 R03-A-Q13-C1 R03-A-Q13-C2 R03-A-Q13-C3 R03-A-Q13-C4","option-draft-linked"
"DX-A03-005","DX-A03-005","ろ過・膜分離","10.2","16","R03-A-Q14-C1 R03-A-Q14-C2 R03-A-Q14-C3 R03-A-Q14-C4 R03-A-Q14-C5 R06-A-Q13-C4","option-draft-linked"
"DX-A03-006","DX-A03-006","吸着・活性炭","10.2","5","R03-A-Q12-C5 R04-A-Q14-C5 R05-A-Q13-C5 R06-A-Q13-C3 R06-A-Q13-C5","option-draft-linked"
"DX-A03-007","DX-A03-007","SS除去と負荷低減","10.3","7","R03-A-Q12-C3 R04-A-Q14-C2 R04-A-Q14-C3 R05-A-Q14-C1 R05-A-Q14-C2 R05-A-Q14-C3","option-draft-linked"
"DX-A03-008","DX-A03-008","汚泥への移行と管理","10.3","0","","no-choice-draft-link-not-irrelevant"
"DX-A03-009","DX-A03-009","複数工程の組合せ","10.3","2","R03-A-Q12-C4 R04-A-Q14-C4","option-draft-linked"
"DX-A03-010","DX-A03-010","採水・変動への対応","10.4","0","","no-choice-draft-link-not-irrelevant"
"DX-A03-011","DX-A03-011","水質基準への適合管理","10.4","0","","no-choice-draft-link-not-irrelevant"
"DX-A03-012","DX-A03-012","異常時の追跡","10.4","0","","no-choice-draft-link-not-irrelevant"
"DX-A04-001","DX-A04-001","パルプの塩素系漂白","11.2","2","R05-A-Q15-C2 R05-A-Q15-C3","option-draft-linked"
"DX-A04-002","DX-A04-002","化学製造・洗浄","11.2","1","R07-A-Q14-C5","option-draft-linked"
"DX-A04-003","DX-A04-003","非鉄金属・排ガス洗浄","11.3","0","","no-choice-draft-link-not-irrelevant"
"DX-A04-004","DX-A04-026","廃棄物焼却の湿式排ガス処理・灰ピット","11.3","0","","no-choice-draft-link-not-irrelevant"
"DX-A04-005","DX-A04-027","PCB関連処理施設","11.3","0","","no-choice-draft-link-not-irrelevant"
"DX-A04-006","DX-A04-029","下水道終末処理施設","11.4","0","","no-choice-draft-link-not-irrelevant"
"DX-A04-007","DX-A04-030","対象排水の処理施設","11.4","0","","no-choice-draft-link-not-irrelevant"
"DX-A04-008","DX-A04-008","対象施設と事業場排水の違い","11.4","0","","no-choice-draft-link-not-irrelevant"
"DX-A04-009","DX-A04-032","水質排出基準の適用単位","11.5","0","","no-choice-draft-link-not-irrelevant"
"DX-A04-010","DX-A04-010","公共用水域・下水道への排出","11.5","0","","no-choice-draft-link-not-irrelevant"
"DX-A04-011","DX-A04-011","対象判定と届出","11.5","0","","no-choice-draft-link-not-irrelevant"
"DX-A05-001","DX-A05-001","排出ガス・排出水・灰・環境媒体","12.1","0","","no-choice-draft-link-not-irrelevant"
"DX-A05-002","DX-A05-002","異性体別測定","12.1","1","R07-G-Q01-C4","option-draft-linked"
"DX-A05-003","DX-A05-003","単位と試料の換算","12.1","2","R03-A-Q24-C1 R06-A-Q23-C5","option-draft-linked"
"DX-A05-004","DX-A05-004","排ガス採取の原理","12.2","11","R03-A-Q18-C2 R03-A-Q18-C3 R03-A-Q18-C5 R03-A-Q19-C1 R03-A-Q19-C3 R03-A-Q19-C4","option-draft-linked"
"DX-A05-005","DX-A05-005","粒子とガスの捕集","12.2","3","R07-A-Q17-C3 R07-A-Q17-C4 R07-A-Q17-C5","option-draft-linked"
"DX-A05-006","DX-A05-006","排水・底質・土壌の採取","12.2","5","R07-A-Q18-C1 R07-A-Q18-C2 R07-A-Q18-C3 R07-A-Q18-C4 R07-A-Q18-C5","option-draft-linked"
"DX-A05-007","DX-A05-007","試料の前処理と抽出","12.3","30","R03-A-Q17-C1 R03-A-Q18-C4 R03-A-Q21-C1 R03-A-Q21-C2 R03-A-Q21-C3 R03-A-Q21-C4","option-draft-linked"
"DX-A05-008","DX-A05-008","精製・クリーンアップ","12.3","22","R03-A-Q17-C2 R03-A-Q19-C2 R03-A-Q23-C3 R03-A-Q25-C2 R04-A-Q17-C1 R04-A-Q17-C2","option-draft-linked"
"DX-A05-009","DX-A05-009","内標準物質の添加","12.3","33","R03-A-Q17-C4 R03-A-Q25-C1 R04-A-Q19-C3 R04-A-Q24-C1 R04-A-Q24-C2 R04-A-Q24-C3","option-draft-linked"
"DX-A05-010","DX-A05-010","GCでの異性体分離","12.4","1","R07-G-Q01-C5","option-draft-linked"
"DX-A05-011","DX-A05-011","HRGC/HRMS","12.4","25","R03-A-Q17-C3 R03-A-Q22-C1 R03-A-Q22-C2 R03-A-Q22-C3 R03-A-Q22-C4 R04-A-Q20-C1","option-draft-linked"
"DX-A05-012","DX-A05-012","同位体希釈定量","12.4","13","R03-A-Q22-C5 R03-A-Q23-C1 R03-A-Q23-C2 R03-A-Q23-C4 R03-A-Q23-C5 R04-A-Q20-C4","option-draft-linked"
"DX-A05-013","DX-A05-013","濃度からTEQへの計算","12.5","2","R03-A-Q17-C5 R05-A-Q22-C1","option-draft-linked"
"DX-A05-014","DX-A05-014","検出下限・定量下限","12.5","66","R03-A-Q20-C1 R03-A-Q20-C2 R03-A-Q20-C3 R03-A-Q20-C4 R03-A-Q20-C5 R03-A-Q24-C2","option-draft-linked"
"DX-A05-015","DX-A05-015","未検出値の扱い","12.5","4","R05-A-Q22-C4 R05-A-Q22-C5 R07-A-Q24-C1 R07-A-Q24-C5","option-draft-linked"
"DX-A05-016","DX-A05-016","ブランク・回収率","12.6","18","R04-A-Q19-C2 R04-A-Q25-C2 R04-A-Q25-C3 R04-A-Q25-C4 R05-A-Q24-C1 R05-A-Q24-C2","option-draft-linked"
"DX-A05-017","DX-A05-017","検量線と精度管理","12.6","0","","no-choice-draft-link-not-irrelevant"
"DX-A05-018","DX-A05-018","簡易測定法と公定法","12.6","0","","no-choice-draft-link-not-irrelevant"
"DX-A05-019","DX-A05-019","JIS K 0311:2020","12.7","3","R03-A-Q18-C1 R03-A-Q25-C3 R07-A-Q24-C4","option-draft-linked"
"DX-A05-020","DX-A05-020","JIS K 0312:2020","12.7","2","R05-A-Q25-C2 R06-G-Q15-C5","option-draft-linked"
"DX-A05-021","DX-A05-021","環境省の大気・土壌・底質マニュアル","12.7","0","","no-choice-draft-link-not-irrelevant"
"DX-A02-014","DX-A02-014","銑鉄製造用の焼結鉱をつくる焼結炉（令別表第一第1号）","9.2","29","R03-A-Q08-C1 R03-A-Q08-C2 R03-A-Q08-C4 R03-A-Q08-C5 R03-A-Q10-C3 R03-A-Q10-C4","option-draft-linked"
"DX-A02-015","DX-A02-015","製鋼用電気炉（令別表第一第2号）","9.2","22","R03-A-Q09-C1 R03-A-Q09-C2 R03-A-Q09-C3 R03-A-Q09-C4 R03-A-Q09-C5 R03-A-Q10-C5","option-draft-linked"
"DX-A02-016","DX-A02-016","製鋼用電気炉の集じんダストからの亜鉛回収（令別表第一第3号）","9.2","17","R03-A-Q10-C1 R03-A-Q10-C2 R04-A-Q09-C3 R04-A-Q10-C2 R04-A-Q10-C3 R04-A-Q10-C4","option-draft-linked"
"DX-A02-017","DX-A02-017","アルミニウムくずを原料とするアルミ合金製造（令別表第一第4号）","9.3","25","R03-A-Q11-C1 R03-A-Q11-C2 R03-A-Q11-C3 R03-A-Q11-C4 R03-A-Q11-C5 R04-A-Q11-C1","option-draft-linked"
"DX-A02-018","DX-A02-018","廃棄物焼却炉（令別表第一第5号）","9.3","0","","no-choice-draft-link-not-irrelevant"
"DX-A02-019","DX-A02-019","新設・既設の基準適用と1997年12月2日の例外","9.4","0","","no-choice-draft-link-not-irrelevant"
"DX-A02-020","DX-A02-020","焼却炉の複数炉合算と二段階の能力判定","9.4","0","","no-choice-draft-link-not-irrelevant"
"DX-A02-021","DX-A02-021","施設ごとの大気排出基準と酸素補正","9.4","0","","no-choice-draft-link-not-irrelevant"
"DX-A04-012","DX-A04-012","クラフトパルプまたはサルファイトパルプの塩素系漂白（令別表第二第1号）","11.2","14","R04-A-Q15-C1 R04-A-Q15-C2 R04-A-Q15-C3 R04-A-Q15-C4 R04-A-Q15-C5 R05-A-Q15-C1","option-draft-linked"
"DX-A04-013","DX-A04-013","カーバイド法アセチレン製造に伴う洗浄（令別表第二第2号）","11.2","14","R03-G-Q05-C4 R03-A-Q16-C1 R03-A-Q16-C2 R03-A-Q16-C3 R03-A-Q16-C4 R03-A-Q16-C5","option-draft-linked"
"DX-A04-014","DX-A04-014","硫酸カリウム製造の排ガス処理（令別表第二第3号）","11.2","2","R03-G-Q05-C3 R06-G-Q05-C3","option-draft-linked"
"DX-A04-015","DX-A04-015","アルミナ繊維製造の排ガス処理（令別表第二第4号）","11.2","3","R04-G-Q05-C2 R05-G-Q05-C2 R07-G-Q04-C1","option-draft-linked"
"DX-A04-016","DX-A04-016","塩素系原料を使う担体付き触媒製造炉の排ガス処理（令別表第二第5号）","11.2","0","","no-choice-draft-link-not-irrelevant"
"DX-A04-017","DX-A04-017","塩化ビニルモノマー製造の二塩化エチレン洗浄（令別表第二第6号）","11.2","12","R04-A-Q16-C1 R04-A-Q16-C2 R04-A-Q16-C3 R04-A-Q16-C4 R04-A-Q16-C5 R05-G-Q05-C3","option-draft-linked"
"DX-A04-018","DX-A04-018","塩化ニトロシルを使うカプロラクタム製造（令別表第二第7号）","11.2","1","R06-G-Q05-C2","option-draft-linked"
"DX-A04-019","DX-A04-019","クロロベンゼンまたはジクロロベンゼン製造（令別表第二第8号）","11.2","12","R03-A-Q15-C1 R03-A-Q15-C2 R03-A-Q15-C3 R03-A-Q15-C4 R03-A-Q15-C5 R04-G-Q05-C4","option-draft-linked"
"DX-A04-020","DX-A04-020","4-クロロフタル酸水素ナトリウム製造（令別表第二第9号）","11.2","4","R07-A-Q14-C1 R07-A-Q14-C2 R07-A-Q14-C3 R07-A-Q14-C4","option-draft-linked"
"DX-A04-021","DX-A04-021","2,3-ジクロロ-1,4-ナフトキノン製造（令別表第二第10号）","11.2","0","","no-choice-draft-link-not-irrelevant"
"DX-A04-022","DX-A04-022","ジオキサジンバイオレット製造（令別表第二第11号）","11.2","0","","no-choice-draft-link-not-irrelevant"
"DX-A04-023","DX-A04-023","アルミニウムまたはその合金の炉の排ガス処理（令別表第二第12号）","11.3","0","","no-choice-draft-link-not-irrelevant"
"DX-A04-024","DX-A04-024","製鋼用電気炉ばいじんからの亜鉛回収（令別表第二第13号）","11.3","0","","no-choice-draft-link-not-irrelevant"
"DX-A04-025","DX-A04-025","使用済み担体付き触媒からの金属回収（令別表第二第14号）","11.3","0","","no-choice-draft-link-not-irrelevant"
"DX-A04-026","DX-A04-026","特定廃棄物焼却炉の湿式ガス処理・灰貯留（令別表第二第15号）","11.3","0","","no-choice-draft-link-not-irrelevant"
"DX-A04-027","DX-A04-027","廃PCB等の分解およびPCB汚染物等の洗浄・分離（令別表第二第16号）","11.3","0","","no-choice-draft-link-not-irrelevant"
"DX-A04-028","DX-A04-028","特定フロン類を一定の方法で破壊（令別表第二第17号）","11.3","0","","no-choice-draft-link-not-irrelevant"
"DX-A04-029","DX-A04-029","指定対象排水を受け入れる下水道終末処理（令別表第二第18号）","11.4","0","","no-choice-draft-link-not-irrelevant"
"DX-A04-030","DX-A04-030","指定施設を持つ事業場からの水の処理（令別表第二第19号）","11.4","0","","no-choice-draft-link-not-irrelevant"
"DX-A04-031","DX-A04-031","水質排出基準10 pg-TEQ/Lと環境基準の区別","11.5","0","","no-choice-draft-link-not-irrelevant"
"DX-A04-032","DX-A04-032","水質排出の対象は施設からではなく事業場排出水","11.5","0","","no-choice-draft-link-not-irrelevant"
"DX-A04-033","DX-A04-033","水質第18号・第19号の汚水由来と除外条件","11.4","0","","no-choice-draft-link-not-irrelevant"
"DX-A04-034","DX-A04-034","排出水基準と水質対象施設の条件付き指定","11.5","0","","no-choice-draft-link-not-irrelevant"
"DX-G05-015","DX-G05-015","前駆体経路とde novo合成の併存・判別上の限界","5.2","0","","no-choice-draft-link-not-irrelevant"
"DX-A01-015","DX-A01-015","電気集じんの放電・粒子比抵抗・逆電離","8.3","11","R03-A-Q04-C1 R03-A-Q04-C2 R03-A-Q04-C3 R03-A-Q04-C4 R03-A-Q04-C5 R03-A-Q08-C3 R05-A-Q04-C1 R05-A-Q04-C2","option-draft-linked"
"DX-A02-022","DX-A02-022","大気5号の工程別分類と生成・対策の比較","9.1","0","","no-choice-draft-link-not-irrelevant"
"DX-A04-035","DX-A04-035","水質特定施設19号の用途・工程別分類","11.1","0","","no-choice-draft-link-not-irrelevant"
"DX-A04-036","DX-A04-036","水質特定施設と事業場排出水の法的区別（導入）","11.1","0","","no-choice-draft-link-not-irrelevant"
"DX-A04-037","DX-A04-037","水質対象施設の届出・測定と適用条件の総合判断","11.5","0","","no-choice-draft-link-not-irrelevant"
"DX-G01-022","DX-G01-022","公害防止組織法とダイ特法の施設指定の違い","1.4","2","R03-G-Q05-C5 R06-G-Q05-C5","option-draft-linked"
"DX-G01-023","DX-G01-023","特措法附則第2条の臭素系ダイオキシン調査研究","1.1","1","R04-A-Q13-C4","option-draft-linked"
"DX-G03-014","DX-G03-014","特定施設の設置基数・構成比と排出量の違い","3.5","1","R03-G-Q07-C3","option-draft-linked"
"DX-G04-016","DX-G04-016","TEF付与異性体数の同族体別集計","4.2","5","R03-G-Q13-C1 R03-G-Q13-C2 R03-G-Q13-C3 R03-G-Q13-C4 R03-G-Q13-C5","option-draft-linked"
"DX-G04-017","DX-G04-017","PCBの塩素数別融点・蒸気圧の物性表","4.4","2","R04-G-Q11-C2 R04-G-Q11-C3","option-draft-linked"
"DX-G04-018","DX-G04-018","臭素系ダイオキシン類の暫定TEF援用と正式係数","4.3","3","R04-A-Q13-C1 R04-A-Q13-C2 R04-A-Q13-C3","option-draft-linked"
"DX-A01-016","DX-A01-016","触媒分解率・SV・処理流量の算定","8.4","5","R03-A-Q05-C1 R03-A-Q05-C2 R03-A-Q05-C3 R03-A-Q05-C4 R03-A-Q05-C5","option-draft-linked"
"DX-G01-024","DX-G01-024","公害防止管理者の管理する技術的事項（発生施設の点検と処理施設の補修）","1.5","5","R07-G-Q05-C1 R07-G-Q05-C2 R07-G-Q05-C3 R07-G-Q05-C4 R07-G-Q05-C5","option-draft-linked"
"DX-A01-017","DX-A01-017","集じん方式別の部分捕集効率曲線（電気・遠心・慣性・重力・ろ過）","8.3","5","R06-A-Q04-C1 R06-A-Q04-C2 R06-A-Q04-C3 R06-A-Q04-C4 R06-A-Q04-C5","option-draft-linked"
