"knowledge_id","subject","chapter_id","section_id","section_title","knowledge_item","teaching_angle","source_ids","related_chapters","status","past_exam_count","priority","verification"
"DX-I-001","intro","I","0.1","ダイオキシン類という物質群","物質群と単一物質","ダイオキシンと呼ばれる物質群・法的定義・PCDDとPCDFとDL-PCB","S01 S02 P01 L01 S03","G04 G06 G01","candidate","","unrated","to-verify"
"DX-I-002","intro","I","0.1","ダイオキシン類という物質群","PCDDとPCDFの構造差","ダイオキシンと呼ばれる物質群・法的定義・PCDDとPCDFとDL-PCB","S01 S02 P01 L01 S03","G04 G06 G01","candidate","","unrated","to-verify"
"DX-I-003","intro","I","0.1","ダイオキシン類という物質群","ダイオキシン様PCB","ダイオキシンと呼ばれる物質群・法的定義・PCDDとPCDFとDL-PCB","S01 S02 P01 L01 S03","G04 G06 G01","candidate","","unrated","to-verify"
"DX-I-004","intro","I","0.2","TEF・TEQという共通のものさし（導入）","毒性の異なる異性体","異性体ごとに毒性が違うことからTEF・TEQを導入","S01 S02 P01 L01 S03","G04 G06 G01","candidate","","unrated","to-verify"
"DX-I-005","intro","I","0.2","TEF・TEQという共通のものさし（導入）","TEFとTEQという共通指標","異性体ごとに毒性が違うことからTEF・TEQを導入","S01 S02 P01 L01 S03","G04 G06 G01","candidate","","unrated","to-verify"
"DX-I-006","intro","I","0.3","発生から健康影響までの全体像","非意図的生成と排出","発生・残留・曝露・影響という連鎖を描く","S01 S02 P01 L01 S03","G04 G06 G01","candidate","","unrated","to-verify"
"DX-I-007","intro","I","0.3","発生から健康影響までの全体像","環境残留と食物連鎖","発生・残留・曝露・影響という連鎖を描く","S01 S02 P01 L01 S03","G04 G06 G01","candidate","","unrated","to-verify"
"DX-I-008","intro","I","0.3","発生から健康影響までの全体像","人の曝露経路","発生・残留・曝露・影響という連鎖を描く","S01 S02 P01 L01 S03","G04 G06 G01","candidate","","unrated","to-verify"
"DX-I-009","intro","I","0.4","問題化と制度対応の概観","日本の焼却問題と制度化","社会的経緯から対策強化・POPs条約へ","S01 S02 P01 L01 S03","G04 G06 G01","candidate","","unrated","to-verify"
"DX-I-010","intro","I","0.4","問題化と制度対応の概観","ストックホルム条約と国際協調","社会的経緯から対策強化・POPs条約へ","S01 S02 P01 L01 S03","G04 G06 G01","candidate","","unrated","to-verify"
"DX-I-011","intro","I","0.5","本教材の範囲と学習の道筋","TDIと環境基準と排出基準の役割","TDI・環境基準・施設規制・測定を結びつける","S01 S02 P01 L01 S03","G04 G06 G01","candidate","","unrated","to-verify"
"DX-I-012","intro","I","0.5","本教材の範囲と学習の道筋","概論と特論の接続","TDI・環境基準・施設規制・測定を結びつける","S01 S02 P01 L01 S03","G04 G06 G01","candidate","","unrated","to-verify"
"DX-G01-001","general","G01","1.1","法体系と制度目的","基本指針と特措法","基本指針・法律・施行令・省令・告示・条例を区別","L01 L02 L03 L04 L05 L06","A02 A04 A05 G07","candidate","","unrated","to-verify"
"DX-G01-002","general","G01","1.1","法体系と制度目的","法律・政令・省令・告示","基本指針・法律・施行令・省令・告示・条例を区別","L01 L02 L03 L04 L05 L06","A02 A04 A05 G07","candidate","","unrated","to-verify"
"DX-G01-003","general","G01","1.1","法体系と制度目的","地方条例と上乗せ","基本指針・法律・施行令・省令・告示・条例を区別","L01 L02 L03 L04 L05 L06","A02 A04 A05 G07","candidate","","unrated","to-verify"
"DX-G01-004","general","G01","1.2","法的定義・TDIと基準の区別","法のダイオキシン類の定義","法律上の物質とTDIの位置付けを示す","L01 L02 L03 L04 L05 L06","A02 A04 A05 G07","candidate","","unrated","to-verify"
"DX-G01-005","general","G01","1.2","法的定義・TDIと基準の区別","TDIの意味と値","法律上の物質とTDIの位置付けを示す","L01 L02 L03 L04 L05 L06","A02 A04 A05 G07","candidate","","unrated","to-verify"
"DX-G01-006","general","G01","1.2","法的定義・TDIと基準の区別","TEQの法規への利用","法律上の物質とTDIの位置付けを示す","L01 L02 L03 L04 L05 L06","A02 A04 A05 G07","candidate","","unrated","to-verify"
"DX-G01-007","general","G01","1.3","大気・水質・底質・土壌の環境基準","大気環境基準","大気・水・底質・土壌の対象媒体と適用範囲・基準値","L01 L02 L03 L04 L05 L06","A02 A04 A05 G07","candidate","","unrated","to-verify"
"DX-G01-008","general","G01","1.3","大気・水質・底質・土壌の環境基準","水質環境基準と地下水","大気・水・底質・土壌の対象媒体と適用範囲・基準値","L01 L02 L03 L04 L05 L06","A02 A04 A05 G07","candidate","","unrated","to-verify"
"DX-G01-009","general","G01","1.3","大気・水質・底質・土壌の環境基準","底質環境基準","大気・水・底質・土壌の対象媒体と適用範囲・基準値","L01 L02 L03 L04 L05 L06","A02 A04 A05 G07","candidate","","unrated","to-verify"
"DX-G01-010","general","G01","1.3","大気・水質・底質・土壌の環境基準","土壌環境基準と調査指標","大気・水・底質・土壌の対象媒体と適用範囲・基準値","L01 L02 L03 L04 L05 L06","A02 A04 A05 G07","candidate","","unrated","to-verify"
"DX-G01-011","general","G01","1.4","特定施設と大気・水質排出基準の全体像","大気基準適用施設","指定施設・新設既設・大気と水質の適用関係","L01 L02 L03 L04 L05 L06","A02 A04 A05 G07","candidate","","unrated","to-verify"
"DX-G01-012","general","G01","1.4","特定施設と大気・水質排出基準の全体像","水質基準対象施設","指定施設・新設既設・大気と水質の適用関係","L01 L02 L03 L04 L05 L06","A02 A04 A05 G07","candidate","","unrated","to-verify"
"DX-G01-013","general","G01","1.4","特定施設と大気・水質排出基準の全体像","大気排出基準","指定施設・新設既設・大気と水質の適用関係","L01 L02 L03 L04 L05 L06","A02 A04 A05 G07","candidate","","unrated","to-verify"
"DX-G01-014","general","G01","1.4","特定施設と大気・水質排出基準の全体像","水質排出基準","指定施設・新設既設・大気と水質の適用関係","L01 L02 L03 L04 L05 L06","A02 A04 A05 G07","candidate","","unrated","to-verify"
"DX-G01-015","general","G01","1.5","届出・測定義務・行政措置","設置・変更等の届出","届出から事業者の測定と報告・命令等の流れ","L01 L02 L03 L04 L05 L06","A02 A04 A05 G07","candidate","","unrated","to-verify"
"DX-G01-016","general","G01","1.5","届出・測定義務・行政措置","計画変更命令等","届出から事業者の測定と報告・命令等の流れ","L01 L02 L03 L04 L05 L06","A02 A04 A05 G07","candidate","","unrated","to-verify"
"DX-G01-017","general","G01","1.5","届出・測定義務・行政措置","事業者測定・報告公表","届出から事業者の測定と報告・命令等の流れ","L01 L02 L03 L04 L05 L06","A02 A04 A05 G07","candidate","","unrated","to-verify"
"DX-G01-018","general","G01","1.5","届出・測定義務・行政措置","行政の報告徴収と立入検査","届出から事業者の測定と報告・命令等の流れ","L01 L02 L03 L04 L05 L06","A02 A04 A05 G07","candidate","","unrated","to-verify"
"DX-G01-019","general","G01","1.6","汚染土壌・廃棄物等の関連規制","土壌汚染対策地域・計画","土壌対策地域、焼却灰と廃棄物法との関係","L01 L02 L03 L04 L05 L06","A02 A04 A05 G07","candidate","","unrated","to-verify"
"DX-G01-020","general","G01","1.6","汚染土壌・廃棄物等の関連規制","ばいじん・燃え殻規制","土壌対策地域、焼却灰と廃棄物法との関係","L01 L02 L03 L04 L05 L06","A02 A04 A05 G07","candidate","","unrated","to-verify"
"DX-G01-021","general","G01","1.6","汚染土壌・廃棄物等の関連規制","廃棄物処理法との関係","土壌対策地域、焼却灰と廃棄物法との関係","L01 L02 L03 L04 L05 L06","A02 A04 A05 G07","candidate","","unrated","to-verify"
"DX-G02-001","general","G02","2.1","問題の認識と国内外の事故・事件","化学物質事故と知見の蓄積","毒性・産業事故などへの知見が増えた経緯","P01 S01 S02 S03 L09","G03 G07","candidate","","unrated","to-verify"
"DX-G02-002","general","G02","2.1","問題の認識と国内外の事故・事件","日本の社会的関心","毒性・産業事故などへの知見が増えた経緯","P01 S01 S02 S03 L09","G03 G07","candidate","","unrated","to-verify"
"DX-G02-003","general","G02","2.2","廃棄物焼却問題と対策の進展","国内の廃棄物焼却と発生源","日本の焼却依存と対策強化の文脈","P01 S01 S02 S03 L09","G03 G07","candidate","","unrated","to-verify"
"DX-G02-004","general","G02","2.2","廃棄物焼却問題と対策の進展","旧ガイドラインからの対策","日本の焼却依存と対策強化の文脈","P01 S01 S02 S03 L09","G03 G07","candidate","","unrated","to-verify"
"DX-G02-005","general","G02","2.3","国内の政策と法制化の経緯","基本指針と立法の経緯","1999年基本指針とダイ特法成立の順序","P01 S01 S02 S03 L09","G03 G07","candidate","","unrated","to-verify"
"DX-G02-006","general","G02","2.3","国内の政策と法制化の経緯","制度導入後の排出削減","1999年基本指針とダイ特法成立の順序","P01 S01 S02 S03 L09","G03 G07","candidate","","unrated","to-verify"
"DX-G02-007","general","G02","2.4","POPs条約と国際的な取組","POPsの性質","POPsとストックホルム条約の位置付け","P01 S01 S02 S03 L09","G03 G07","candidate","","unrated","to-verify"
"DX-G02-008","general","G02","2.4","POPs条約と国際的な取組","附属書Cの非意図的生成","POPsとストックホルム条約の位置付け","P01 S01 S02 S03 L09","G03 G07","candidate","","unrated","to-verify"
"DX-G02-009","general","G02","2.4","POPs条約と国際的な取組","BATとBEP","POPsとストックホルム条約の位置付け","P01 S01 S02 S03 L09","G03 G07","candidate","","unrated","to-verify"
"DX-G03-001","general","G03","3.1","排出インベントリーの考え方と推計方法","排出量の単位g-TEQ","排出インベントリーの対象・媒体・推計法","P03 P04 P05 P06 S04","G07 G06","candidate","","unrated","to-verify"
"DX-G03-002","general","G03","3.1","排出インベントリーの考え方と推計方法","排出インベントリーの構成","排出インベントリーの対象・媒体・推計法","P03 P04 P05 P06 S04","G07 G06","candidate","","unrated","to-verify"
"DX-G03-003","general","G03","3.1","排出インベントリーの考え方と推計方法","インベントリーと測定値の違い","排出インベントリーの対象・媒体・推計法","P03 P04 P05 P06 S04","G07 G06","candidate","","unrated","to-verify"
"DX-G03-004","general","G03","3.2","主な排出源と媒体別の排出状況","廃棄物焼却","焼却・工業プロセス等の分類と寄与","P03 P04 P05 P06 S04","G07 G06","candidate","","unrated","to-verify"
"DX-G03-005","general","G03","3.2","主な排出源と媒体別の排出状況","製鉄・非鉄金属","焼却・工業プロセス等の分類と寄与","P03 P04 P05 P06 S04","G07 G06","candidate","","unrated","to-verify"
"DX-G03-006","general","G03","3.2","主な排出源と媒体別の排出状況","その他の発生源","焼却・工業プロセス等の分類と寄与","P03 P04 P05 P06 S04","G07 G06","candidate","","unrated","to-verify"
"DX-G03-007","general","G03","3.3","排出量・発生源構成の経年変化","長期的な排出量削減","対策開始前後を比較し残された課題を考える","P03 P04 P05 P06 S04","G07 G06","candidate","","unrated","to-verify"
"DX-G03-008","general","G03","3.3","排出量・発生源構成の経年変化","排出源構成の変化","対策開始前後を比較し残された課題を考える","P03 P04 P05 P06 S04","G07 G06","candidate","","unrated","to-verify"
"DX-G03-009","general","G03","3.4","環境中の濃度と環境基準の達成状況","媒体別の環境モニタリング","大気・水・底質・土壌の測定結果","P03 P04 P05 P06 S04","G07 G06","candidate","","unrated","to-verify"
"DX-G03-010","general","G03","3.4","環境中の濃度と環境基準の達成状況","環境基準超過の読み方","大気・水・底質・土壌の測定結果","P03 P04 P05 P06 S04","G07 G06","candidate","","unrated","to-verify"
"DX-G03-011","general","G03","3.5","統計の対象年・集計範囲・単位の読み方","年度と暦年の違い","対象年・発表年・速報差替・単位・推計誤差","P03 P04 P05 P06 S04","G07 G06","candidate","","unrated","to-verify"
"DX-G03-012","general","G03","3.5","統計の対象年・集計範囲・単位の読み方","公表日と差替日","対象年・発表年・速報差替・単位・推計誤差","P03 P04 P05 P06 S04","G07 G06","candidate","","unrated","to-verify"
"DX-G03-013","general","G03","3.5","統計の対象年・集計範囲・単位の読み方","最新統計の更新ルール","対象年・発表年・速報差替・単位・推計誤差","P03 P04 P05 P06 S04","G07 G06","candidate","","unrated","to-verify"
"DX-G04-001","general","G04","4.1","PCDD・PCDF・DL-PCBの分子構造","PCDDの基本骨格","塩素置換位置の違いが物性・毒性と関係する","S01 S02 T01 S05","G06 G05 A05","candidate","","unrated","to-verify"
"DX-G04-002","general","G04","4.1","PCDD・PCDF・DL-PCBの分子構造","PCDFの基本骨格","塩素置換位置の違いが物性・毒性と関係する","S01 S02 T01 S05","G06 G05 A05","candidate","","unrated","to-verify"
"DX-G04-003","general","G04","4.1","PCDD・PCDF・DL-PCBの分子構造","DL-PCBの構造","塩素置換位置の違いが物性・毒性と関係する","S01 S02 T01 S05","G06 G05 A05","candidate","","unrated","to-verify"
"DX-G04-004","general","G04","4.2","同族体・異性体と塩素置換","異性体・同族体の違い","置換数・位置・毒性を分類する","S01 S02 T01 S05","G06 G05 A05","candidate","","unrated","to-verify"
"DX-G04-005","general","G04","4.2","同族体・異性体と塩素置換","2-3-7-8位置の重要性","置換数・位置・毒性を分類する","S01 S02 T01 S05","G06 G05 A05","candidate","","unrated","to-verify"
"DX-G04-006","general","G04","4.2","同族体・異性体と塩素置換","非オルト・モノオルトPCB","置換数・位置・毒性を分類する","S01 S02 T01 S05","G06 G05 A05","candidate","","unrated","to-verify"
"DX-G04-007","general","G04","4.3","TEF・TEQと適用版","TEFの意味","係数・計算式・単位を理解する","S01 S02 T01 S05","G06 G05 A05","candidate","","unrated","to-verify"
"DX-G04-008","general","G04","4.3","TEF・TEQと適用版","TEQ算定の演習","係数・計算式・単位を理解する","S01 S02 T01 S05","G06 G05 A05","candidate","","unrated","to-verify"
"DX-G04-009","general","G04","4.3","TEF・TEQと適用版","WHO-TEFの版と行政適用版","係数・計算式・単位を理解する","S01 S02 T01 S05","G06 G05 A05","candidate","","unrated","to-verify"
"DX-G04-010","general","G04","4.4","物理化学的性質","脂溶性と水への溶けにくさ","環境分配・残留性を説明する","S01 S02 T01 S05","G06 G05 A05","candidate","","unrated","to-verify"
"DX-G04-011","general","G04","4.4","物理化学的性質","蒸気圧と粒子吸着","環境分配・残留性を説明する","S01 S02 T01 S05","G06 G05 A05","candidate","","unrated","to-verify"
"DX-G04-012","general","G04","4.4","物理化学的性質","残留性・分解性","環境分配・残留性を説明する","S01 S02 T01 S05","G06 G05 A05","candidate","","unrated","to-verify"
"DX-G04-013","general","G04","4.5","環境動態と生物への蓄積","大気と土壌・水域間の移動","物性から生物濃縮・食物経路につなぐ","S01 S02 T01 S05","G06 G05 A05","candidate","","unrated","to-verify"
"DX-G04-014","general","G04","4.5","環境動態と生物への蓄積","生物蓄積・生物濃縮","物性から生物濃縮・食物経路につなぐ","S01 S02 T01 S05","G06 G05 A05","candidate","","unrated","to-verify"
"DX-G04-015","general","G04","4.5","環境動態と生物への蓄積","異性体組成と発生源の示唆","物性から生物濃縮・食物経路につなぐ","S01 S02 T01 S05","G06 G05 A05","candidate","","unrated","to-verify"
"DX-G05-001","general","G05","5.1","非意図的生成が起こる場面","燃焼過程での非意図的生成","燃焼・化学製造・金属工程を俯瞰する","S01 S02 L09 S03 T01","A01 A03 G04","candidate","","unrated","to-verify"
"DX-G05-002","general","G05","5.1","非意図的生成が起こる場面","工業プロセスと不純物","燃焼・化学製造・金属工程を俯瞰する","S01 S02 L09 S03 T01","A01 A03 G04","candidate","","unrated","to-verify"
"DX-G05-003","general","G05","5.1","非意図的生成が起こる場面","自然由来との区別","燃焼・化学製造・金属工程を俯瞰する","S01 S02 L09 S03 T01","A01 A03 G04","candidate","","unrated","to-verify"
"DX-G05-004","general","G05","5.2","前駆体経路とde novo合成","前駆体経由の生成","前駆体反応と飛灰上での合成を区別","S01 S02 L09 S03 T01","A01 A03 G04","candidate","","unrated","to-verify"
"DX-G05-005","general","G05","5.2","前駆体経路とde novo合成","de novo合成の概要","前駆体反応と飛灰上での合成を区別","S01 S02 L09 S03 T01","A01 A03 G04","candidate","","unrated","to-verify"
"DX-G05-006","general","G05","5.3","生成に影響する温度・塩素・触媒等","冷却温度域と滞留","温度・未燃炭素・塩素・金属・雰囲気・滞留","S01 S02 L09 S03 T01","A01 A03 G04","candidate","","unrated","to-verify"
"DX-G05-007","general","G05","5.3","生成に影響する温度・塩素・触媒等","飛灰上の未燃炭素","温度・未燃炭素・塩素・金属・雰囲気・滞留","S01 S02 L09 S03 T01","A01 A03 G04","candidate","","unrated","to-verify"
"DX-G05-008","general","G05","5.3","生成に影響する温度・塩素・触媒等","塩素と金属触媒","温度・未燃炭素・塩素・金属・雰囲気・滞留","S01 S02 L09 S03 T01","A01 A03 G04","candidate","","unrated","to-verify"
"DX-G05-009","general","G05","5.3","生成に影響する温度・塩素・触媒等","燃焼状態と未燃物","温度・未燃炭素・塩素・金属・雰囲気・滞留","S01 S02 L09 S03 T01","A01 A03 G04","candidate","","unrated","to-verify"
"DX-G05-010","general","G05","5.4","排ガス・灰・排水への移行","排ガス経由","排ガス・灰・排水への経路を把握する","S01 S02 L09 S03 T01","A01 A03 G04","candidate","","unrated","to-verify"
"DX-G05-011","general","G05","5.4","排ガス・灰・排水への移行","飛灰・焼却灰経由","排ガス・灰・排水への経路を把握する","S01 S02 L09 S03 T01","A01 A03 G04","candidate","","unrated","to-verify"
"DX-G05-012","general","G05","5.4","排ガス・灰・排水への移行","湿式処理排水への移行","排ガス・灰・排水への経路を把握する","S01 S02 L09 S03 T01","A01 A03 G04","candidate","","unrated","to-verify"
"DX-G05-013","general","G05","5.5","生成機構と発生抑制の基本的な関係","十分な燃焼と再生成の違い","特論の燃焼改善・冷却・除去に自然につなぐ","S01 S02 L09 S03 T01","A01 A03 G04","candidate","","unrated","to-verify"
"DX-G05-014","general","G05","5.5","生成機構と発生抑制の基本的な関係","冷却・集じん条件と抑制策","特論の燃焼改善・冷却・除去に自然につなぐ","S01 S02 L09 S03 T01","A01 A03 G04","candidate","","unrated","to-verify"
"DX-G06-001","general","G06","6.1","毒性評価と作用機序","毒性の種類とTCDD","2-3-7-8-TCDDなどとAhRを紹介","S02 S01 S04 L02","G04 G01","candidate","","unrated","to-verify"
"DX-G06-002","general","G06","6.1","毒性評価と作用機序","Ah受容体を介した作用","2-3-7-8-TCDDなどとAhRを紹介","S02 S01 S04 L02","G04 G01","candidate","","unrated","to-verify"
"DX-G06-003","general","G06","6.1","毒性評価と作用機序","毒性等価の前提と限界","2-3-7-8-TCDDなどとAhRを紹介","S02 S01 S04 L02","G04 G01","candidate","","unrated","to-verify"
"DX-G06-004","general","G06","6.2","人の健康影響","高濃度曝露と皮膚症状","急性・慢性・発達影響等を区別","S02 S01 S04 L02","G04 G01","candidate","","unrated","to-verify"
"DX-G06-005","general","G06","6.2","人の健康影響","生殖・発達・免疫等への影響","急性・慢性・発達影響等を区別","S02 S01 S04 L02","G04 G01","candidate","","unrated","to-verify"
"DX-G06-006","general","G06","6.2","人の健康影響","発がん性の評価","急性・慢性・発達影響等を区別","S02 S01 S04 L02","G04 G01","candidate","","unrated","to-verify"
"DX-G06-007","general","G06","6.3","曝露経路と体内動態","食品由来の主な曝露","食物摂取と体内蓄積の理由","S02 S01 S04 L02","G04 G01","candidate","","unrated","to-verify"
"DX-G06-008","general","G06","6.3","曝露経路と体内動態","体内での蓄積と半減期","食物摂取と体内蓄積の理由","S02 S01 S04 L02","G04 G01","candidate","","unrated","to-verify"
"DX-G06-009","general","G06","6.3","曝露経路と体内動態","摂取量と体内負荷","食物摂取と体内蓄積の理由","S02 S01 S04 L02","G04 G01","candidate","","unrated","to-verify"
"DX-G06-010","general","G06","6.4","TDIとリスク評価","TDIと慢性曝露","TDIが絶対的な安全境界ではないと理解する","S02 S01 S04 L02","G04 G01","candidate","","unrated","to-verify"
"DX-G06-011","general","G06","6.4","TDIとリスク評価","曝露評価とリスク管理","TDIが絶対的な安全境界ではないと理解する","S02 S01 S04 L02","G04 G01","candidate","","unrated","to-verify"
"DX-G06-012","general","G06","6.4","TDIとリスク評価","定量の不確かさ","TDIが絶対的な安全境界ではないと理解する","S02 S01 S04 L02","G04 G01","candidate","","unrated","to-verify"
"DX-G06-013","general","G06","6.5","生態系への影響","野生生物への蓄積","動物・食物網における挙動","S02 S01 S04 L02","G04 G01","candidate","","unrated","to-verify"
"DX-G06-014","general","G06","6.5","生態系への影響","生態毒性の見方","動物・食物網における挙動","S02 S01 S04 L02","G04 G01","candidate","","unrated","to-verify"
"DX-G07-001","general","G07","7.1","国の削減計画と対策の推進","国の削減計画","基本指針・削減計画・科学的知見の更新","L01 L05 P01 P02 P05 P06","G01 G03","candidate","","unrated","to-verify"
"DX-G07-002","general","G07","7.1","国の削減計画と対策の推進","排出インベントリーの作成","基本指針・削減計画・科学的知見の更新","L01 L05 P01 P02 P05 P06","G01 G03","candidate","","unrated","to-verify"
"DX-G07-003","general","G07","7.1","国の削減計画と対策の推進","対策の進捗評価","基本指針・削減計画・科学的知見の更新","L01 L05 P01 P02 P05 P06","G01 G03","candidate","","unrated","to-verify"
"DX-G07-004","general","G07","7.2","地方公共団体による防止対策と規制の運用","自治体の立入検査","立入検査・規制の運用・条例の役割","L01 L05 P01 P02 P05 P06","G01 G03","candidate","","unrated","to-verify"
"DX-G07-005","general","G07","7.2","地方公共団体による防止対策と規制の運用","施設指導と命令","立入検査・規制の運用・条例の役割","L01 L05 P01 P02 P05 P06","G01 G03","candidate","","unrated","to-verify"
"DX-G07-006","general","G07","7.2","地方公共団体による防止対策と規制の運用","上乗せ条例","立入検査・規制の運用・条例の役割","L01 L05 P01 P02 P05 P06","G01 G03","candidate","","unrated","to-verify"
"DX-G07-007","general","G07","7.3","行政による監視・公表と対策評価","大気・水・土壌の監視","常時監視と事業者測定・公開の分担","L01 L05 P01 P02 P05 P06","G01 G03","candidate","","unrated","to-verify"
"DX-G07-008","general","G07","7.3","行政による監視・公表と対策評価","測定結果公表","常時監視と事業者測定・公開の分担","L01 L05 P01 P02 P05 P06","G01 G03","candidate","","unrated","to-verify"
"DX-G07-009","general","G07","7.3","行政による監視・公表と対策評価","施行状況の集計","常時監視と事業者測定・公開の分担","L01 L05 P01 P02 P05 P06","G01 G03","candidate","","unrated","to-verify"
"DX-G07-010","general","G07","7.4","汚染への対応と経済的措置","土壌対策地域","調査から対策計画・再評価への流れ","L01 L05 P01 P02 P05 P06","G01 G03","candidate","","unrated","to-verify"
"DX-G07-011","general","G07","7.4","汚染への対応と経済的措置","底質等への対策","調査から対策計画・再評価への流れ","L01 L05 P01 P02 P05 P06","G01 G03","candidate","","unrated","to-verify"
"DX-G07-012","general","G07","7.4","汚染への対応と経済的措置","周辺住民への説明","調査から対策計画・再評価への流れ","L01 L05 P01 P02 P05 P06","G01 G03","candidate","","unrated","to-verify"
"DX-A01-001","advanced","A01","8.1","燃焼の安定化と生成抑制","燃焼温度と安定化","燃焼を安定させ未燃分を減らす目的","T01 L09 L03 S03","G05 A02 A05","candidate","","unrated","to-verify"
"DX-A01-002","advanced","A01","8.1","燃焼の安定化と生成抑制","混合・空気比・滞留","燃焼を安定させ未燃分を減らす目的","T01 L09 L03 S03","G05 A02 A05","candidate","","unrated","to-verify"
"DX-A01-003","advanced","A01","8.1","燃焼の安定化と生成抑制","COと燃焼管理の関係","燃焼を安定させ未燃分を減らす目的","T01 L09 L03 S03","G05 A02 A05","candidate","","unrated","to-verify"
"DX-A01-004","advanced","A01","8.2","再生成を防ぐ排ガス冷却","排ガス急冷","冷却速度・温度履歴を技術へ結びつける","T01 L09 L03 S03","G05 A02 A05","candidate","","unrated","to-verify"
"DX-A01-005","advanced","A01","8.2","再生成を防ぐ排ガス冷却","集じん温度とde novo反応","冷却速度・温度履歴を技術へ結びつける","T01 L09 L03 S03","G05 A02 A05","candidate","","unrated","to-verify"
"DX-A01-006","advanced","A01","8.3","ろ過・電気・洗浄による集じん","バグフィルターと粒子除去","技術ごとの作用対象と限界を区別","T01 L09 L03 S03","G05 A02 A05","candidate","","unrated","to-verify"
"DX-A01-007","advanced","A01","8.4","吸着・触媒による除去・分解","活性炭吸着","技術ごとの作用対象と限界を区別","T01 L09 L03 S03","G05 A02 A05","candidate","","unrated","to-verify"
"DX-A01-008","advanced","A01","8.4","吸着・触媒による除去・分解","触媒分解","技術ごとの作用対象と限界を区別","T01 L09 L03 S03","G05 A02 A05","candidate","","unrated","to-verify"
"DX-A01-009","advanced","A01","8.3","ろ過・電気・洗浄による集じん","湿式洗浄の特性","技術ごとの作用対象と限界を区別","T01 L09 L03 S03","G05 A02 A05","candidate","","unrated","to-verify"
"DX-A01-010","advanced","A01","8.5","灰・残渣への対策","焼却灰・飛灰への分配","排ガスだけでなく固形物への移行を考える","T01 L09 L03 S03","G05 A02 A05","candidate","","unrated","to-verify"
"DX-A01-011","advanced","A01","8.5","灰・残渣への対策","飛灰の安定化・分解技術","排ガスだけでなく固形物への移行を考える","T01 L09 L03 S03","G05 A02 A05","candidate","","unrated","to-verify"
"DX-A01-012","advanced","A01","8.6","運転管理・保全と異常時対応","連続的な燃焼監視","測定値と運転条件・保全を結ぶ","T01 L09 L03 S03","G05 A02 A05","candidate","","unrated","to-verify"
"DX-A01-013","advanced","A01","8.6","運転管理・保全と異常時対応","定期測定と原因調査","測定値と運転条件・保全を結ぶ","T01 L09 L03 S03","G05 A02 A05","candidate","","unrated","to-verify"
"DX-A01-014","advanced","A01","8.6","運転管理・保全と異常時対応","起動停止や異常時対応","測定値と運転条件・保全を結ぶ","T01 L09 L03 S03","G05 A02 A05","candidate","","unrated","to-verify"
"DX-A02-001","advanced","A02","9.2","焼結・製鋼・亜鉛回収の工程、生成要因・抑制対策","焼結炉","施行令別表第一を施設と工程で分類","L02 L03 L06 P02","G01 A01","candidate","","unrated","to-verify"
"DX-A02-002","advanced","A02","9.2","焼結・製鋼・亜鉛回収の工程、生成要因・抑制対策","製鋼用電気炉","施行令別表第一を施設と工程で分類","L02 L03 L06 P02","G01 A01","candidate","","unrated","to-verify"
"DX-A02-003","advanced","A02","9.1","施行令別表第一の施設類型と工程の全体像","非鉄金属系炉","施行令別表第一を施設と工程で分類","L02 L03 L06 P02","G01 A01","candidate","","unrated","to-verify"
"DX-A02-004","advanced","A02","9.3","アルミ合金製造・廃棄物焼却の工程、生成要因・抑制対策","廃棄物焼却炉","施行令別表第一を施設と工程で分類","L02 L03 L06 P02","G01 A01","candidate","","unrated","to-verify"
"DX-A02-005","advanced","A02","9.4","施設指定の規模要件・新設既設基準と適用判定","焼却炉の火床面積と焼却能力","どの炉が対象になるのかを区別","L02 L03 L06 P02","G01 A01","candidate","","unrated","to-verify"
"DX-A02-006","advanced","A02","9.4","施設指定の規模要件・新設既設基準と適用判定","複数炉の合算","どの炉が対象になるのかを区別","L02 L03 L06 P02","G01 A01","candidate","","unrated","to-verify"
"DX-A02-007","advanced","A02","9.4","施設指定の規模要件・新設既設基準と適用判定","工程別規模要件","どの炉が対象になるのかを区別","L02 L03 L06 P02","G01 A01","candidate","","unrated","to-verify"
"DX-A02-008","advanced","A02","9.4","施設指定の規模要件・新設既設基準と適用判定","新設施設と既設施設","排出基準の別表・適用関係を読む","L02 L03 L06 P02","G01 A01","candidate","","unrated","to-verify"
"DX-A02-009","advanced","A02","9.4","施設指定の規模要件・新設既設基準と適用判定","規模別排出基準","排出基準の別表・適用関係を読む","L02 L03 L06 P02","G01 A01","candidate","","unrated","to-verify"
"DX-A02-010","advanced","A02","9.4","施設指定の規模要件・新設既設基準と適用判定","条件換算とTEQ単位","排出基準の別表・適用関係を読む","L02 L03 L06 P02","G01 A01","candidate","","unrated","to-verify"
"DX-A02-011","advanced","A02","9.4","施設指定の規模要件・新設既設基準と適用判定","設置届出と対象判定","対象施設・排出基準・届出の関係を整理","L02 L03 L06 P02","G01 A01","candidate","","unrated","to-verify"
"DX-A02-012","advanced","A02","9.4","施設指定の規模要件・新設既設基準と適用判定","排出ガス測定点・排出口","対象施設・排出基準・届出の関係を整理","L02 L03 L06 P02","G01 A01","candidate","","unrated","to-verify"
"DX-A02-013","advanced","A02","9.4","施設指定の規模要件・新設既設基準と適用判定","関連する一般廃棄物焼却の規制","対象施設・排出基準・届出の関係を整理","L02 L03 L06 P02","G01 A01","candidate","","unrated","to-verify"
"DX-A03-001","advanced","A03","10.1","水系への排出経路と存在形態","湿式排ガス処理排水","排ガス洗浄・工程排水・微粒子からの経路","L02 L03 L06 T01","A04 G04 A05","candidate","","unrated","to-verify"
"DX-A03-002","advanced","A03","10.1","水系への排出経路と存在形態","化学製造工程排水","排ガス洗浄・工程排水・微粒子からの経路","L02 L03 L06 T01","A04 G04 A05","candidate","","unrated","to-verify"
"DX-A03-003","advanced","A03","10.1","水系への排出経路と存在形態","粒子・有機物への吸着","排ガス洗浄・工程排水・微粒子からの経路","L02 L03 L06 T01","A04 G04 A05","candidate","","unrated","to-verify"
"DX-A03-004","advanced","A03","10.2","懸濁態・溶存態に応じた処理方法","沈殿・凝集","粒子態と溶存・微粒子態を区別","L02 L03 L06 T01","A04 G04 A05","candidate","","unrated","to-verify"
"DX-A03-005","advanced","A03","10.2","懸濁態・溶存態に応じた処理方法","ろ過・膜分離","粒子態と溶存・微粒子態を区別","L02 L03 L06 T01","A04 G04 A05","candidate","","unrated","to-verify"
"DX-A03-006","advanced","A03","10.2","懸濁態・溶存態に応じた処理方法","吸着・活性炭","粒子態と溶存・微粒子態を区別","L02 L03 L06 T01","A04 G04 A05","candidate","","unrated","to-verify"
"DX-A03-007","advanced","A03","10.3","排水処理系統と汚泥管理","SS除去と負荷低減","前処理から残渣管理まで見る","L02 L03 L06 T01","A04 G04 A05","candidate","","unrated","to-verify"
"DX-A03-008","advanced","A03","10.3","排水処理系統と汚泥管理","汚泥への移行と管理","前処理から残渣管理まで見る","L02 L03 L06 T01","A04 G04 A05","candidate","","unrated","to-verify"
"DX-A03-009","advanced","A03","10.3","排水処理系統と汚泥管理","複数工程の組合せ","前処理から残渣管理まで見る","L02 L03 L06 T01","A04 G04 A05","candidate","","unrated","to-verify"
"DX-A03-010","advanced","A03","10.4","放流水の運転管理・異常時対応","採水・変動への対応","排出水の測定値・運転管理と対策のつながり","L02 L03 L06 T01","A04 G04 A05","candidate","","unrated","to-verify"
"DX-A03-011","advanced","A03","10.4","放流水の運転管理・異常時対応","水質基準への適合管理","排出水の測定値・運転管理と対策のつながり","L02 L03 L06 T01","A04 G04 A05","candidate","","unrated","to-verify"
"DX-A03-012","advanced","A03","10.4","放流水の運転管理・異常時対応","異常時の追跡","排出水の測定値・運転管理と対策のつながり","L02 L03 L06 T01","A04 G04 A05","candidate","","unrated","to-verify"
"DX-A04-001","advanced","A04","11.2","パルプ・化学品製造等の工程、生成要因・抑制対策","パルプの塩素系漂白","施行令別表第二の指定理由で分類","L02 L03 L06 P02","G01 A03","candidate","","unrated","to-verify"
"DX-A04-002","advanced","A04","11.2","パルプ・化学品製造等の工程、生成要因・抑制対策","化学製造・洗浄","施行令別表第二の指定理由で分類","L02 L03 L06 P02","G01 A03","candidate","","unrated","to-verify"
"DX-A04-003","advanced","A04","11.3","金属・廃棄物焼却・PCB等の工程、生成要因・抑制対策","非鉄金属・排ガス洗浄","施行令別表第二の指定理由で分類","L02 L03 L06 P02","G01 A03","candidate","","unrated","to-verify"
"DX-A04-004","advanced","A04","11.3","金属・廃棄物焼却・PCB等の工程、生成要因・抑制対策","廃棄物焼却の湿式排ガス処理・灰ピット","工程と排出水の関係を把握","L02 L03 L06 P02","G01 A03","candidate","","unrated","to-verify"
"DX-A04-005","advanced","A04","11.3","金属・廃棄物焼却・PCB等の工程、生成要因・抑制対策","PCB関連処理施設","工程と排出水の関係を把握","L02 L03 L06 P02","G01 A03","candidate","","unrated","to-verify"
"DX-A04-006","advanced","A04","11.4","下水道終末処理・排水受入等の二次的施設","下水道終末処理施設","水を生じる処理施設も規制対象となる理由","L02 L03 L06 P02","G01 A03","candidate","","unrated","to-verify"
"DX-A04-007","advanced","A04","11.4","下水道終末処理・排水受入等の二次的施設","対象排水の処理施設","水を生じる処理施設も規制対象となる理由","L02 L03 L06 P02","G01 A03","candidate","","unrated","to-verify"
"DX-A04-008","advanced","A04","11.4","下水道終末処理・排水受入等の二次的施設","対象施設と事業場排水の違い","水を生じる処理施設も規制対象となる理由","L02 L03 L06 P02","G01 A03","candidate","","unrated","to-verify"
"DX-A04-009","advanced","A04","11.5","水質基準適用事業場・基準と対象判定","水質排出基準の適用単位","施設指定と工場・事業場の排水規制を区別","L02 L03 L06 P02","G01 A03","candidate","","unrated","to-verify"
"DX-A04-010","advanced","A04","11.5","水質基準適用事業場・基準と対象判定","公共用水域・下水道への排出","施設指定と工場・事業場の排水規制を区別","L02 L03 L06 P02","G01 A03","candidate","","unrated","to-verify"
"DX-A04-011","advanced","A04","11.5","水質基準適用事業場・基準と対象判定","対象判定と届出","施設指定と工場・事業場の排水規制を区別","L02 L03 L06 P02","G01 A03","candidate","","unrated","to-verify"
"DX-A05-001","advanced","A05","12.1","測定対象・媒体と測定の全体像","排出ガス・排出水・灰・環境媒体","媒体・異性体ごとの濃度・TEQの違い","T01 T02 T03 L03 L04 L07 S05","G04 G01 A02 A04","candidate","","unrated","to-verify"
"DX-A05-002","advanced","A05","12.1","測定対象・媒体と測定の全体像","異性体別測定","媒体・異性体ごとの濃度・TEQの違い","T01 T02 T03 L03 L04 L07 S05","G04 G01 A02 A04","candidate","","unrated","to-verify"
"DX-A05-003","advanced","A05","12.1","測定対象・媒体と測定の全体像","単位と試料の換算","媒体・異性体ごとの濃度・TEQの違い","T01 T02 T03 L03 L04 L07 S05","G04 G01 A02 A04","candidate","","unrated","to-verify"
"DX-A05-004","advanced","A05","12.2","試料採取","排ガス採取の原理","代表性・捕集損失・汚染を防ぐ発想","T01 T02 T03 L03 L04 L07 S05","G04 G01 A02 A04","candidate","","unrated","to-verify"
"DX-A05-005","advanced","A05","12.2","試料採取","粒子とガスの捕集","代表性・捕集損失・汚染を防ぐ発想","T01 T02 T03 L03 L04 L07 S05","G04 G01 A02 A04","candidate","","unrated","to-verify"
"DX-A05-006","advanced","A05","12.2","試料採取","排水・底質・土壌の採取","代表性・捕集損失・汚染を防ぐ発想","T01 T02 T03 L03 L04 L07 S05","G04 G01 A02 A04","candidate","","unrated","to-verify"
"DX-A05-007","advanced","A05","12.3","抽出・クリーンアップ","試料の前処理と抽出","複雑な試料から対象物質を取り出す","T01 T02 T03 L03 L04 L07 S05","G04 G01 A02 A04","candidate","","unrated","to-verify"
"DX-A05-008","advanced","A05","12.3","抽出・クリーンアップ","精製・クリーンアップ","複雑な試料から対象物質を取り出す","T01 T02 T03 L03 L04 L07 S05","G04 G01 A02 A04","candidate","","unrated","to-verify"
"DX-A05-009","advanced","A05","12.3","抽出・クリーンアップ","内標準物質の添加","複雑な試料から対象物質を取り出す","T01 T02 T03 L03 L04 L07 S05","G04 G01 A02 A04","candidate","","unrated","to-verify"
"DX-A05-010","advanced","A05","12.4","GC/MSによる分析・同定・定量","GCでの異性体分離","クロマトグラフによる分離とMSによる検出","T01 T02 T03 L03 L04 L07 S05","G04 G01 A02 A04","candidate","","unrated","to-verify"
"DX-A05-011","advanced","A05","12.4","GC/MSによる分析・同定・定量","HRGC/HRMS","クロマトグラフによる分離とMSによる検出","T01 T02 T03 L03 L04 L07 S05","G04 G01 A02 A04","candidate","","unrated","to-verify"
"DX-A05-012","advanced","A05","12.4","GC/MSによる分析・同定・定量","同位体希釈定量","クロマトグラフによる分離とMSによる検出","T01 T02 T03 L03 L04 L07 S05","G04 G01 A02 A04","candidate","","unrated","to-verify"
"DX-A05-013","advanced","A05","12.5","数値換算・検出下限と判定","濃度からTEQへの計算","TEQ計算から基準適合を解釈する","T01 T02 T03 L03 L04 L07 S05","G04 G01 A02 A04","candidate","","unrated","to-verify"
"DX-A05-014","advanced","A05","12.5","数値換算・検出下限と判定","検出下限・定量下限","TEQ計算から基準適合を解釈する","T01 T02 T03 L03 L04 L07 S05","G04 G01 A02 A04","candidate","","unrated","to-verify"
"DX-A05-015","advanced","A05","12.5","数値換算・検出下限と判定","未検出値の扱い","TEQ計算から基準適合を解釈する","T01 T02 T03 L03 L04 L07 S05","G04 G01 A02 A04","candidate","","unrated","to-verify"
"DX-A05-016","advanced","A05","12.6","精度管理・簡易測定法","ブランク・回収率","分析の信頼性を確認する","T01 T02 T03 L03 L04 L07 S05","G04 G01 A02 A04","candidate","","unrated","to-verify"
"DX-A05-017","advanced","A05","12.6","精度管理・簡易測定法","検量線と精度管理","分析の信頼性を確認する","T01 T02 T03 L03 L04 L07 S05","G04 G01 A02 A04","candidate","","unrated","to-verify"
"DX-A05-018","advanced","A05","12.6","精度管理・簡易測定法","簡易測定法と公定法","分析の信頼性を確認する","T01 T02 T03 L03 L04 L07 S05","G04 G01 A02 A04","candidate","","unrated","to-verify"
"DX-A05-019","advanced","A05","12.7","JIS・測定マニュアルの適用範囲と版管理","JIS K 0311:2020","JISと環境媒体別マニュアルの使い分け","T01 T02 T03 L03 L04 L07 S05","G04 G01 A02 A04","candidate","","unrated","to-verify"
"DX-A05-020","advanced","A05","12.7","JIS・測定マニュアルの適用範囲と版管理","JIS K 0312:2020","JISと環境媒体別マニュアルの使い分け","T01 T02 T03 L03 L04 L07 S05","G04 G01 A02 A04","candidate","","unrated","to-verify"
"DX-A05-021","advanced","A05","12.7","JIS・測定マニュアルの適用範囲と版管理","環境省の大気・土壌・底質マニュアル","JISと環境媒体別マニュアルの使い分け","T01 T02 T03 L03 L04 L07 S05","G04 G01 A02 A04","candidate","","unrated","to-verify"
"DX-A02-014","advanced","A02","9.2","焼結・製鋼・亜鉛回収の工程、生成要因・抑制対策","銑鉄製造用の焼結鉱をつくる焼結炉（令別表第一第1号）","銑鉄の製造に用いる焼結鉱が対象。原料処理能力 ≥ 1 t/h","L02 L03 Y01","G01 A01","candidate","","unrated","checked-facility-inventory"
"DX-A02-015","advanced","A02","9.2","焼結・製鋼・亜鉛回収の工程、生成要因・抑制対策","製鋼用電気炉（令別表第一第2号）","鋳鋼・鍛鋼の製造用は除く。変圧器の定格容量 ≥ 1,000 kVA","L02 L03 Y01","G01 A01","candidate","","unrated","checked-facility-inventory"
"DX-A02-016","advanced","A02","9.2","焼結・製鋼・亜鉛回収の工程、生成要因・抑制対策","製鋼用電気炉の集じんダストからの亜鉛回収（令別表第一第3号）","製鋼用電気炉で発生し集じん機で集めたばいじんに由来する亜鉛回収に限る。原料処理能力 ≥ 0.5 t/h","L02 L03 Y01","G01 A01","candidate","","unrated","checked-facility-inventory"
"DX-A02-017","advanced","A02","9.3","アルミ合金製造・廃棄物焼却の工程、生成要因・抑制対策","アルミニウムくずを原料とするアルミ合金製造（令別表第一第4号）","工場内のアルミ圧延工程から生じたアルミくずのみを原料とする場合は対象外。焙焼炉・乾燥炉：原料処理能力 ≥ 0.5 t/h；溶解炉：容量 ≥ 1 t","L02 L03 Y01","G01 A01","candidate","","unrated","checked-facility-inventory"
"DX-A02-018","advanced","A02","9.3","アルミ合金製造・廃棄物焼却の工程、生成要因・抑制対策","廃棄物焼却炉（令別表第一第5号）","同一焼却施設に複数炉がある場合は火床面積・焼却能力を合算。火床面積 ≥ 0.5 m² 又は焼却能力 ≥ 50 kg/h","L02 L03 Y01","G01 A01","candidate","","unrated","checked-facility-inventory"
"DX-A02-019","advanced","A02","9.4","施設指定の規模要件・新設既設基準と適用判定","新設・既設の基準適用と1997年12月2日の例外","適用対象と基準値を分けて説明する","L03 Y01","G01 A05","candidate","","unrated","checked-facility-inventory"
"DX-A02-020","advanced","A02","9.4","施設指定の規模要件・新設既設基準と適用判定","焼却炉の複数炉合算と二段階の能力判定","適用対象と基準値を分けて説明する","L02 Y01","G01 A05","candidate","","unrated","checked-facility-inventory"
"DX-A02-021","advanced","A02","9.4","施設指定の規模要件・新設既設基準と適用判定","施設ごとの大気排出基準と酸素補正","適用対象と基準値を分けて説明する","L03 Y01","G01 A05","candidate","","unrated","checked-facility-inventory"
"DX-A04-012","advanced","A04","11.2","パルプ・化学品製造等の工程、生成要因・抑制対策","クラフトパルプまたはサルファイトパルプの塩素系漂白（令別表第二第1号）","塩素または塩素化合物による漂白工程。該当するパルプ製造工程（別表第二に独立能力閾値なし）","L02 L03 Y01","G01 A03","candidate","","unrated","checked-facility-inventory"
"DX-A04-013","advanced","A04","11.2","パルプ・化学品製造等の工程、生成要因・抑制対策","カーバイド法アセチレン製造に伴う洗浄（令別表第二第2号）","カーバイド法アセチレンの製造用。別表第二に独立能力閾値なし","L02 L03 Y01","G01 A03","candidate","","unrated","checked-facility-inventory"
"DX-A04-014","advanced","A04","11.2","パルプ・化学品製造等の工程、生成要因・抑制対策","硫酸カリウム製造の排ガス処理（令別表第二第3号）","硫酸カリウム製造用。別表第二に独立能力閾値なし","L02 L03 Y01","G01 A03","candidate","","unrated","checked-facility-inventory"
"DX-A04-015","advanced","A04","11.2","パルプ・化学品製造等の工程、生成要因・抑制対策","アルミナ繊維製造の排ガス処理（令別表第二第4号）","アルミナ繊維製造用。別表第二に独立能力閾値なし","L02 L03 Y01","G01 A03","candidate","","unrated","checked-facility-inventory"
"DX-A04-016","advanced","A04","11.2","パルプ・化学品製造等の工程、生成要因・抑制対策","塩素系原料を使う担体付き触媒製造炉の排ガス処理（令別表第二第5号）","塩素・塩素化合物を使う担体付き触媒の焼成炉からのガスが対象。別表第二に独立能力閾値なし","L02 L03 Y01","G01 A03","candidate","","unrated","checked-facility-inventory"
"DX-A04-017","advanced","A04","11.2","パルプ・化学品製造等の工程、生成要因・抑制対策","塩化ビニルモノマー製造の二塩化エチレン洗浄（令別表第二第6号）","塩化ビニルモノマー製造に使用。別表第二に独立能力閾値なし","L02 L03 Y01","G01 A03","candidate","","unrated","checked-facility-inventory"
"DX-A04-018","advanced","A04","11.2","パルプ・化学品製造等の工程、生成要因・抑制対策","塩化ニトロシルを使うカプロラクタム製造（令別表第二第7号）","塩化ニトロシルを使用するカプロラクタム製造に限定。別表第二に独立能力閾値なし","L02 L03 Y01","G01 A03","candidate","","unrated","checked-facility-inventory"
"DX-A04-019","advanced","A04","11.2","パルプ・化学品製造等の工程、生成要因・抑制対策","クロロベンゼンまたはジクロロベンゼン製造（令別表第二第8号）","クロロベンゼン／ジクロロベンゼン製造に使用。別表第二に独立能力閾値なし","L02 L03 Y01","G01 A03","candidate","","unrated","checked-facility-inventory"
"DX-A04-020","advanced","A04","11.2","パルプ・化学品製造等の工程、生成要因・抑制対策","4-クロロフタル酸水素ナトリウム製造（令別表第二第9号）","当該化合物の製造に使用。別表第二に独立能力閾値なし","L02 L03 Y01","G01 A03","candidate","","unrated","checked-facility-inventory"
"DX-A04-021","advanced","A04","11.2","パルプ・化学品製造等の工程、生成要因・抑制対策","2,3-ジクロロ-1,4-ナフトキノン製造（令別表第二第10号）","当該化合物の製造に使用。別表第二に独立能力閾値なし","L02 L03 Y01","G01 A03","candidate","","unrated","checked-facility-inventory"
"DX-A04-022","advanced","A04","11.2","パルプ・化学品製造等の工程、生成要因・抑制対策","ジオキサジンバイオレット製造（令別表第二第11号）","正式な長い化学名称は施行令別表第二第11号に従う。別表第二に独立能力閾値なし","L02 L03 Y01","G01 A03","candidate","","unrated","checked-facility-inventory"
"DX-A04-023","advanced","A04","11.3","金属・廃棄物焼却・PCB等の工程、生成要因・抑制対策","アルミニウムまたはその合金の炉の排ガス処理（令別表第二第12号）","アルミニウムまたは合金製造の焙焼炉・溶解炉・乾燥炉からのガスを処理。別表第二に独立能力閾値なし","L02 L03 Y01","G01 A03","candidate","","unrated","checked-facility-inventory"
"DX-A04-024","advanced","A04","11.3","金属・廃棄物焼却・PCB等の工程、生成要因・抑制対策","製鋼用電気炉ばいじんからの亜鉛回収（令別表第二第13号）","製鋼用電気炉の集じんダストからの亜鉛回収に限る。別表第二に独立能力閾値なし","L02 L03 Y01","G01 A03","candidate","","unrated","checked-facility-inventory"
"DX-A04-025","advanced","A04","11.3","金属・廃棄物焼却・PCB等の工程、生成要因・抑制対策","使用済み担体付き触媒からの金属回収（令別表第二第14号）","ソーダ灰を添加して焙焼炉処理する方法および焙焼せずアルカリ抽出する方法は除く。別表第二に独立能力閾値なし","L02 L03 Y01","G01 A03","candidate","","unrated","checked-facility-inventory"
"DX-A04-026","advanced","A04","11.3","金属・廃棄物焼却・PCB等の工程、生成要因・抑制対策","特定廃棄物焼却炉の湿式ガス処理・灰貯留（令別表第二第15号）","大気関係別表第一第5号の焼却炉に由来するガス、汚水・廃液を出す灰貯留施設。焼却炉の該当性は大気別表第一第5号の規模要件に連動","L02 L03 Y01","G01 A03","candidate","","unrated","checked-facility-inventory"
"DX-A04-027","advanced","A04","11.3","金属・廃棄物焼却・PCB等の工程、生成要因・抑制対策","廃PCB等の分解およびPCB汚染物等の洗浄・分離（令別表第二第16号）","廃棄物処理法施行令第7条第12号の2及び第13号に掲げる施設を参照。廃棄物処理法側の施設指定に連動","L02 L03 Y01","G01 A03","candidate","","unrated","checked-facility-inventory"
"DX-A04-028","advanced","A04","11.3","金属・廃棄物焼却・PCB等の工程、生成要因・抑制対策","特定フロン類を一定の方法で破壊（令別表第二第17号）","対象フロンとプラズマ等の破壊法は施行令・施行規則第1条で限定。別表第二に独立能力閾値なし","L02 L03 Y01","G01 A03","candidate","","unrated","checked-facility-inventory"
"DX-A04-029","advanced","A04","11.4","下水道終末処理・排水受入等の二次的施設","指定対象排水を受け入れる下水道終末処理（令別表第二第18号）","第1～17号または第19号の汚水・廃液を含む下水を処理する場合に限定。受入水の由来が対象条件","L02 L03 Y01","G01 A03","candidate","","unrated","checked-facility-inventory"
"DX-A04-030","advanced","A04","11.4","下水道終末処理・排水受入等の二次的施設","指定施設を持つ事業場からの水の処理（令別表第二第19号）","第1～17号の事業場からの水で所定の汚水等を含むものを処理。公共用水域に排出される水を除き、第18号は除外。流入する水の由来・排出先で対象判定","L02 L03 Y01","G01 A03","candidate","","unrated","checked-facility-inventory"
"DX-A04-031","advanced","A04","11.5","水質基準適用事業場・基準と対象判定","水質排出基準10 pg-TEQ/Lと環境基準の区別","適用対象と基準値を分けて説明する","L03 L04 Y01","G01 A05","candidate","","unrated","checked-facility-inventory"
"DX-A04-032","advanced","A04","11.5","水質基準適用事業場・基準と対象判定","水質排出の対象は施設からではなく事業場排出水","適用対象と基準値を分けて説明する","L01 L03 Y01","G01 A05","candidate","","unrated","checked-facility-inventory"
"DX-A04-033","advanced","A04","11.4","下水道終末処理・排水受入等の二次的施設","水質第18号・第19号の汚水由来と除外条件","適用対象と基準値を分けて説明する","L02 Y01","G01 A05","candidate","","unrated","checked-facility-inventory"
"DX-A04-034","advanced","A04","11.5","水質基準適用事業場・基準と対象判定","排出水基準と水質対象施設の条件付き指定","適用対象と基準値を分けて説明する","L02 L03 Y01","G01 A05","candidate","","unrated","checked-facility-inventory"
"DX-G05-015","general","G05","5.2","前駆体経路とde novo合成","前駆体経路とde novo合成の併存・判別上の限界","反応経路の併存と異性体組成のみでの生成経路断定の限界","S01 S02 L09 S03 T01","A01 G04","candidate","","unrated","to-verify"
"DX-A01-015","advanced","A01","8.3","ろ過・電気・洗浄による集じん","電気集じんの放電・粒子比抵抗・逆電離","荷電・電界による粒子捕集と比抵抗・逆電離の関係","T01 L09 L03 S03","G05 A02","candidate","","unrated","to-verify"
"DX-A02-022","advanced","A02","9.1","施行令別表第一の施設類型と工程の全体像","大気5号の工程別分類と生成・対策の比較","焼結・製鋼・亜鉛回収・アルミ製造・焼却の工程特性を比較","L02 L03 L06 P02","G01 A01","candidate","","unrated","to-verify"
"DX-A04-035","advanced","A04","11.1","施行令別表第二の施設類型と工程の全体像","水質特定施設19号の用途・工程別分類","施行令別表第二の各号を製造・処理・二次施設に体系化","L02 L03 L06 P02","G01 A03","candidate","","unrated","to-verify"
"DX-A04-036","advanced","A04","11.1","施行令別表第二の施設類型と工程の全体像","水質特定施設と事業場排出水の法的区別（導入）","指定設備と事業場排出水の異なる規制単位を対比","L01 L02 L03 L06","G01 A03","candidate","","unrated","to-verify"
"DX-A04-037","advanced","A04","11.5","水質基準適用事業場・基準と対象判定","水質対象施設の届出・測定と適用条件の総合判断","施設指定・事業場排出水・届出・測定・除外条件の適用を整理","L01 L02 L03 L06","G01 A05","candidate","","unrated","to-verify"
"DX-G01-022","general","G01","1.4","特定施設と大気・水質排出基準の全体像","公害防止組織法とダイ特法の施設指定の違い","組織法施行令第5条の3の大気1～4号・水質1～14号と、ダイ特法の特定施設の指定範囲を区別。","V28-01 V28-02 L01 L02","A02 A04","candidate","","unrated","to-verify"
"DX-G01-023","general","G01","1.1","法体系と制度目的","特措法附則第2条の臭素系ダイオキシン調査研究","附則第2条が健康影響と発生過程等の調査研究を規定。正式規制対象との違いを説明。","V28-10 V28-11 L01","G04 G02","candidate","","unrated","to-verify"
"DX-G03-014","general","G03","3.5","統計の対象年・集計範囲・単位の読み方","特定施設の設置基数・構成比と排出量の違い","2001年度末の大気18315施設のうち焼却17357施設。基数とg-TEQ/年の排出量を区別。","V28-03 V28-04","G01 A02","candidate","","unrated","to-verify"
"DX-G04-016","general","G04","4.2","同族体・異性体と塩素置換","TEF付与異性体数の同族体別集計","対象29種を同族体で数え、PeCB5種・HxCDF4種・HxCDD3種・HpCB1種などを比較。","V28-05 T07","G06","candidate","","unrated","to-verify"
"DX-G04-017","general","G04","4.4","物理化学的性質","PCBの塩素数別融点・蒸気圧の物性表","IARCの四塩素化PCB融点47～180℃/蒸気圧0.012Pa、五塩素化PCB76.5～124℃/0.0026Pa（蒸気圧25℃）。","V28-07","G02 G06","candidate","","unrated","to-verify"
"DX-G04-018","general","G04","4.3","TEF・TEQと適用版","臭素系ダイオキシン類の暫定TEF援用と正式係数","WHO・UNEP専門家報告2013年の暫定援用勧告と正式塩素系WHO-TEF・国内法適用版を分ける。","V28-09 V28-10","G01 G02","candidate","","unrated","to-verify"
"DX-A01-016","advanced","A01","8.4","吸着・触媒による除去・分解","触媒分解率・SV・処理流量の算定","分解率=(Cin-Cout)/Cin。SV=Q/V。4→0.2なら95%、SV1500h-1・触媒2m3で流量3000m3/h。","V28-06 V28-13","A05","candidate","","unrated","to-verify"
"DX-G01-024","general","G01","1.5","届出・測定義務・行政措置","公害防止管理者の管理する技術的事項（発生施設の点検と処理施設の補修）","組織整備法4条1項7号・同法施行規則6条7項における管理業務と、ダイ特法の施設届出・事業者測定義務を区別。発生施設は点検、処理施設と測定機器は補修が列挙される。発生施設の補修は禁止という意味ではない。","ORG01 ORG02 EX03","G01 A02 A04 A05","candidate","","unrated","to-verify"
"DX-A01-017","advanced","A01","8.3","ろ過・電気・洗浄による集じん","集じん方式別の部分捕集効率曲線（電気・遠心・慣性・重力・ろ過）","方式横断で粒径と部分捕集効率の変化を比較。電気・サイクロン・慣性・重力・ろ過方式を区別する。","QA33-R06-EXAM QA33-COLLECTOR-MOE","A01 A02","candidate","","unrated","to-verify"
