"knowledge_id","chapter","section","knowledge_title","candidate_mentions_in_5_years","years_with_candidate","example_question_ids","editorial_status","warning"
"DX-I-001","I","0.1","物質群と単一物質","0","0","","no-primary-question-link","Not a verified choice-level coverage measurement; zero is not proof of irrelevance"
"DX-I-002","I","0.1","PCDDとPCDFの構造差","0","0","","no-primary-question-link","Not a verified choice-level coverage measurement; zero is not proof of irrelevance"
"DX-I-003","I","0.1","ダイオキシン様PCB","0","0","","no-primary-question-link","Not a verified choice-level coverage measurement; zero is not proof of irrelevance"
"DX-I-004","I","0.2","毒性の異なる異性体","0","0","","no-primary-question-link","Not a verified choice-level coverage measurement; zero is not proof of irrelevance"
"DX-I-005","I","0.2","TEFとTEQという共通指標","0","0","","no-primary-question-link","Not a verified choice-level coverage measurement; zero is not proof of irrelevance"
"DX-I-006","I","0.3","非意図的生成と排出","0","0","","no-primary-question-link","Not a verified choice-level coverage measurement; zero is not proof of irrelevance"
"DX-I-007","I","0.3","環境残留と食物連鎖","0","0","","no-primary-question-link","Not a verified choice-level coverage measurement; zero is not proof of irrelevance"
"DX-I-008","I","0.3","人の曝露経路","0","0","","no-primary-question-link","Not a verified choice-level coverage measurement; zero is not proof of irrelevance"
"DX-I-009","I","0.4","日本の焼却問題と制度化","0","0","","no-primary-question-link","Not a verified choice-level coverage measurement; zero is not proof of irrelevance"
"DX-I-010","I","0.4","ストックホルム条約と国際協調","0","0","","no-primary-question-link","Not a verified choice-level coverage measurement; zero is not proof of irrelevance"
"DX-I-011","I","0.5","TDIと環境基準と排出基準の役割","0","0","","no-primary-question-link","Not a verified choice-level coverage measurement; zero is not proof of irrelevance"
"DX-I-012","I","0.5","概論と特論の接続","0","0","","no-primary-question-link","Not a verified choice-level coverage measurement; zero is not proof of irrelevance"
"DX-G01-001","G01","1.1","基本指針と特措法","3","3","R04-G-Q02 R05-G-Q02 R07-G-Q03","provisional-exam-link","Not a verified choice-level coverage measurement; zero is not proof of irrelevance"
"DX-G01-002","G01","1.1","法律・政令・省令・告示","2","2","R03-A-Q01 R07-G-Q02","provisional-exam-link","Not a verified choice-level coverage measurement; zero is not proof of irrelevance"
"DX-G01-003","G01","1.1","地方条例と上乗せ","0","0","","no-primary-question-link","Not a verified choice-level coverage measurement; zero is not proof of irrelevance"
"DX-G01-004","G01","1.2","法のダイオキシン類の定義","0","0","","no-primary-question-link","Not a verified choice-level coverage measurement; zero is not proof of irrelevance"
"DX-G01-005","G01","1.2","TDIの意味と値","1","1","R06-G-Q03","provisional-exam-link","Not a verified choice-level coverage measurement; zero is not proof of irrelevance"
"DX-G01-006","G01","1.2","TEQの法規への利用","0","0","","no-primary-question-link","Not a verified choice-level coverage measurement; zero is not proof of irrelevance"
"DX-G01-007","G01","1.3","大気環境基準","4","3","R03-G-Q01 R04-G-Q01 R06-G-Q01 R06-G-Q15","provisional-exam-link","Not a verified choice-level coverage measurement; zero is not proof of irrelevance"
"DX-G01-008","G01","1.3","水質環境基準と地下水","3","2","R03-G-Q01 R06-G-Q01 R06-G-Q15","provisional-exam-link","Not a verified choice-level coverage measurement; zero is not proof of irrelevance"
"DX-G01-009","G01","1.3","底質環境基準","3","2","R03-G-Q01 R06-G-Q01 R06-G-Q15","provisional-exam-link","Not a verified choice-level coverage measurement; zero is not proof of irrelevance"
"DX-G01-010","G01","1.3","土壌環境基準と調査指標","6","5","R03-G-Q01 R04-G-Q01 R05-G-Q01 R06-G-Q01 R06-G-Q15 R07-G-Q01","provisional-exam-link","Not a verified choice-level coverage measurement; zero is not proof of irrelevance"
"DX-G01-011","G01","1.4","大気基準適用施設","5","3","R03-G-Q05 R03-G-Q07 R04-G-Q04 R04-G-Q05 R07-G-Q02","provisional-exam-link","Not a verified choice-level coverage measurement; zero is not proof of irrelevance"
"DX-G01-012","G01","1.4","水質基準対象施設","1","1","R07-G-Q04","provisional-exam-link","Not a verified choice-level coverage measurement; zero is not proof of irrelevance"
"DX-G01-013","G01","1.4","大気排出基準","1","1","R03-G-Q04","provisional-exam-link","Not a verified choice-level coverage measurement; zero is not proof of irrelevance"
"DX-G01-014","G01","1.4","水質排出基準","0","0","","no-primary-question-link","Not a verified choice-level coverage measurement; zero is not proof of irrelevance"
"DX-G01-015","G01","1.5","設置・変更等の届出","3","3","R03-G-Q02 R04-G-Q04 R07-G-Q05","provisional-exam-link","Not a verified choice-level coverage measurement; zero is not proof of irrelevance"
"DX-G01-016","G01","1.5","計画変更命令等","1","1","R03-G-Q02","provisional-exam-link","Not a verified choice-level coverage measurement; zero is not proof of irrelevance"
"DX-G01-017","G01","1.5","事業者測定・報告公表","4","4","R03-G-Q03 R04-G-Q03 R05-G-Q03 R06-G-Q04","provisional-exam-link","Not a verified choice-level coverage measurement; zero is not proof of irrelevance"
"DX-G01-018","G01","1.5","行政の報告徴収と立入検査","3","3","R04-G-Q03 R06-G-Q02 R07-G-Q03","provisional-exam-link","Not a verified choice-level coverage measurement; zero is not proof of irrelevance"
"DX-G01-019","G01","1.6","土壌汚染対策地域・計画","1","1","R05-G-Q04","provisional-exam-link","Not a verified choice-level coverage measurement; zero is not proof of irrelevance"
"DX-G01-020","G01","1.6","ばいじん・燃え殻規制","0","0","","no-primary-question-link","Not a verified choice-level coverage measurement; zero is not proof of irrelevance"
"DX-G01-021","G01","1.6","廃棄物処理法との関係","0","0","","no-primary-question-link","Not a verified choice-level coverage measurement; zero is not proof of irrelevance"
"DX-G02-001","G02","2.1","化学物質事故と知見の蓄積","6","4","R04-G-Q07 R04-G-Q08 R05-G-Q06 R06-G-Q06 R07-G-Q06 R07-G-Q14","provisional-exam-link","Not a verified choice-level coverage measurement; zero is not proof of irrelevance"
"DX-G02-002","G02","2.1","日本の社会的関心","3","2","R04-G-Q07 R06-G-Q06 R06-G-Q14","provisional-exam-link","Not a verified choice-level coverage measurement; zero is not proof of irrelevance"
"DX-G02-003","G02","2.2","国内の廃棄物焼却と発生源","0","0","","no-primary-question-link","Not a verified choice-level coverage measurement; zero is not proof of irrelevance"
"DX-G02-004","G02","2.2","旧ガイドラインからの対策","0","0","","no-primary-question-link","Not a verified choice-level coverage measurement; zero is not proof of irrelevance"
"DX-G02-005","G02","2.3","基本指針と立法の経緯","0","0","","no-primary-question-link","Not a verified choice-level coverage measurement; zero is not proof of irrelevance"
"DX-G02-006","G02","2.3","制度導入後の排出削減","0","0","","no-primary-question-link","Not a verified choice-level coverage measurement; zero is not proof of irrelevance"
"DX-G02-007","G02","2.4","POPsの性質","0","0","","no-primary-question-link","Not a verified choice-level coverage measurement; zero is not proof of irrelevance"
"DX-G02-008","G02","2.4","附属書Cの非意図的生成","0","0","","no-primary-question-link","Not a verified choice-level coverage measurement; zero is not proof of irrelevance"
"DX-G02-009","G02","2.4","BATとBEP","0","0","","no-primary-question-link","Not a verified choice-level coverage measurement; zero is not proof of irrelevance"
"DX-G03-001","G03","3.1","排出量の単位g-TEQ","0","0","","no-primary-question-link","Not a verified choice-level coverage measurement; zero is not proof of irrelevance"
"DX-G03-002","G03","3.1","排出インベントリーの構成","5","5","R03-G-Q08 R04-G-Q09 R05-G-Q07 R06-G-Q08 R07-G-Q07","provisional-exam-link","Not a verified choice-level coverage measurement; zero is not proof of irrelevance"
"DX-G03-003","G03","3.1","インベントリーと測定値の違い","0","0","","no-primary-question-link","Not a verified choice-level coverage measurement; zero is not proof of irrelevance"
"DX-G03-004","G03","3.2","廃棄物焼却","3","3","R03-G-Q08 R04-G-Q09 R07-G-Q07","provisional-exam-link","Not a verified choice-level coverage measurement; zero is not proof of irrelevance"
"DX-G03-005","G03","3.2","製鉄・非鉄金属","3","3","R03-G-Q08 R04-G-Q09 R06-G-Q07","provisional-exam-link","Not a verified choice-level coverage measurement; zero is not proof of irrelevance"
"DX-G03-006","G03","3.2","その他の発生源","0","0","","no-primary-question-link","Not a verified choice-level coverage measurement; zero is not proof of irrelevance"
"DX-G03-007","G03","3.3","長期的な排出量削減","1","1","R05-G-Q15","provisional-exam-link","Not a verified choice-level coverage measurement; zero is not proof of irrelevance"
"DX-G03-008","G03","3.3","排出源構成の変化","0","0","","no-primary-question-link","Not a verified choice-level coverage measurement; zero is not proof of irrelevance"
"DX-G03-009","G03","3.4","媒体別の環境モニタリング","2","2","R03-G-Q07 R07-G-Q15","provisional-exam-link","Not a verified choice-level coverage measurement; zero is not proof of irrelevance"
"DX-G03-010","G03","3.4","環境基準超過の読み方","1","1","R07-G-Q15","provisional-exam-link","Not a verified choice-level coverage measurement; zero is not proof of irrelevance"
"DX-G03-011","G03","3.5","年度と暦年の違い","8","5","R03-G-Q07 R03-G-Q08 R04-G-Q15 R05-G-Q07 R05-G-Q15 R06-G-Q07 R06-G-Q08 R07-G-Q07","provisional-exam-link","Not a verified choice-level coverage measurement; zero is not proof of irrelevance"
"DX-G03-012","G03","3.5","公表日と差替日","0","0","","no-primary-question-link","Not a verified choice-level coverage measurement; zero is not proof of irrelevance"
"DX-G03-013","G03","3.5","最新統計の更新ルール","0","0","","no-primary-question-link","Not a verified choice-level coverage measurement; zero is not proof of irrelevance"
"DX-G04-001","G04","4.1","PCDDの基本骨格","4","4","R03-G-Q06 R04-G-Q06 R05-G-Q08 R06-G-Q09","provisional-exam-link","Not a verified choice-level coverage measurement; zero is not proof of irrelevance"
"DX-G04-002","G04","4.1","PCDFの基本骨格","3","3","R03-G-Q06 R04-G-Q06 R05-G-Q08","provisional-exam-link","Not a verified choice-level coverage measurement; zero is not proof of irrelevance"
"DX-G04-003","G04","4.1","DL-PCBの構造","10","5","R03-G-Q06 R03-G-Q09 R04-G-Q06 R04-G-Q08 R04-G-Q11 R05-G-Q06 R05-G-Q08 R06-G-Q09 R07-G-Q08 R07-G-Q14","provisional-exam-link","Not a verified choice-level coverage measurement; zero is not proof of irrelevance"
"DX-G04-004","G04","4.2","異性体・同族体の違い","3","3","R03-G-Q13 R04-G-Q12 R06-G-Q09","provisional-exam-link","Not a verified choice-level coverage measurement; zero is not proof of irrelevance"
"DX-G04-005","G04","4.2","2-3-7-8位置の重要性","3","3","R03-G-Q13 R04-G-Q12 R05-G-Q12","provisional-exam-link","Not a verified choice-level coverage measurement; zero is not proof of irrelevance"
"DX-G04-006","G04","4.2","非オルト・モノオルトPCB","4","4","R03-G-Q09 R04-G-Q11 R06-G-Q09 R07-G-Q08","provisional-exam-link","Not a verified choice-level coverage measurement; zero is not proof of irrelevance"
"DX-G04-007","G04","4.3","TEFの意味","6","5","R03-G-Q11 R03-G-Q12 R04-G-Q10 R05-G-Q11 R06-G-Q10 R07-G-Q10","provisional-exam-link","Not a verified choice-level coverage measurement; zero is not proof of irrelevance"
"DX-G04-008","G04","4.3","TEQ算定の演習","0","0","","no-primary-question-link","Not a verified choice-level coverage measurement; zero is not proof of irrelevance"
"DX-G04-009","G04","4.3","WHO-TEFの版と行政適用版","9","5","R03-G-Q11 R03-G-Q12 R03-G-Q13 R04-G-Q10 R04-A-Q13 R05-G-Q11 R05-G-Q12 R06-G-Q10 R07-G-Q10","provisional-exam-link","Not a verified choice-level coverage measurement; zero is not proof of irrelevance"
"DX-G04-010","G04","4.4","脂溶性と水への溶けにくさ","2","2","R05-G-Q09 R07-G-Q09","provisional-exam-link","Not a verified choice-level coverage measurement; zero is not proof of irrelevance"
"DX-G04-011","G04","4.4","蒸気圧と粒子吸着","5","4","R03-G-Q10 R04-G-Q11 R05-G-Q09 R05-G-Q10 R07-G-Q09","provisional-exam-link","Not a verified choice-level coverage measurement; zero is not proof of irrelevance"
"DX-G04-012","G04","4.4","残留性・分解性","0","0","","no-primary-question-link","Not a verified choice-level coverage measurement; zero is not proof of irrelevance"
"DX-G04-013","G04","4.5","大気と土壌・水域間の移動","0","0","","no-primary-question-link","Not a verified choice-level coverage measurement; zero is not proof of irrelevance"
"DX-G04-014","G04","4.5","生物蓄積・生物濃縮","3","2","R04-G-Q12 R04-G-Q14 R06-G-Q14","provisional-exam-link","Not a verified choice-level coverage measurement; zero is not proof of irrelevance"
"DX-G04-015","G04","4.5","異性体組成と発生源の示唆","0","0","","no-primary-question-link","Not a verified choice-level coverage measurement; zero is not proof of irrelevance"
"DX-G05-001","G05","5.1","燃焼過程での非意図的生成","1","1","R05-G-Q14","provisional-exam-link","Not a verified choice-level coverage measurement; zero is not proof of irrelevance"
"DX-G05-002","G05","5.1","工業プロセスと不純物","1","1","R07-G-Q13","provisional-exam-link","Not a verified choice-level coverage measurement; zero is not proof of irrelevance"
"DX-G05-003","G05","5.1","自然由来との区別","0","0","","no-primary-question-link","Not a verified choice-level coverage measurement; zero is not proof of irrelevance"
"DX-G05-004","G05","5.2","前駆体経由の生成","2","2","R06-G-Q11 R07-G-Q11","provisional-exam-link","Not a verified choice-level coverage measurement; zero is not proof of irrelevance"
"DX-G05-005","G05","5.2","de novo合成の概要","6","5","R03-G-Q14 R03-A-Q08 R04-G-Q13 R05-G-Q13 R06-G-Q12 R07-G-Q13","provisional-exam-link","Not a verified choice-level coverage measurement; zero is not proof of irrelevance"
"DX-G05-006","G05","5.3","冷却温度域と滞留","0","0","","no-primary-question-link","Not a verified choice-level coverage measurement; zero is not proof of irrelevance"
"DX-G05-007","G05","5.3","飛灰上の未燃炭素","2","2","R03-G-Q14 R05-G-Q13","provisional-exam-link","Not a verified choice-level coverage measurement; zero is not proof of irrelevance"
"DX-G05-008","G05","5.3","塩素と金属触媒","10","5","R03-G-Q14 R03-G-Q15 R04-G-Q13 R04-A-Q13 R05-G-Q13 R05-G-Q14 R06-G-Q12 R06-G-Q13 R06-A-Q15 R07-G-Q12","provisional-exam-link","Not a verified choice-level coverage measurement; zero is not proof of irrelevance"
"DX-G05-009","G05","5.3","燃焼状態と未燃物","3","3","R03-G-Q15 R05-G-Q14 R07-G-Q12","provisional-exam-link","Not a verified choice-level coverage measurement; zero is not proof of irrelevance"
"DX-G05-010","G05","5.4","排ガス経由","0","0","","no-primary-question-link","Not a verified choice-level coverage measurement; zero is not proof of irrelevance"
"DX-G05-011","G05","5.4","飛灰・焼却灰経由","0","0","","no-primary-question-link","Not a verified choice-level coverage measurement; zero is not proof of irrelevance"
"DX-G05-012","G05","5.4","湿式処理排水への移行","0","0","","no-primary-question-link","Not a verified choice-level coverage measurement; zero is not proof of irrelevance"
"DX-G05-013","G05","5.5","十分な燃焼と再生成の違い","0","0","","no-primary-question-link","Not a verified choice-level coverage measurement; zero is not proof of irrelevance"
"DX-G05-014","G05","5.5","冷却・集じん条件と抑制策","1","1","R06-A-Q03","provisional-exam-link","Not a verified choice-level coverage measurement; zero is not proof of irrelevance"
"DX-G06-001","G06","6.1","毒性の種類とTCDD","0","0","","no-primary-question-link","Not a verified choice-level coverage measurement; zero is not proof of irrelevance"
"DX-G06-002","G06","6.1","Ah受容体を介した作用","0","0","","no-primary-question-link","Not a verified choice-level coverage measurement; zero is not proof of irrelevance"
"DX-G06-003","G06","6.1","毒性等価の前提と限界","0","0","","no-primary-question-link","Not a verified choice-level coverage measurement; zero is not proof of irrelevance"
"DX-G06-004","G06","6.2","高濃度曝露と皮膚症状","0","0","","no-primary-question-link","Not a verified choice-level coverage measurement; zero is not proof of irrelevance"
"DX-G06-005","G06","6.2","生殖・発達・免疫等への影響","0","0","","no-primary-question-link","Not a verified choice-level coverage measurement; zero is not proof of irrelevance"
"DX-G06-006","G06","6.2","発がん性の評価","0","0","","no-primary-question-link","Not a verified choice-level coverage measurement; zero is not proof of irrelevance"
"DX-G06-007","G06","6.3","食品由来の主な曝露","3","2","R04-G-Q14 R04-G-Q15 R06-G-Q14","provisional-exam-link","Not a verified choice-level coverage measurement; zero is not proof of irrelevance"
"DX-G06-008","G06","6.3","体内での蓄積と半減期","0","0","","no-primary-question-link","Not a verified choice-level coverage measurement; zero is not proof of irrelevance"
"DX-G06-009","G06","6.3","摂取量と体内負荷","1","1","R04-G-Q15","provisional-exam-link","Not a verified choice-level coverage measurement; zero is not proof of irrelevance"
"DX-G06-010","G06","6.4","TDIと慢性曝露","0","0","","no-primary-question-link","Not a verified choice-level coverage measurement; zero is not proof of irrelevance"
"DX-G06-011","G06","6.4","曝露評価とリスク管理","0","0","","no-primary-question-link","Not a verified choice-level coverage measurement; zero is not proof of irrelevance"
"DX-G06-012","G06","6.4","定量の不確かさ","0","0","","no-primary-question-link","Not a verified choice-level coverage measurement; zero is not proof of irrelevance"
"DX-G06-013","G06","6.5","野生生物への蓄積","0","0","","no-primary-question-link","Not a verified choice-level coverage measurement; zero is not proof of irrelevance"
"DX-G06-014","G06","6.5","生態毒性の見方","0","0","","no-primary-question-link","Not a verified choice-level coverage measurement; zero is not proof of irrelevance"
"DX-G07-001","G07","7.1","国の削減計画","0","0","","no-primary-question-link","Not a verified choice-level coverage measurement; zero is not proof of irrelevance"
"DX-G07-002","G07","7.1","排出インベントリーの作成","0","0","","no-primary-question-link","Not a verified choice-level coverage measurement; zero is not proof of irrelevance"
"DX-G07-003","G07","7.1","対策の進捗評価","0","0","","no-primary-question-link","Not a verified choice-level coverage measurement; zero is not proof of irrelevance"
"DX-G07-004","G07","7.2","自治体の立入検査","0","0","","no-primary-question-link","Not a verified choice-level coverage measurement; zero is not proof of irrelevance"
"DX-G07-005","G07","7.2","施設指導と命令","0","0","","no-primary-question-link","Not a verified choice-level coverage measurement; zero is not proof of irrelevance"
"DX-G07-006","G07","7.2","上乗せ条例","0","0","","no-primary-question-link","Not a verified choice-level coverage measurement; zero is not proof of irrelevance"
"DX-G07-007","G07","7.3","大気・水・土壌の監視","0","0","","no-primary-question-link","Not a verified choice-level coverage measurement; zero is not proof of irrelevance"
"DX-G07-008","G07","7.3","測定結果公表","0","0","","no-primary-question-link","Not a verified choice-level coverage measurement; zero is not proof of irrelevance"
"DX-G07-009","G07","7.3","施行状況の集計","0","0","","no-primary-question-link","Not a verified choice-level coverage measurement; zero is not proof of irrelevance"
"DX-G07-010","G07","7.4","土壌対策地域","0","0","","no-primary-question-link","Not a verified choice-level coverage measurement; zero is not proof of irrelevance"
"DX-G07-011","G07","7.4","底質等への対策","0","0","","no-primary-question-link","Not a verified choice-level coverage measurement; zero is not proof of irrelevance"
"DX-G07-012","G07","7.4","周辺住民への説明","0","0","","no-primary-question-link","Not a verified choice-level coverage measurement; zero is not proof of irrelevance"
"DX-A01-001","A01","8.1","燃焼温度と安定化","7","4","R04-A-Q01 R05-A-Q01 R06-A-Q01 R06-A-Q02 R06-A-Q03 R07-A-Q01 R07-A-Q02","provisional-exam-link","Not a verified choice-level coverage measurement; zero is not proof of irrelevance"
"DX-A01-002","A01","8.1","混合・空気比・滞留","5","4","R04-A-Q01 R05-A-Q01 R06-A-Q01 R06-A-Q02 R07-A-Q02","provisional-exam-link","Not a verified choice-level coverage measurement; zero is not proof of irrelevance"
"DX-A01-003","A01","8.1","COと燃焼管理の関係","0","0","","no-primary-question-link","Not a verified choice-level coverage measurement; zero is not proof of irrelevance"
"DX-A01-004","A01","8.2","排ガス急冷","0","0","","no-primary-question-link","Not a verified choice-level coverage measurement; zero is not proof of irrelevance"
"DX-A01-005","A01","8.2","集じん温度とde novo反応","2","2","R04-A-Q12 R05-A-Q01","provisional-exam-link","Not a verified choice-level coverage measurement; zero is not proof of irrelevance"
"DX-A01-006","A01","8.3","バグフィルターと粒子除去","16","5","R03-A-Q01 R03-A-Q02 R03-A-Q04 R04-A-Q02 R04-A-Q03 R04-A-Q04 R05-A-Q02 R05-A-Q03 R05-A-Q04 R05-A-Q05 R06-A-Q04 R06-A-Q05","provisional-exam-link","Not a verified choice-level coverage measurement; zero is not proof of irrelevance"
"DX-A01-007","A01","8.4","活性炭吸着","9","5","R03-A-Q06 R03-A-Q07 R04-A-Q06 R04-A-Q07 R05-A-Q08 R05-A-Q09 R06-A-Q09 R07-A-Q04 R07-A-Q06","provisional-exam-link","Not a verified choice-level coverage measurement; zero is not proof of irrelevance"
"DX-A01-008","A01","8.4","触媒分解","6","5","R03-A-Q03 R03-A-Q05 R04-A-Q05 R05-A-Q07 R06-A-Q08 R07-A-Q04","provisional-exam-link","Not a verified choice-level coverage measurement; zero is not proof of irrelevance"
"DX-A01-009","A01","8.3","湿式洗浄の特性","2","2","R05-A-Q06 R06-A-Q07","provisional-exam-link","Not a verified choice-level coverage measurement; zero is not proof of irrelevance"
"DX-A01-010","A01","8.5","焼却灰・飛灰への分配","0","0","","no-primary-question-link","Not a verified choice-level coverage measurement; zero is not proof of irrelevance"
"DX-A01-011","A01","8.5","飛灰の安定化・分解技術","0","0","","no-primary-question-link","Not a verified choice-level coverage measurement; zero is not proof of irrelevance"
"DX-A01-012","A01","8.6","連続的な燃焼監視","0","0","","no-primary-question-link","Not a verified choice-level coverage measurement; zero is not proof of irrelevance"
"DX-A01-013","A01","8.6","定期測定と原因調査","0","0","","no-primary-question-link","Not a verified choice-level coverage measurement; zero is not proof of irrelevance"
"DX-A01-014","A01","8.6","起動停止や異常時対応","4","4","R03-A-Q06 R04-A-Q07 R06-A-Q09 R07-A-Q03","provisional-exam-link","Not a verified choice-level coverage measurement; zero is not proof of irrelevance"
"DX-A02-001","A02","9.2","焼結炉","3","3","R03-A-Q08 R06-A-Q10 R07-A-Q07","provisional-exam-link","Not a verified choice-level coverage measurement; zero is not proof of irrelevance"
"DX-A02-002","A02","9.2","製鋼用電気炉","3","3","R03-A-Q09 R06-A-Q11 R07-A-Q08","provisional-exam-link","Not a verified choice-level coverage measurement; zero is not proof of irrelevance"
"DX-A02-003","A02","9.1","非鉄金属系炉","0","0","","no-primary-question-link","Not a verified choice-level coverage measurement; zero is not proof of irrelevance"
"DX-A02-004","A02","9.3","廃棄物焼却炉","0","0","","no-primary-question-link","Not a verified choice-level coverage measurement; zero is not proof of irrelevance"
"DX-A02-005","A02","9.4","焼却炉の火床面積と焼却能力","0","0","","no-primary-question-link","Not a verified choice-level coverage measurement; zero is not proof of irrelevance"
"DX-A02-006","A02","9.4","複数炉の合算","0","0","","no-primary-question-link","Not a verified choice-level coverage measurement; zero is not proof of irrelevance"
"DX-A02-007","A02","9.4","工程別規模要件","0","0","","no-primary-question-link","Not a verified choice-level coverage measurement; zero is not proof of irrelevance"
"DX-A02-008","A02","9.4","新設施設と既設施設","0","0","","no-primary-question-link","Not a verified choice-level coverage measurement; zero is not proof of irrelevance"
"DX-A02-009","A02","9.4","規模別排出基準","0","0","","no-primary-question-link","Not a verified choice-level coverage measurement; zero is not proof of irrelevance"
"DX-A02-010","A02","9.4","条件換算とTEQ単位","0","0","","no-primary-question-link","Not a verified choice-level coverage measurement; zero is not proof of irrelevance"
"DX-A02-011","A02","9.4","設置届出と対象判定","0","0","","no-primary-question-link","Not a verified choice-level coverage measurement; zero is not proof of irrelevance"
"DX-A02-012","A02","9.4","排出ガス測定点・排出口","0","0","","no-primary-question-link","Not a verified choice-level coverage measurement; zero is not proof of irrelevance"
"DX-A02-013","A02","9.4","関連する一般廃棄物焼却の規制","0","0","","no-primary-question-link","Not a verified choice-level coverage measurement; zero is not proof of irrelevance"
"DX-A03-001","A03","10.1","湿式排ガス処理排水","0","0","","no-primary-question-link","Not a verified choice-level coverage measurement; zero is not proof of irrelevance"
"DX-A03-002","A03","10.1","化学製造工程排水","0","0","","no-primary-question-link","Not a verified choice-level coverage measurement; zero is not proof of irrelevance"
"DX-A03-003","A03","10.1","粒子・有機物への吸着","5","5","R03-A-Q12 R04-A-Q14 R05-A-Q13 R06-A-Q13 R07-A-Q11","provisional-exam-link","Not a verified choice-level coverage measurement; zero is not proof of irrelevance"
"DX-A03-004","A03","10.2","沈殿・凝集","2","2","R03-A-Q13 R07-A-Q12","provisional-exam-link","Not a verified choice-level coverage measurement; zero is not proof of irrelevance"
"DX-A03-005","A03","10.2","ろ過・膜分離","7","5","R03-A-Q12 R03-A-Q14 R04-A-Q14 R05-A-Q13 R06-A-Q13 R06-A-Q14 R07-A-Q11","provisional-exam-link","Not a verified choice-level coverage measurement; zero is not proof of irrelevance"
"DX-A03-006","A03","10.2","吸着・活性炭","4","4","R03-A-Q12 R04-A-Q14 R05-A-Q13 R06-A-Q13","provisional-exam-link","Not a verified choice-level coverage measurement; zero is not proof of irrelevance"
"DX-A03-007","A03","10.3","SS除去と負荷低減","1","1","R05-A-Q14","provisional-exam-link","Not a verified choice-level coverage measurement; zero is not proof of irrelevance"
"DX-A03-008","A03","10.3","汚泥への移行と管理","1","1","R05-A-Q14","provisional-exam-link","Not a verified choice-level coverage measurement; zero is not proof of irrelevance"
"DX-A03-009","A03","10.3","複数工程の組合せ","0","0","","no-primary-question-link","Not a verified choice-level coverage measurement; zero is not proof of irrelevance"
"DX-A03-010","A03","10.4","採水・変動への対応","0","0","","no-primary-question-link","Not a verified choice-level coverage measurement; zero is not proof of irrelevance"
"DX-A03-011","A03","10.4","水質基準への適合管理","0","0","","no-primary-question-link","Not a verified choice-level coverage measurement; zero is not proof of irrelevance"
"DX-A03-012","A03","10.4","異常時の追跡","0","0","","no-primary-question-link","Not a verified choice-level coverage measurement; zero is not proof of irrelevance"
"DX-A04-001","A04","11.2","パルプの塩素系漂白","3","3","R04-A-Q15 R05-A-Q15 R07-A-Q13","provisional-exam-link","Not a verified choice-level coverage measurement; zero is not proof of irrelevance"
"DX-A04-002","A04","11.2","化学製造・洗浄","0","0","","no-primary-question-link","Not a verified choice-level coverage measurement; zero is not proof of irrelevance"
"DX-A04-003","A04","11.3","非鉄金属・排ガス洗浄","0","0","","no-primary-question-link","Not a verified choice-level coverage measurement; zero is not proof of irrelevance"
"DX-A04-004","A04","11.3","廃棄物焼却の湿式排ガス処理・灰ピット","0","0","","no-primary-question-link","Not a verified choice-level coverage measurement; zero is not proof of irrelevance"
"DX-A04-005","A04","11.3","PCB関連処理施設","0","0","","no-primary-question-link","Not a verified choice-level coverage measurement; zero is not proof of irrelevance"
"DX-A04-006","A04","11.4","下水道終末処理施設","0","0","","no-primary-question-link","Not a verified choice-level coverage measurement; zero is not proof of irrelevance"
"DX-A04-007","A04","11.4","対象排水の処理施設","0","0","","no-primary-question-link","Not a verified choice-level coverage measurement; zero is not proof of irrelevance"
"DX-A04-008","A04","11.4","対象施設と事業場排水の違い","0","0","","no-primary-question-link","Not a verified choice-level coverage measurement; zero is not proof of irrelevance"
"DX-A04-009","A04","11.5","水質排出基準の適用単位","0","0","","no-primary-question-link","Not a verified choice-level coverage measurement; zero is not proof of irrelevance"
"DX-A04-010","A04","11.5","公共用水域・下水道への排出","0","0","","no-primary-question-link","Not a verified choice-level coverage measurement; zero is not proof of irrelevance"
"DX-A04-011","A04","11.5","対象判定と届出","0","0","","no-primary-question-link","Not a verified choice-level coverage measurement; zero is not proof of irrelevance"
"DX-A05-001","A05","12.1","排出ガス・排出水・灰・環境媒体","1","1","R03-A-Q17","provisional-exam-link","Not a verified choice-level coverage measurement; zero is not proof of irrelevance"
"DX-A05-002","A05","12.1","異性体別測定","0","0","","no-primary-question-link","Not a verified choice-level coverage measurement; zero is not proof of irrelevance"
"DX-A05-003","A05","12.1","単位と試料の換算","10","5","R03-A-Q20 R03-A-Q24 R04-A-Q22 R04-A-Q23 R05-A-Q18 R05-A-Q20 R06-A-Q17 R06-A-Q23 R07-A-Q19 R07-A-Q23","provisional-exam-link","Not a verified choice-level coverage measurement; zero is not proof of irrelevance"
"DX-A05-004","A05","12.2","排ガス採取の原理","2","2","R03-A-Q18 R07-A-Q16","provisional-exam-link","Not a verified choice-level coverage measurement; zero is not proof of irrelevance"
"DX-A05-005","A05","12.2","粒子とガスの捕集","2","2","R03-A-Q19 R07-A-Q17","provisional-exam-link","Not a verified choice-level coverage measurement; zero is not proof of irrelevance"
"DX-A05-006","A05","12.2","排水・底質・土壌の採取","1","1","R07-A-Q18","provisional-exam-link","Not a verified choice-level coverage measurement; zero is not proof of irrelevance"
"DX-A05-007","A05","12.3","試料の前処理と抽出","6","4","R03-A-Q17 R03-A-Q21 R04-A-Q18 R04-A-Q25 R05-A-Q19 R07-A-Q20","provisional-exam-link","Not a verified choice-level coverage measurement; zero is not proof of irrelevance"
"DX-A05-008","A05","12.3","精製・クリーンアップ","4","3","R04-A-Q17 R04-A-Q19 R06-A-Q18 R07-A-Q20","provisional-exam-link","Not a verified choice-level coverage measurement; zero is not proof of irrelevance"
"DX-A05-009","A05","12.3","内標準物質の添加","8","5","R03-A-Q17 R04-A-Q19 R04-A-Q24 R05-A-Q17 R05-A-Q21 R06-A-Q20 R06-A-Q24 R07-A-Q15","provisional-exam-link","Not a verified choice-level coverage measurement; zero is not proof of irrelevance"
"DX-A05-010","A05","12.4","GCでの異性体分離","1","1","R06-A-Q19","provisional-exam-link","Not a verified choice-level coverage measurement; zero is not proof of irrelevance"
"DX-A05-011","A05","12.4","HRGC/HRMS","8","5","R03-A-Q22 R04-A-Q20 R05-A-Q17 R06-A-Q19 R06-A-Q21 R07-G-Q01 R07-A-Q21 R07-A-Q22","provisional-exam-link","Not a verified choice-level coverage measurement; zero is not proof of irrelevance"
"DX-A05-012","A05","12.4","同位体希釈定量","8","5","R03-A-Q23 R04-A-Q20 R04-A-Q24 R05-A-Q21 R06-A-Q21 R06-A-Q22 R06-A-Q24 R07-A-Q22","provisional-exam-link","Not a verified choice-level coverage measurement; zero is not proof of irrelevance"
"DX-A05-013","A05","12.5","濃度からTEQへの計算","1","1","R05-A-Q22","provisional-exam-link","Not a verified choice-level coverage measurement; zero is not proof of irrelevance"
"DX-A05-014","A05","12.5","検出下限・定量下限","16","5","R03-A-Q20 R03-A-Q24 R03-A-Q25 R04-A-Q21 R04-A-Q22 R04-A-Q23 R05-A-Q18 R05-A-Q20 R05-A-Q23 R06-A-Q17 R06-A-Q22 R06-A-Q23","provisional-exam-link","Not a verified choice-level coverage measurement; zero is not proof of irrelevance"
"DX-A05-015","A05","12.5","未検出値の扱い","2","2","R05-A-Q22 R07-A-Q24","provisional-exam-link","Not a verified choice-level coverage measurement; zero is not proof of irrelevance"
"DX-A05-016","A05","12.6","ブランク・回収率","9","5","R03-A-Q25 R04-A-Q25 R05-A-Q23 R05-A-Q24 R05-A-Q25 R06-A-Q20 R06-A-Q25 R07-A-Q15 R07-A-Q25","provisional-exam-link","Not a verified choice-level coverage measurement; zero is not proof of irrelevance"
"DX-A05-017","A05","12.6","検量線と精度管理","3","2","R03-A-Q22 R03-A-Q23 R05-A-Q25","provisional-exam-link","Not a verified choice-level coverage measurement; zero is not proof of irrelevance"
"DX-A05-018","A05","12.6","簡易測定法と公定法","0","0","","no-primary-question-link","Not a verified choice-level coverage measurement; zero is not proof of irrelevance"
"DX-A05-019","A05","12.7","JIS K 0311:2020","7","3","R03-A-Q18 R03-A-Q19 R05-G-Q03 R07-A-Q16 R07-A-Q17 R07-A-Q21 R07-A-Q24","provisional-exam-link","Not a verified choice-level coverage measurement; zero is not proof of irrelevance"
"DX-A05-020","A05","12.7","JIS K 0312:2020","2","2","R03-A-Q21 R07-A-Q18","provisional-exam-link","Not a verified choice-level coverage measurement; zero is not proof of irrelevance"
"DX-A05-021","A05","12.7","環境省の大気・土壌・底質マニュアル","1","1","R05-G-Q01","provisional-exam-link","Not a verified choice-level coverage measurement; zero is not proof of irrelevance"
"DX-A02-014","A02","9.2","銑鉄製造用の焼結鉱をつくる焼結炉（令別表第一第1号）","6","5","R03-G-Q05 R04-A-Q08 R05-G-Q05 R05-A-Q10 R06-A-Q10 R07-A-Q07","provisional-exam-link","Not a verified choice-level coverage measurement; zero is not proof of irrelevance"
"DX-A02-015","A02","9.2","製鋼用電気炉（令別表第一第2号）","6","5","R03-G-Q05 R03-A-Q09 R04-A-Q09 R05-A-Q11 R06-A-Q11 R07-A-Q08","provisional-exam-link","Not a verified choice-level coverage measurement; zero is not proof of irrelevance"
"DX-A02-016","A02","9.2","製鋼用電気炉の集じんダストからの亜鉛回収（令別表第一第3号）","4","4","R03-A-Q10 R04-A-Q10 R06-A-Q12 R07-A-Q09","provisional-exam-link","Not a verified choice-level coverage measurement; zero is not proof of irrelevance"
"DX-A02-017","A02","9.3","アルミニウムくずを原料とするアルミ合金製造（令別表第一第4号）","5","4","R03-A-Q11 R04-A-Q11 R04-A-Q12 R05-A-Q12 R07-A-Q10","provisional-exam-link","Not a verified choice-level coverage measurement; zero is not proof of irrelevance"
"DX-A02-018","A02","9.3","廃棄物焼却炉（令別表第一第5号）","2","2","R05-G-Q05 R06-G-Q05","provisional-exam-link","Not a verified choice-level coverage measurement; zero is not proof of irrelevance"
"DX-A02-019","A02","9.4","新設・既設の基準適用と1997年12月2日の例外","0","0","","no-primary-question-link","Not a verified choice-level coverage measurement; zero is not proof of irrelevance"
"DX-A02-020","A02","9.4","焼却炉の複数炉合算と二段階の能力判定","0","0","","no-primary-question-link","Not a verified choice-level coverage measurement; zero is not proof of irrelevance"
"DX-A02-021","A02","9.4","施設ごとの大気排出基準と酸素補正","1","1","R03-G-Q04","provisional-exam-link","Not a verified choice-level coverage measurement; zero is not proof of irrelevance"
"DX-A04-012","A04","11.2","クラフトパルプまたはサルファイトパルプの塩素系漂白（令別表第二第1号）","2","1","R07-G-Q04 R07-A-Q13","provisional-exam-link","Not a verified choice-level coverage measurement; zero is not proof of irrelevance"
"DX-A04-013","A04","11.2","カーバイド法アセチレン製造に伴う洗浄（令別表第二第2号）","4","3","R03-A-Q16 R05-G-Q05 R05-A-Q16 R06-G-Q05","provisional-exam-link","Not a verified choice-level coverage measurement; zero is not proof of irrelevance"
"DX-A04-014","A04","11.2","硫酸カリウム製造の排ガス処理（令別表第二第3号）","1","1","R06-G-Q05","provisional-exam-link","Not a verified choice-level coverage measurement; zero is not proof of irrelevance"
"DX-A04-015","A04","11.2","アルミナ繊維製造の排ガス処理（令別表第二第4号）","1","1","R05-G-Q05","provisional-exam-link","Not a verified choice-level coverage measurement; zero is not proof of irrelevance"
"DX-A04-016","A04","11.2","塩素系原料を使う担体付き触媒製造炉の排ガス処理（令別表第二第5号）","0","0","","no-primary-question-link","Not a verified choice-level coverage measurement; zero is not proof of irrelevance"
"DX-A04-017","A04","11.2","塩化ビニルモノマー製造の二塩化エチレン洗浄（令別表第二第6号）","4","3","R04-A-Q16 R05-G-Q05 R06-G-Q05 R06-A-Q15","provisional-exam-link","Not a verified choice-level coverage measurement; zero is not proof of irrelevance"
"DX-A04-018","A04","11.2","塩化ニトロシルを使うカプロラクタム製造（令別表第二第7号）","0","0","","no-primary-question-link","Not a verified choice-level coverage measurement; zero is not proof of irrelevance"
"DX-A04-019","A04","11.2","クロロベンゼンまたはジクロロベンゼン製造（令別表第二第8号）","2","2","R03-A-Q15 R06-A-Q16","provisional-exam-link","Not a verified choice-level coverage measurement; zero is not proof of irrelevance"
"DX-A04-020","A04","11.2","4-クロロフタル酸水素ナトリウム製造（令別表第二第9号）","1","1","R07-A-Q14","provisional-exam-link","Not a verified choice-level coverage measurement; zero is not proof of irrelevance"
"DX-A04-021","A04","11.2","2,3-ジクロロ-1,4-ナフトキノン製造（令別表第二第10号）","1","1","R04-G-Q05","provisional-exam-link","Not a verified choice-level coverage measurement; zero is not proof of irrelevance"
"DX-A04-022","A04","11.2","ジオキサジンバイオレット製造（令別表第二第11号）","0","0","","no-primary-question-link","Not a verified choice-level coverage measurement; zero is not proof of irrelevance"
"DX-A04-023","A04","11.3","アルミニウムまたはその合金の炉の排ガス処理（令別表第二第12号）","0","0","","no-primary-question-link","Not a verified choice-level coverage measurement; zero is not proof of irrelevance"
"DX-A04-024","A04","11.3","製鋼用電気炉ばいじんからの亜鉛回収（令別表第二第13号）","0","0","","no-primary-question-link","Not a verified choice-level coverage measurement; zero is not proof of irrelevance"
"DX-A04-025","A04","11.3","使用済み担体付き触媒からの金属回収（令別表第二第14号）","0","0","","no-primary-question-link","Not a verified choice-level coverage measurement; zero is not proof of irrelevance"
"DX-A04-026","A04","11.3","特定廃棄物焼却炉の湿式ガス処理・灰貯留（令別表第二第15号）","0","0","","no-primary-question-link","Not a verified choice-level coverage measurement; zero is not proof of irrelevance"
"DX-A04-027","A04","11.3","廃PCB等の分解およびPCB汚染物等の洗浄・分離（令別表第二第16号）","0","0","","no-primary-question-link","Not a verified choice-level coverage measurement; zero is not proof of irrelevance"
"DX-A04-028","A04","11.3","特定フロン類を一定の方法で破壊（令別表第二第17号）","1","1","R03-G-Q05","provisional-exam-link","Not a verified choice-level coverage measurement; zero is not proof of irrelevance"
"DX-A04-029","A04","11.4","指定対象排水を受け入れる下水道終末処理（令別表第二第18号）","0","0","","no-primary-question-link","Not a verified choice-level coverage measurement; zero is not proof of irrelevance"
"DX-A04-030","A04","11.4","指定施設を持つ事業場からの水の処理（令別表第二第19号）","0","0","","no-primary-question-link","Not a verified choice-level coverage measurement; zero is not proof of irrelevance"
"DX-A04-031","A04","11.5","水質排出基準10 pg-TEQ/Lと環境基準の区別","0","0","","no-primary-question-link","Not a verified choice-level coverage measurement; zero is not proof of irrelevance"
"DX-A04-032","A04","11.5","水質排出の対象は施設からではなく事業場排出水","0","0","","no-primary-question-link","Not a verified choice-level coverage measurement; zero is not proof of irrelevance"
"DX-A04-033","A04","11.4","水質第18号・第19号の汚水由来と除外条件","0","0","","no-primary-question-link","Not a verified choice-level coverage measurement; zero is not proof of irrelevance"
"DX-A04-034","A04","11.5","排出水基準と水質対象施設の条件付き指定","0","0","","no-primary-question-link","Not a verified choice-level coverage measurement; zero is not proof of irrelevance"
"DX-G05-015","G05","5.2","前駆体経路とde novo合成の併存・判別上の限界","0","0","","no-primary-question-link","New structural candidate; choice-link and source-content verification pending"
"DX-A01-015","A01","8.3","電気集じんの放電・粒子比抵抗・逆電離","0","0","","no-primary-question-link","New structural candidate; choice-link and source-content verification pending"
"DX-A02-022","A02","9.1","大気5号の工程別分類と生成・対策の比較","0","0","","no-primary-question-link","New structural candidate; choice-link and source-content verification pending"
"DX-A04-035","A04","11.1","水質特定施設19号の用途・工程別分類","0","0","","no-primary-question-link","New structural candidate; choice-link and source-content verification pending"
"DX-A04-036","A04","11.1","水質特定施設と事業場排出水の法的区別（導入）","0","0","","no-primary-question-link","New structural candidate; choice-link and source-content verification pending"
"DX-A04-037","A04","11.5","水質対象施設の届出・測定と適用条件の総合判断","0","0","","no-primary-question-link","New structural candidate; choice-link and source-content verification pending"
"DX-G01-022","G01","1.4","公害防止組織法とダイ特法の施設指定の違い","0","0","","no-primary-question-link","new pass28 item; question-level aggregation not recoded"
"DX-G01-023","G01","1.1","特措法附則第2条の臭素系ダイオキシン調査研究","0","0","","no-primary-question-link","new pass28 item; question-level aggregation not recoded"
"DX-G03-014","G03","3.5","特定施設の設置基数・構成比と排出量の違い","0","0","","no-primary-question-link","new pass28 item; question-level aggregation not recoded"
"DX-G04-016","G04","4.2","TEF付与異性体数の同族体別集計","0","0","","no-primary-question-link","new pass28 item; question-level aggregation not recoded"
"DX-G04-017","G04","4.4","PCBの塩素数別融点・蒸気圧の物性表","0","0","","no-primary-question-link","new pass28 item; question-level aggregation not recoded"
"DX-G04-018","G04","4.3","臭素系ダイオキシン類の暫定TEF援用と正式係数","0","0","","no-primary-question-link","new pass28 item; question-level aggregation not recoded"
"DX-A01-016","A01","8.4","触媒分解率・SV・処理流量の算定","0","0","","no-primary-question-link","new pass28 item; question-level aggregation not recoded"
