knowledge_id,canonical_id,chapter,section,knowledge_title,editorial_role,role_basis,source_candidates,editorial_classification_status,evidence_verification_status,retention,next_action
"DX-I-001","DX-I-001","I","0.1","物質群と単一物質","章間橋渡し","概論・特論の前提を作る導入。対象の論点：物質群と単一物質","S01 S02 P01 L01 S03","provisional-item-and-chapter-based","to-verify-original-sources","retain-pending-syllabus-and-expert-review","この論点の必要性・内容・出典適用時点を独立確認（0リンクのみを理由に削除しない）"
"DX-I-002","DX-I-002","I","0.1","PCDDとPCDFの構造差","章間橋渡し","概論・特論の前提を作る導入。対象の論点：PCDDとPCDFの構造差","S01 S02 P01 L01 S03","provisional-item-and-chapter-based","to-verify-original-sources","retain-pending-syllabus-and-expert-review","この論点の必要性・内容・出典適用時点を独立確認（0リンクのみを理由に削除しない）"
"DX-I-003","DX-I-003","I","0.1","ダイオキシン様PCB","章間橋渡し","概論・特論の前提を作る導入。対象の論点：ダイオキシン様PCB","S01 S02 P01 L01 S03","provisional-item-and-chapter-based","to-verify-original-sources","retain-pending-syllabus-and-expert-review","この論点の必要性・内容・出典適用時点を独立確認（0リンクのみを理由に削除しない）"
"DX-I-004","DX-I-004","I","0.2","毒性の異なる異性体","章間橋渡し","概論・特論の前提を作る導入。対象の論点：毒性の異なる異性体","S01 S02 P01 L01 S03","provisional-item-and-chapter-based","to-verify-original-sources","retain-pending-syllabus-and-expert-review","この論点の必要性・内容・出典適用時点を独立確認（0リンクのみを理由に削除しない）"
"DX-I-005","DX-I-005","I","0.2","TEFとTEQという共通指標","章間橋渡し","概論・特論の前提を作る導入。対象の論点：TEFとTEQという共通指標","S01 S02 P01 L01 S03","provisional-item-and-chapter-based","to-verify-original-sources","retain-pending-syllabus-and-expert-review","この論点の必要性・内容・出典適用時点を独立確認（0リンクのみを理由に削除しない）"
"DX-I-006","DX-I-006","I","0.3","非意図的生成と排出","章間橋渡し","概論・特論の前提を作る導入。対象の論点：非意図的生成と排出","S01 S02 P01 L01 S03","provisional-item-and-chapter-based","to-verify-original-sources","retain-pending-syllabus-and-expert-review","この論点の必要性・内容・出典適用時点を独立確認（0リンクのみを理由に削除しない）"
"DX-I-007","DX-I-007","I","0.3","環境残留と食物連鎖","章間橋渡し","概論・特論の前提を作る導入。対象の論点：環境残留と食物連鎖","S01 S02 P01 L01 S03","provisional-item-and-chapter-based","to-verify-original-sources","retain-pending-syllabus-and-expert-review","この論点の必要性・内容・出典適用時点を独立確認（0リンクのみを理由に削除しない）"
"DX-I-008","DX-I-008","I","0.3","人の曝露経路","章間橋渡し","概論・特論の前提を作る導入。対象の論点：人の曝露経路","S01 S02 P01 L01 S03","provisional-item-and-chapter-based","to-verify-original-sources","retain-pending-syllabus-and-expert-review","この論点の必要性・内容・出典適用時点を独立確認（0リンクのみを理由に削除しない）"
"DX-I-009","DX-I-009","I","0.4","日本の焼却問題と制度化","章間橋渡し","概論・特論の前提を作る導入。対象の論点：日本の焼却問題と制度化","S01 S02 P01 L01 S03","provisional-item-and-chapter-based","to-verify-original-sources","retain-pending-syllabus-and-expert-review","この論点の必要性・内容・出典適用時点を独立確認（0リンクのみを理由に削除しない）"
"DX-I-010","DX-I-010","I","0.4","ストックホルム条約と国際協調","章間橋渡し","概論・特論の前提を作る導入。対象の論点：ストックホルム条約と国際協調","S01 S02 P01 L01 S03","provisional-item-and-chapter-based","to-verify-original-sources","retain-pending-syllabus-and-expert-review","この論点の必要性・内容・出典適用時点を独立確認（0リンクのみを理由に削除しない）"
"DX-I-011","DX-I-011","I","0.5","TDIと環境基準と排出基準の役割","章間橋渡し","概論・特論の前提を作る導入。対象の論点：TDIと環境基準と排出基準の役割","S01 S02 P01 L01 S03","provisional-item-and-chapter-based","to-verify-original-sources","retain-pending-syllabus-and-expert-review","この論点の必要性・内容・出典適用時点を独立確認（0リンクのみを理由に削除しない）"
"DX-I-012","DX-I-012","I","0.5","概論と特論の接続","章間橋渡し","概論・特論の前提を作る導入。対象の論点：概論と特論の接続","S01 S02 P01 L01 S03","provisional-item-and-chapter-based","to-verify-original-sources","retain-pending-syllabus-and-expert-review","この論点の必要性・内容・出典適用時点を独立確認（0リンクのみを理由に削除しない）"
"DX-G01-003","DX-G01-003","G01","1.1","地方条例と上乗せ","法令・制度必須","法的根拠・環境基準・排出義務の説明。対象の論点：地方条例と上乗せ","L01 L02 L03 L04 L05 L06","provisional-item-and-chapter-based","to-verify-original-sources","retain-pending-syllabus-and-expert-review","この論点の必要性・内容・出典適用時点を独立確認（0リンクのみを理由に削除しない）"
"DX-G01-006","DX-G01-006","G01","1.2","TEQの法規への利用","法令・制度必須","法的根拠・環境基準・排出義務の説明。対象の論点：TEQの法規への利用","L01 L02 L03 L04 L05 L06","provisional-item-and-chapter-based","to-verify-original-sources","retain-pending-syllabus-and-expert-review","この論点の必要性・内容・出典適用時点を独立確認（0リンクのみを理由に削除しない）"
"DX-G01-012","DX-G01-012","G01","1.4","水質基準対象施設","法令・制度必須","法的根拠・環境基準・排出義務の説明。対象の論点：水質基準対象施設","L01 L02 L03 L04 L05 L06","provisional-item-and-chapter-based","to-verify-original-sources","retain-pending-syllabus-and-expert-review","この論点の必要性・内容・出典適用時点を独立確認（0リンクのみを理由に削除しない）"
"DX-G01-014","DX-G01-014","G01","1.4","水質排出基準","法令・制度必須","法的根拠・環境基準・排出義務の説明。対象の論点：水質排出基準","L01 L02 L03 L04 L05 L06","provisional-item-and-chapter-based","to-verify-original-sources","retain-pending-syllabus-and-expert-review","この論点の必要性・内容・出典適用時点を独立確認（0リンクのみを理由に削除しない）"
"DX-G01-020","DX-G01-020","G01","1.6","ばいじん・燃え殻規制","法令・制度必須","法的根拠・環境基準・排出義務の説明。対象の論点：ばいじん・燃え殻規制","L01 L02 L03 L04 L05 L06","provisional-item-and-chapter-based","to-verify-original-sources","retain-pending-syllabus-and-expert-review","この論点の必要性・内容・出典適用時点を独立確認（0リンクのみを理由に削除しない）"
"DX-G01-021","DX-G01-021","G01","1.6","廃棄物処理法との関係","法令・制度必須","法的根拠・環境基準・排出義務の説明。対象の論点：廃棄物処理法との関係","L01 L02 L03 L04 L05 L06","provisional-item-and-chapter-based","to-verify-original-sources","retain-pending-syllabus-and-expert-review","この論点の必要性・内容・出典適用時点を独立確認（0リンクのみを理由に削除しない）"
"DX-G02-004","DX-G02-004","G02","2.2","旧ガイドラインからの対策","背景・統計必須","ダイオキシン類問題の歴史的背景。対象の論点：旧ガイドラインからの対策","P01 S01 S02 S03 L09","provisional-item-and-chapter-based","to-verify-original-sources","retain-pending-syllabus-and-expert-review","この論点の必要性・内容・出典適用時点を独立確認（0リンクのみを理由に削除しない）"
"DX-G02-006","DX-G02-006","G02","2.3","制度導入後の排出削減","背景・統計必須","ダイオキシン類問題の歴史的背景。対象の論点：制度導入後の排出削減","P01 S01 S02 S03 L09","provisional-item-and-chapter-based","to-verify-original-sources","retain-pending-syllabus-and-expert-review","この論点の必要性・内容・出典適用時点を独立確認（0リンクのみを理由に削除しない）"
"DX-G02-007","DX-G02-007","G02","2.4","POPsの性質","背景・統計必須","ダイオキシン類問題の歴史的背景。対象の論点：POPsの性質","P01 S01 S02 S03 L09","provisional-item-and-chapter-based","to-verify-original-sources","retain-pending-syllabus-and-expert-review","この論点の必要性・内容・出典適用時点を独立確認（0リンクのみを理由に削除しない）"
"DX-G02-008","DX-G02-008","G02","2.4","附属書Cの非意図的生成","背景・統計必須","ダイオキシン類問題の歴史的背景。対象の論点：附属書Cの非意図的生成","P01 S01 S02 S03 L09","provisional-item-and-chapter-based","to-verify-original-sources","retain-pending-syllabus-and-expert-review","この論点の必要性・内容・出典適用時点を独立確認（0リンクのみを理由に削除しない）"
"DX-G02-009","DX-G02-009","G02","2.4","BATとBEP","背景・統計必須","ダイオキシン類問題の歴史的背景。対象の論点：BATとBEP","P01 S01 S02 S03 L09","provisional-item-and-chapter-based","to-verify-original-sources","retain-pending-syllabus-and-expert-review","この論点の必要性・内容・出典適用時点を独立確認（0リンクのみを理由に削除しない）"
"DX-G03-001","DX-G03-001","G03","3.1","排出量の単位g-TEQ","背景・統計必須","排出・環境データを解釈する基礎。対象の論点：排出量の単位g-TEQ","P03 P04 P05 P06 S04","provisional-item-and-chapter-based","to-verify-original-sources","retain-pending-syllabus-and-expert-review","この論点の必要性・内容・出典適用時点を独立確認（0リンクのみを理由に削除しない）"
"DX-G03-003","DX-G03-003","G03","3.1","インベントリーと測定値の違い","背景・統計必須","排出・環境データを解釈する基礎。対象の論点：インベントリーと測定値の違い","P03 P04 P05 P06 S04","provisional-item-and-chapter-based","to-verify-original-sources","retain-pending-syllabus-and-expert-review","この論点の必要性・内容・出典適用時点を独立確認（0リンクのみを理由に削除しない）"
"DX-G03-012","DX-G03-012","G03","3.5","公表日と差替日","背景・統計必須","排出・環境データを解釈する基礎。対象の論点：公表日と差替日","P03 P04 P05 P06 S04","provisional-item-and-chapter-based","to-verify-original-sources","retain-pending-syllabus-and-expert-review","この論点の必要性・内容・出典適用時点を独立確認（0リンクのみを理由に削除しない）"
"DX-G03-013","DX-G03-013","G03","3.5","最新統計の更新ルール","背景・統計必須","排出・環境データを解釈する基礎。対象の論点：最新統計の更新ルール","P03 P04 P05 P06 S04","provisional-item-and-chapter-based","to-verify-original-sources","retain-pending-syllabus-and-expert-review","この論点の必要性・内容・出典適用時点を独立確認（0リンクのみを理由に削除しない）"
"DX-G04-008","DX-G04-008","G04","4.3","TEQ算定の演習","科学基礎必須","物質構造、異性体、毒性等量・物性の基礎。対象の論点：TEQ算定の演習","S01 S02 T01 S05","provisional-item-and-chapter-based","to-verify-original-sources","retain-pending-syllabus-and-expert-review","この論点の必要性・内容・出典適用時点を独立確認（0リンクのみを理由に削除しない）"
"DX-G04-013","DX-G04-013","G04","4.5","大気と土壌・水域間の移動","科学基礎必須","物質構造、異性体、毒性等量・物性の基礎。対象の論点：大気と土壌・水域間の移動","S01 S02 T01 S05","provisional-item-and-chapter-based","to-verify-original-sources","retain-pending-syllabus-and-expert-review","この論点の必要性・内容・出典適用時点を独立確認（0リンクのみを理由に削除しない）"
"DX-G04-015","DX-G04-015","G04","4.5","異性体組成と発生源の示唆","科学基礎必須","物質構造、異性体、毒性等量・物性の基礎。対象の論点：異性体組成と発生源の示唆","S01 S02 T01 S05","provisional-item-and-chapter-based","to-verify-original-sources","retain-pending-syllabus-and-expert-review","この論点の必要性・内容・出典適用時点を独立確認（0リンクのみを理由に削除しない）"
"DX-G05-003","DX-G05-003","G05","5.1","自然由来との区別","科学基礎必須","発生経路と生成条件の科学原理。対象の論点：自然由来との区別","S01 S02 L09 S03 T01","provisional-item-and-chapter-based","to-verify-original-sources","retain-pending-syllabus-and-expert-review","この論点の必要性・内容・出典適用時点を独立確認（0リンクのみを理由に削除しない）"
"DX-G05-009","DX-G05-009","G05","5.3","燃焼状態と未燃物","科学基礎必須","発生経路と生成条件の科学原理。対象の論点：燃焼状態と未燃物","S01 S02 L09 S03 T01","provisional-item-and-chapter-based","to-verify-original-sources","retain-pending-syllabus-and-expert-review","この論点の必要性・内容・出典適用時点を独立確認（0リンクのみを理由に削除しない）"
"DX-G05-010","DX-G05-010","G05","5.4","排ガス経由","科学基礎必須","発生経路と生成条件の科学原理。対象の論点：排ガス経由","S01 S02 L09 S03 T01","provisional-item-and-chapter-based","to-verify-original-sources","retain-pending-syllabus-and-expert-review","この論点の必要性・内容・出典適用時点を独立確認（0リンクのみを理由に削除しない）"
"DX-G05-011","DX-G05-011","G05","5.4","飛灰・焼却灰経由","科学基礎必須","発生経路と生成条件の科学原理。対象の論点：飛灰・焼却灰経由","S01 S02 L09 S03 T01","provisional-item-and-chapter-based","to-verify-original-sources","retain-pending-syllabus-and-expert-review","この論点の必要性・内容・出典適用時点を独立確認（0リンクのみを理由に削除しない）"
"DX-G05-012","DX-G05-012","G05","5.4","湿式処理排水への移行","科学基礎必須","発生経路と生成条件の科学原理。対象の論点：湿式処理排水への移行","S01 S02 L09 S03 T01","provisional-item-and-chapter-based","to-verify-original-sources","retain-pending-syllabus-and-expert-review","この論点の必要性・内容・出典適用時点を独立確認（0リンクのみを理由に削除しない）"
"DX-G05-013","DX-G05-013","G05","5.5","十分な燃焼と再生成の違い","科学基礎必須","発生経路と生成条件の科学原理。対象の論点：十分な燃焼と再生成の違い","S01 S02 L09 S03 T01","provisional-item-and-chapter-based","to-verify-original-sources","retain-pending-syllabus-and-expert-review","この論点の必要性・内容・出典適用時点を独立確認（0リンクのみを理由に削除しない）"
"DX-G05-014","DX-G05-014","G05","5.5","冷却・集じん条件と抑制策","科学基礎必須","発生経路と生成条件の科学原理。対象の論点：冷却・集じん条件と抑制策","S01 S02 L09 S03 T01","provisional-item-and-chapter-based","to-verify-original-sources","retain-pending-syllabus-and-expert-review","この論点の必要性・内容・出典適用時点を独立確認（0リンクのみを理由に削除しない）"
"DX-G06-002","DX-G06-002","G06","6.1","Ah受容体を介した作用","科学基礎必須","毒性・曝露と環境影響の基礎。対象の論点：Ah受容体を介した作用","S02 S01 S04 L02","provisional-item-and-chapter-based","to-verify-original-sources","retain-pending-syllabus-and-expert-review","この論点の必要性・内容・出典適用時点を独立確認（0リンクのみを理由に削除しない）"
"DX-G06-003","DX-G06-003","G06","6.1","毒性等価の前提と限界","科学基礎必須","毒性・曝露と環境影響の基礎。対象の論点：毒性等価の前提と限界","S02 S01 S04 L02","provisional-item-and-chapter-based","to-verify-original-sources","retain-pending-syllabus-and-expert-review","この論点の必要性・内容・出典適用時点を独立確認（0リンクのみを理由に削除しない）"
"DX-G06-004","DX-G06-004","G06","6.2","高濃度曝露と皮膚症状","科学基礎必須","毒性・曝露と環境影響の基礎。対象の論点：高濃度曝露と皮膚症状","S02 S01 S04 L02","provisional-item-and-chapter-based","to-verify-original-sources","retain-pending-syllabus-and-expert-review","この論点の必要性・内容・出典適用時点を独立確認（0リンクのみを理由に削除しない）"
"DX-G06-005","DX-G06-005","G06","6.2","生殖・発達・免疫等への影響","科学基礎必須","毒性・曝露と環境影響の基礎。対象の論点：生殖・発達・免疫等への影響","S02 S01 S04 L02","provisional-item-and-chapter-based","to-verify-original-sources","retain-pending-syllabus-and-expert-review","この論点の必要性・内容・出典適用時点を独立確認（0リンクのみを理由に削除しない）"
"DX-G06-006","DX-G06-006","G06","6.2","発がん性の評価","科学基礎必須","毒性・曝露と環境影響の基礎。対象の論点：発がん性の評価","S02 S01 S04 L02","provisional-item-and-chapter-based","to-verify-original-sources","retain-pending-syllabus-and-expert-review","この論点の必要性・内容・出典適用時点を独立確認（0リンクのみを理由に削除しない）"
"DX-G06-008","DX-G06-008","G06","6.3","体内での蓄積と半減期","科学基礎必須","毒性・曝露と環境影響の基礎。対象の論点：体内での蓄積と半減期","S02 S01 S04 L02","provisional-item-and-chapter-based","to-verify-original-sources","retain-pending-syllabus-and-expert-review","この論点の必要性・内容・出典適用時点を独立確認（0リンクのみを理由に削除しない）"
"DX-G06-010","DX-G06-010","G06","6.4","TDIと慢性曝露","科学基礎必須","毒性・曝露と環境影響の基礎。対象の論点：TDIと慢性曝露","S02 S01 S04 L02","provisional-item-and-chapter-based","to-verify-original-sources","retain-pending-syllabus-and-expert-review","この論点の必要性・内容・出典適用時点を独立確認（0リンクのみを理由に削除しない）"
"DX-G06-011","DX-G06-011","G06","6.4","曝露評価とリスク管理","科学基礎必須","毒性・曝露と環境影響の基礎。対象の論点：曝露評価とリスク管理","S02 S01 S04 L02","provisional-item-and-chapter-based","to-verify-original-sources","retain-pending-syllabus-and-expert-review","この論点の必要性・内容・出典適用時点を独立確認（0リンクのみを理由に削除しない）"
"DX-G06-012","DX-G06-012","G06","6.4","定量の不確かさ","科学基礎必須","毒性・曝露と環境影響の基礎。対象の論点：定量の不確かさ","S02 S01 S04 L02","provisional-item-and-chapter-based","to-verify-original-sources","retain-pending-syllabus-and-expert-review","この論点の必要性・内容・出典適用時点を独立確認（0リンクのみを理由に削除しない）"
"DX-G06-013","DX-G06-013","G06","6.5","野生生物への蓄積","科学基礎必須","毒性・曝露と環境影響の基礎。対象の論点：野生生物への蓄積","S02 S01 S04 L02","provisional-item-and-chapter-based","to-verify-original-sources","retain-pending-syllabus-and-expert-review","この論点の必要性・内容・出典適用時点を独立確認（0リンクのみを理由に削除しない）"
"DX-G06-014","DX-G06-014","G06","6.5","生態毒性の見方","科学基礎必須","毒性・曝露と環境影響の基礎。対象の論点：生態毒性の見方","S02 S01 S04 L02","provisional-item-and-chapter-based","to-verify-original-sources","retain-pending-syllabus-and-expert-review","この論点の必要性・内容・出典適用時点を独立確認（0リンクのみを理由に削除しない）"
"DX-G07-001","DX-G07-001","G07","7.1","国の削減計画","法令・制度必須","国・自治体の防止対策と制度運用。対象の論点：国の削減計画","L01 L05 P01 P02 P05 P06","provisional-item-and-chapter-based","to-verify-original-sources","retain-pending-syllabus-and-expert-review","この論点の必要性・内容・出典適用時点を独立確認（0リンクのみを理由に削除しない）"
"DX-G07-002","DX-G07-002","G07","7.1","排出インベントリーの作成","法令・制度必須","国・自治体の防止対策と制度運用。対象の論点：排出インベントリーの作成","L01 L05 P01 P02 P05 P06","provisional-item-and-chapter-based","to-verify-original-sources","retain-pending-syllabus-and-expert-review","この論点の必要性・内容・出典適用時点を独立確認（0リンクのみを理由に削除しない）"
"DX-G07-003","DX-G07-003","G07","7.1","対策の進捗評価","法令・制度必須","国・自治体の防止対策と制度運用。対象の論点：対策の進捗評価","L01 L05 P01 P02 P05 P06","provisional-item-and-chapter-based","to-verify-original-sources","retain-pending-syllabus-and-expert-review","この論点の必要性・内容・出典適用時点を独立確認（0リンクのみを理由に削除しない）"
"DX-G07-004","DX-G07-004","G07","7.2","自治体の立入検査","法令・制度必須","国・自治体の防止対策と制度運用。対象の論点：自治体の立入検査","L01 L05 P01 P02 P05 P06","provisional-item-and-chapter-based","to-verify-original-sources","retain-pending-syllabus-and-expert-review","この論点の必要性・内容・出典適用時点を独立確認（0リンクのみを理由に削除しない）"
"DX-G07-005","DX-G07-005","G07","7.2","施設指導と命令","法令・制度必須","国・自治体の防止対策と制度運用。対象の論点：施設指導と命令","L01 L05 P01 P02 P05 P06","provisional-item-and-chapter-based","to-verify-original-sources","retain-pending-syllabus-and-expert-review","この論点の必要性・内容・出典適用時点を独立確認（0リンクのみを理由に削除しない）"
"DX-G07-006","DX-G07-006","G07","7.2","上乗せ条例","法令・制度必須","国・自治体の防止対策と制度運用。対象の論点：上乗せ条例","L01 L05 P01 P02 P05 P06","provisional-item-and-chapter-based","to-verify-original-sources","retain-pending-syllabus-and-expert-review","この論点の必要性・内容・出典適用時点を独立確認（0リンクのみを理由に削除しない）"
"DX-G07-007","DX-G07-007","G07","7.3","大気・水・土壌の監視","法令・制度必須","国・自治体の防止対策と制度運用。対象の論点：大気・水・土壌の監視","L01 L05 P01 P02 P05 P06","provisional-item-and-chapter-based","to-verify-original-sources","retain-pending-syllabus-and-expert-review","この論点の必要性・内容・出典適用時点を独立確認（0リンクのみを理由に削除しない）"
"DX-G07-008","DX-G07-008","G07","7.3","測定結果公表","法令・制度必須","国・自治体の防止対策と制度運用。対象の論点：測定結果公表","L01 L05 P01 P02 P05 P06","provisional-item-and-chapter-based","to-verify-original-sources","retain-pending-syllabus-and-expert-review","この論点の必要性・内容・出典適用時点を独立確認（0リンクのみを理由に削除しない）"
"DX-G07-009","DX-G07-009","G07","7.3","施行状況の集計","法令・制度必須","国・自治体の防止対策と制度運用。対象の論点：施行状況の集計","L01 L05 P01 P02 P05 P06","provisional-item-and-chapter-based","to-verify-original-sources","retain-pending-syllabus-and-expert-review","この論点の必要性・内容・出典適用時点を独立確認（0リンクのみを理由に削除しない）"
"DX-G07-010","DX-G07-010","G07","7.4","土壌対策地域","法令・制度必須","国・自治体の防止対策と制度運用。対象の論点：土壌対策地域","L01 L05 P01 P02 P05 P06","provisional-item-and-chapter-based","to-verify-original-sources","retain-pending-syllabus-and-expert-review","この論点の必要性・内容・出典適用時点を独立確認（0リンクのみを理由に削除しない）"
"DX-G07-011","DX-G07-011","G07","7.4","底質等への対策","法令・制度必須","国・自治体の防止対策と制度運用。対象の論点：底質等への対策","L01 L05 P01 P02 P05 P06","provisional-item-and-chapter-based","to-verify-original-sources","retain-pending-syllabus-and-expert-review","この論点の必要性・内容・出典適用時点を独立確認（0リンクのみを理由に削除しない）"
"DX-G07-012","DX-G07-012","G07","7.4","周辺住民への説明","法令・制度必須","国・自治体の防止対策と制度運用。対象の論点：周辺住民への説明","L01 L05 P01 P02 P05 P06","provisional-item-and-chapter-based","to-verify-original-sources","retain-pending-syllabus-and-expert-review","この論点の必要性・内容・出典適用時点を独立確認（0リンクのみを理由に削除しない）"
"DX-A01-003","DX-A01-003","A01","8.1","COと燃焼管理の関係","技術・測定必須","排ガス対策の装置原理と運転。対象の論点：COと燃焼管理の関係","T01 L09 L03 S03","provisional-item-and-chapter-based","to-verify-original-sources","retain-pending-syllabus-and-expert-review","この論点の必要性・内容・出典適用時点を独立確認（0リンクのみを理由に削除しない）"
"DX-A01-010","DX-A01-010","A01","8.5","焼却灰・飛灰への分配","技術・測定必須","排ガス対策の装置原理と運転。対象の論点：焼却灰・飛灰への分配","T01 L09 L03 S03","provisional-item-and-chapter-based","to-verify-original-sources","retain-pending-syllabus-and-expert-review","この論点の必要性・内容・出典適用時点を独立確認（0リンクのみを理由に削除しない）"
"DX-A01-011","DX-A01-011","A01","8.5","飛灰の安定化・分解技術","技術・測定必須","排ガス対策の装置原理と運転。対象の論点：飛灰の安定化・分解技術","T01 L09 L03 S03","provisional-item-and-chapter-based","to-verify-original-sources","retain-pending-syllabus-and-expert-review","この論点の必要性・内容・出典適用時点を独立確認（0リンクのみを理由に削除しない）"
"DX-A01-012","DX-A01-012","A01","8.6","連続的な燃焼監視","技術・測定必須","排ガス対策の装置原理と運転。対象の論点：連続的な燃焼監視","T01 L09 L03 S03","provisional-item-and-chapter-based","to-verify-original-sources","retain-pending-syllabus-and-expert-review","この論点の必要性・内容・出典適用時点を独立確認（0リンクのみを理由に削除しない）"
"DX-A01-013","DX-A01-013","A01","8.6","定期測定と原因調査","技術・測定必須","排ガス対策の装置原理と運転。対象の論点：定期測定と原因調査","T01 L09 L03 S03","provisional-item-and-chapter-based","to-verify-original-sources","retain-pending-syllabus-and-expert-review","この論点の必要性・内容・出典適用時点を独立確認（0リンクのみを理由に削除しない）"
"DX-A02-003","DX-A02-003","A02","9.1","非鉄金属系炉","法令・施設要件必須","大気特定施設の範囲・工程・要件。対象の論点：非鉄金属系炉","L02 L03 L06 P02","provisional-item-and-chapter-based","to-verify-original-sources","retain-pending-syllabus-and-expert-review","この論点の必要性・内容・出典適用時点を独立確認（0リンクのみを理由に削除しない）"
"DX-A02-004","DX-A02-018","A02","9.3","廃棄物焼却炉","法令・施設要件必須","大気特定施設の範囲・工程・要件。対象の論点：廃棄物焼却炉","L02 L03 L06 P02","provisional-item-and-chapter-based","to-verify-original-sources","retain-pending-syllabus-and-expert-review","この論点の必要性・内容・出典適用時点を独立確認（0リンクのみを理由に削除しない）"
"DX-A02-006","DX-A02-006","A02","9.4","複数炉の合算","法令・施設要件必須","大気特定施設の範囲・工程・要件。対象の論点：複数炉の合算","L02 L03 L06 P02","provisional-item-and-chapter-based","to-verify-original-sources","retain-pending-syllabus-and-expert-review","この論点の必要性・内容・出典適用時点を独立確認（0リンクのみを理由に削除しない）"
"DX-A02-007","DX-A02-007","A02","9.4","工程別規模要件","法令・施設要件必須","大気特定施設の範囲・工程・要件。対象の論点：工程別規模要件","L02 L03 L06 P02","provisional-item-and-chapter-based","to-verify-original-sources","retain-pending-syllabus-and-expert-review","この論点の必要性・内容・出典適用時点を独立確認（0リンクのみを理由に削除しない）"
"DX-A02-008","DX-A02-008","A02","9.4","新設施設と既設施設","法令・施設要件必須","大気特定施設の範囲・工程・要件。対象の論点：新設施設と既設施設","L02 L03 L06 P02","provisional-item-and-chapter-based","to-verify-original-sources","retain-pending-syllabus-and-expert-review","この論点の必要性・内容・出典適用時点を独立確認（0リンクのみを理由に削除しない）"
"DX-A02-009","DX-A02-009","A02","9.4","規模別排出基準","法令・施設要件必須","大気特定施設の範囲・工程・要件。対象の論点：規模別排出基準","L02 L03 L06 P02","provisional-item-and-chapter-based","to-verify-original-sources","retain-pending-syllabus-and-expert-review","この論点の必要性・内容・出典適用時点を独立確認（0リンクのみを理由に削除しない）"
"DX-A02-010","DX-A02-010","A02","9.4","条件換算とTEQ単位","法令・施設要件必須","大気特定施設の範囲・工程・要件。対象の論点：条件換算とTEQ単位","L02 L03 L06 P02","provisional-item-and-chapter-based","to-verify-original-sources","retain-pending-syllabus-and-expert-review","この論点の必要性・内容・出典適用時点を独立確認（0リンクのみを理由に削除しない）"
"DX-A02-011","DX-A02-011","A02","9.4","設置届出と対象判定","法令・施設要件必須","大気特定施設の範囲・工程・要件。対象の論点：設置届出と対象判定","L02 L03 L06 P02","provisional-item-and-chapter-based","to-verify-original-sources","retain-pending-syllabus-and-expert-review","この論点の必要性・内容・出典適用時点を独立確認（0リンクのみを理由に削除しない）"
"DX-A02-012","DX-A02-012","A02","9.4","排出ガス測定点・排出口","法令・施設要件必須","大気特定施設の範囲・工程・要件。対象の論点：排出ガス測定点・排出口","L02 L03 L06 P02","provisional-item-and-chapter-based","to-verify-original-sources","retain-pending-syllabus-and-expert-review","この論点の必要性・内容・出典適用時点を独立確認（0リンクのみを理由に削除しない）"
"DX-A02-013","DX-A02-013","A02","9.4","関連する一般廃棄物焼却の規制","法令・施設要件必須","大気特定施設の範囲・工程・要件。対象の論点：関連する一般廃棄物焼却の規制","L02 L03 L06 P02","provisional-item-and-chapter-based","to-verify-original-sources","retain-pending-syllabus-and-expert-review","この論点の必要性・内容・出典適用時点を独立確認（0リンクのみを理由に削除しない）"
"DX-A03-001","DX-A03-001","A03","10.1","湿式排ガス処理排水","技術・測定必須","排水処理の原理と管理。対象の論点：湿式排ガス処理排水","L02 L03 L06 T01","provisional-item-and-chapter-based","to-verify-original-sources","retain-pending-syllabus-and-expert-review","この論点の必要性・内容・出典適用時点を独立確認（0リンクのみを理由に削除しない）"
"DX-A03-002","DX-A03-002","A03","10.1","化学製造工程排水","技術・測定必須","排水処理の原理と管理。対象の論点：化学製造工程排水","L02 L03 L06 T01","provisional-item-and-chapter-based","to-verify-original-sources","retain-pending-syllabus-and-expert-review","この論点の必要性・内容・出典適用時点を独立確認（0リンクのみを理由に削除しない）"
"DX-A03-008","DX-A03-008","A03","10.3","汚泥への移行と管理","技術・測定必須","排水処理の原理と管理。対象の論点：汚泥への移行と管理","L02 L03 L06 T01","provisional-item-and-chapter-based","to-verify-original-sources","retain-pending-syllabus-and-expert-review","この論点の必要性・内容・出典適用時点を独立確認（0リンクのみを理由に削除しない）"
"DX-A03-010","DX-A03-010","A03","10.4","採水・変動への対応","技術・測定必須","排水処理の原理と管理。対象の論点：採水・変動への対応","L02 L03 L06 T01","provisional-item-and-chapter-based","to-verify-original-sources","retain-pending-syllabus-and-expert-review","この論点の必要性・内容・出典適用時点を独立確認（0リンクのみを理由に削除しない）"
"DX-A03-011","DX-A03-011","A03","10.4","水質基準への適合管理","技術・測定必須","排水処理の原理と管理。対象の論点：水質基準への適合管理","L02 L03 L06 T01","provisional-item-and-chapter-based","to-verify-original-sources","retain-pending-syllabus-and-expert-review","この論点の必要性・内容・出典適用時点を独立確認（0リンクのみを理由に削除しない）"
"DX-A03-012","DX-A03-012","A03","10.4","異常時の追跡","技術・測定必須","排水処理の原理と管理。対象の論点：異常時の追跡","L02 L03 L06 T01","provisional-item-and-chapter-based","to-verify-original-sources","retain-pending-syllabus-and-expert-review","この論点の必要性・内容・出典適用時点を独立確認（0リンクのみを理由に削除しない）"
"DX-A04-003","DX-A04-003","A04","11.3","非鉄金属・排ガス洗浄","法令・施設要件必須","水質特定施設の範囲・工程・要件。対象の論点：非鉄金属・排ガス洗浄","L02 L03 L06 P02","provisional-item-and-chapter-based","to-verify-original-sources","retain-pending-syllabus-and-expert-review","この論点の必要性・内容・出典適用時点を独立確認（0リンクのみを理由に削除しない）"
"DX-A04-004","DX-A04-026","A04","11.3","廃棄物焼却の湿式排ガス処理・灰ピット","法令・施設要件必須","水質特定施設の範囲・工程・要件。対象の論点：廃棄物焼却の湿式排ガス処理・灰ピット","L02 L03 L06 P02","provisional-item-and-chapter-based","to-verify-original-sources","retain-pending-syllabus-and-expert-review","この論点の必要性・内容・出典適用時点を独立確認（0リンクのみを理由に削除しない）"
"DX-A04-005","DX-A04-027","A04","11.3","PCB関連処理施設","法令・施設要件必須","水質特定施設の範囲・工程・要件。対象の論点：PCB関連処理施設","L02 L03 L06 P02","provisional-item-and-chapter-based","to-verify-original-sources","retain-pending-syllabus-and-expert-review","この論点の必要性・内容・出典適用時点を独立確認（0リンクのみを理由に削除しない）"
"DX-A04-006","DX-A04-029","A04","11.4","下水道終末処理施設","法令・施設要件必須","水質特定施設の範囲・工程・要件。対象の論点：下水道終末処理施設","L02 L03 L06 P02","provisional-item-and-chapter-based","to-verify-original-sources","retain-pending-syllabus-and-expert-review","この論点の必要性・内容・出典適用時点を独立確認（0リンクのみを理由に削除しない）"
"DX-A04-007","DX-A04-030","A04","11.4","対象排水の処理施設","法令・施設要件必須","水質特定施設の範囲・工程・要件。対象の論点：対象排水の処理施設","L02 L03 L06 P02","provisional-item-and-chapter-based","to-verify-original-sources","retain-pending-syllabus-and-expert-review","この論点の必要性・内容・出典適用時点を独立確認（0リンクのみを理由に削除しない）"
"DX-A04-008","DX-A04-008","A04","11.4","対象施設と事業場排水の違い","法令・施設要件必須","水質特定施設の範囲・工程・要件。対象の論点：対象施設と事業場排水の違い","L02 L03 L06 P02","provisional-item-and-chapter-based","to-verify-original-sources","retain-pending-syllabus-and-expert-review","この論点の必要性・内容・出典適用時点を独立確認（0リンクのみを理由に削除しない）"
"DX-A04-009","DX-A04-032","A04","11.5","水質排出基準の適用単位","法令・施設要件必須","水質特定施設の範囲・工程・要件。対象の論点：水質排出基準の適用単位","L02 L03 L06 P02","provisional-item-and-chapter-based","to-verify-original-sources","retain-pending-syllabus-and-expert-review","この論点の必要性・内容・出典適用時点を独立確認（0リンクのみを理由に削除しない）"
"DX-A04-010","DX-A04-010","A04","11.5","公共用水域・下水道への排出","法令・施設要件必須","水質特定施設の範囲・工程・要件。対象の論点：公共用水域・下水道への排出","L02 L03 L06 P02","provisional-item-and-chapter-based","to-verify-original-sources","retain-pending-syllabus-and-expert-review","この論点の必要性・内容・出典適用時点を独立確認（0リンクのみを理由に削除しない）"
"DX-A04-011","DX-A04-011","A04","11.5","対象判定と届出","法令・施設要件必須","水質特定施設の範囲・工程・要件。対象の論点：対象判定と届出","L02 L03 L06 P02","provisional-item-and-chapter-based","to-verify-original-sources","retain-pending-syllabus-and-expert-review","この論点の必要性・内容・出典適用時点を独立確認（0リンクのみを理由に削除しない）"
"DX-A05-001","DX-A05-001","A05","12.1","排出ガス・排出水・灰・環境媒体","技術・測定必須","測定・分析・精度管理。対象の論点：排出ガス・排出水・灰・環境媒体","T01 T02 T03 L03 L04 L07 S05","provisional-item-and-chapter-based","to-verify-original-sources","retain-pending-syllabus-and-expert-review","この論点の必要性・内容・出典適用時点を独立確認（0リンクのみを理由に削除しない）"
"DX-A05-017","DX-A05-017","A05","12.6","検量線と精度管理","技術・測定必須","測定・分析・精度管理。対象の論点：検量線と精度管理","T01 T02 T03 L03 L04 L07 S05","provisional-item-and-chapter-based","to-verify-original-sources","retain-pending-syllabus-and-expert-review","この論点の必要性・内容・出典適用時点を独立確認（0リンクのみを理由に削除しない）"
"DX-A05-018","DX-A05-018","A05","12.6","簡易測定法と公定法","技術・測定必須","測定・分析・精度管理。対象の論点：簡易測定法と公定法","T01 T02 T03 L03 L04 L07 S05","provisional-item-and-chapter-based","to-verify-original-sources","retain-pending-syllabus-and-expert-review","この論点の必要性・内容・出典適用時点を独立確認（0リンクのみを理由に削除しない）"
"DX-A05-021","DX-A05-021","A05","12.7","環境省の大気・土壌・底質マニュアル","技術・測定必須","測定・分析・精度管理。対象の論点：環境省の大気・土壌・底質マニュアル","T01 T02 T03 L03 L04 L07 S05","provisional-item-and-chapter-based","to-verify-original-sources","retain-pending-syllabus-and-expert-review","この論点の必要性・内容・出典適用時点を独立確認（0リンクのみを理由に削除しない）"
"DX-A02-018","DX-A02-018","A02","9.3","廃棄物焼却炉（令別表第一第5号）","法令・施設要件必須","大気特定施設の範囲・工程・要件。対象の論点：廃棄物焼却炉（令別表第一第5号）","L02 L03 Y01","provisional-item-and-chapter-based","to-verify-original-sources","retain-pending-syllabus-and-expert-review","この論点の必要性・内容・出典適用時点を独立確認（0リンクのみを理由に削除しない）"
"DX-A02-019","DX-A02-019","A02","9.4","新設・既設の基準適用と1997年12月2日の例外","法令・施設要件必須","大気特定施設の範囲・工程・要件。対象の論点：新設・既設の基準適用と1997年12月2日の例外","L03 Y01","provisional-item-and-chapter-based","to-verify-original-sources","retain-pending-syllabus-and-expert-review","この論点の必要性・内容・出典適用時点を独立確認（0リンクのみを理由に削除しない）"
"DX-A02-020","DX-A02-020","A02","9.4","焼却炉の複数炉合算と二段階の能力判定","法令・施設要件必須","大気特定施設の範囲・工程・要件。対象の論点：焼却炉の複数炉合算と二段階の能力判定","L02 Y01","provisional-item-and-chapter-based","to-verify-original-sources","retain-pending-syllabus-and-expert-review","この論点の必要性・内容・出典適用時点を独立確認（0リンクのみを理由に削除しない）"
"DX-A02-021","DX-A02-021","A02","9.4","施設ごとの大気排出基準と酸素補正","法令・施設要件必須","大気特定施設の範囲・工程・要件。対象の論点：施設ごとの大気排出基準と酸素補正","L03 Y01","provisional-item-and-chapter-based","to-verify-original-sources","retain-pending-syllabus-and-expert-review","この論点の必要性・内容・出典適用時点を独立確認（0リンクのみを理由に削除しない）"
"DX-A04-016","DX-A04-016","A04","11.2","塩素系原料を使う担体付き触媒製造炉の排ガス処理（令別表第二第5号）","法令・施設要件必須","水質特定施設の範囲・工程・要件。対象の論点：塩素系原料を使う担体付き触媒製造炉の排ガス処理（令別表第二第5号）","L02 L03 Y01","provisional-item-and-chapter-based","to-verify-original-sources","retain-pending-syllabus-and-expert-review","この論点の必要性・内容・出典適用時点を独立確認（0リンクのみを理由に削除しない）"
"DX-A04-021","DX-A04-021","A04","11.2","2,3-ジクロロ-1,4-ナフトキノン製造（令別表第二第10号）","法令・施設要件必須","水質特定施設の範囲・工程・要件。対象の論点：2,3-ジクロロ-1,4-ナフトキノン製造（令別表第二第10号）","L02 L03 Y01","provisional-item-and-chapter-based","to-verify-original-sources","retain-pending-syllabus-and-expert-review","この論点の必要性・内容・出典適用時点を独立確認（0リンクのみを理由に削除しない）"
"DX-A04-022","DX-A04-022","A04","11.2","ジオキサジンバイオレット製造（令別表第二第11号）","法令・施設要件必須","水質特定施設の範囲・工程・要件。対象の論点：ジオキサジンバイオレット製造（令別表第二第11号）","L02 L03 Y01","provisional-item-and-chapter-based","to-verify-original-sources","retain-pending-syllabus-and-expert-review","この論点の必要性・内容・出典適用時点を独立確認（0リンクのみを理由に削除しない）"
"DX-A04-023","DX-A04-023","A04","11.3","アルミニウムまたはその合金の炉の排ガス処理（令別表第二第12号）","法令・施設要件必須","水質特定施設の範囲・工程・要件。対象の論点：アルミニウムまたはその合金の炉の排ガス処理（令別表第二第12号）","L02 L03 Y01","provisional-item-and-chapter-based","to-verify-original-sources","retain-pending-syllabus-and-expert-review","この論点の必要性・内容・出典適用時点を独立確認（0リンクのみを理由に削除しない）"
"DX-A04-024","DX-A04-024","A04","11.3","製鋼用電気炉ばいじんからの亜鉛回収（令別表第二第13号）","法令・施設要件必須","水質特定施設の範囲・工程・要件。対象の論点：製鋼用電気炉ばいじんからの亜鉛回収（令別表第二第13号）","L02 L03 Y01","provisional-item-and-chapter-based","to-verify-original-sources","retain-pending-syllabus-and-expert-review","この論点の必要性・内容・出典適用時点を独立確認（0リンクのみを理由に削除しない）"
"DX-A04-025","DX-A04-025","A04","11.3","使用済み担体付き触媒からの金属回収（令別表第二第14号）","法令・施設要件必須","水質特定施設の範囲・工程・要件。対象の論点：使用済み担体付き触媒からの金属回収（令別表第二第14号）","L02 L03 Y01","provisional-item-and-chapter-based","to-verify-original-sources","retain-pending-syllabus-and-expert-review","この論点の必要性・内容・出典適用時点を独立確認（0リンクのみを理由に削除しない）"
"DX-A04-026","DX-A04-026","A04","11.3","特定廃棄物焼却炉の湿式ガス処理・灰貯留（令別表第二第15号）","法令・施設要件必須","水質特定施設の範囲・工程・要件。対象の論点：特定廃棄物焼却炉の湿式ガス処理・灰貯留（令別表第二第15号）","L02 L03 Y01","provisional-item-and-chapter-based","to-verify-original-sources","retain-pending-syllabus-and-expert-review","この論点の必要性・内容・出典適用時点を独立確認（0リンクのみを理由に削除しない）"
"DX-A04-027","DX-A04-027","A04","11.3","廃PCB等の分解およびPCB汚染物等の洗浄・分離（令別表第二第16号）","法令・施設要件必須","水質特定施設の範囲・工程・要件。対象の論点：廃PCB等の分解およびPCB汚染物等の洗浄・分離（令別表第二第16号）","L02 L03 Y01","provisional-item-and-chapter-based","to-verify-original-sources","retain-pending-syllabus-and-expert-review","この論点の必要性・内容・出典適用時点を独立確認（0リンクのみを理由に削除しない）"
"DX-A04-028","DX-A04-028","A04","11.3","特定フロン類を一定の方法で破壊（令別表第二第17号）","法令・施設要件必須","水質特定施設の範囲・工程・要件。対象の論点：特定フロン類を一定の方法で破壊（令別表第二第17号）","L02 L03 Y01","provisional-item-and-chapter-based","to-verify-original-sources","retain-pending-syllabus-and-expert-review","この論点の必要性・内容・出典適用時点を独立確認（0リンクのみを理由に削除しない）"
"DX-A04-029","DX-A04-029","A04","11.4","指定対象排水を受け入れる下水道終末処理（令別表第二第18号）","法令・施設要件必須","水質特定施設の範囲・工程・要件。対象の論点：指定対象排水を受け入れる下水道終末処理（令別表第二第18号）","L02 L03 Y01","provisional-item-and-chapter-based","to-verify-original-sources","retain-pending-syllabus-and-expert-review","この論点の必要性・内容・出典適用時点を独立確認（0リンクのみを理由に削除しない）"
"DX-A04-030","DX-A04-030","A04","11.4","指定施設を持つ事業場からの水の処理（令別表第二第19号）","法令・施設要件必須","水質特定施設の範囲・工程・要件。対象の論点：指定施設を持つ事業場からの水の処理（令別表第二第19号）","L02 L03 Y01","provisional-item-and-chapter-based","to-verify-original-sources","retain-pending-syllabus-and-expert-review","この論点の必要性・内容・出典適用時点を独立確認（0リンクのみを理由に削除しない）"
"DX-A04-031","DX-A04-031","A04","11.5","水質排出基準10 pg-TEQ/Lと環境基準の区別","法令・施設要件必須","水質特定施設の範囲・工程・要件。対象の論点：水質排出基準10 pg-TEQ/Lと環境基準の区別","L03 L04 Y01","provisional-item-and-chapter-based","to-verify-original-sources","retain-pending-syllabus-and-expert-review","この論点の必要性・内容・出典適用時点を独立確認（0リンクのみを理由に削除しない）"
"DX-A04-032","DX-A04-032","A04","11.5","水質排出の対象は施設からではなく事業場排出水","法令・施設要件必須","水質特定施設の範囲・工程・要件。対象の論点：水質排出の対象は施設からではなく事業場排出水","L01 L03 Y01","provisional-item-and-chapter-based","to-verify-original-sources","retain-pending-syllabus-and-expert-review","この論点の必要性・内容・出典適用時点を独立確認（0リンクのみを理由に削除しない）"
"DX-A04-033","DX-A04-033","A04","11.4","水質第18号・第19号の汚水由来と除外条件","法令・施設要件必須","水質特定施設の範囲・工程・要件。対象の論点：水質第18号・第19号の汚水由来と除外条件","L02 Y01","provisional-item-and-chapter-based","to-verify-original-sources","retain-pending-syllabus-and-expert-review","この論点の必要性・内容・出典適用時点を独立確認（0リンクのみを理由に削除しない）"
"DX-A04-034","DX-A04-034","A04","11.5","排出水基準と水質対象施設の条件付き指定","法令・施設要件必須","水質特定施設の範囲・工程・要件。対象の論点：排出水基準と水質対象施設の条件付き指定","L02 L03 Y01","provisional-item-and-chapter-based","to-verify-original-sources","retain-pending-syllabus-and-expert-review","この論点の必要性・内容・出典適用時点を独立確認（0リンクのみを理由に削除しない）"
"DX-G05-015","DX-G05-015","G05","5.2","前駆体経路とde novo合成の併存・判別上の限界","科学基礎必須","発生経路と生成条件の科学原理。対象の論点：前駆体経路とde novo合成の併存・判別上の限界","S01 S02 L09 S03 T01","provisional-item-and-chapter-based","to-verify-original-sources","retain-pending-syllabus-and-expert-review","この論点の必要性・内容・出典適用時点を独立確認（0リンクのみを理由に削除しない）"
"DX-A02-022","DX-A02-022","A02","9.1","大気5号の工程別分類と生成・対策の比較","法令・施設要件必須","大気特定施設の範囲・工程・要件。対象の論点：大気5号の工程別分類と生成・対策の比較","L02 L03 L06 P02","provisional-item-and-chapter-based","to-verify-original-sources","retain-pending-syllabus-and-expert-review","この論点の必要性・内容・出典適用時点を独立確認（0リンクのみを理由に削除しない）"
"DX-A04-035","DX-A04-035","A04","11.1","水質特定施設19号の用途・工程別分類","法令・施設要件必須","水質特定施設の範囲・工程・要件。対象の論点：水質特定施設19号の用途・工程別分類","L02 L03 L06 P02","provisional-item-and-chapter-based","to-verify-original-sources","retain-pending-syllabus-and-expert-review","この論点の必要性・内容・出典適用時点を独立確認（0リンクのみを理由に削除しない）"
"DX-A04-036","DX-A04-036","A04","11.1","水質特定施設と事業場排出水の法的区別（導入）","法令・施設要件必須","水質特定施設の範囲・工程・要件。対象の論点：水質特定施設と事業場排出水の法的区別（導入）","L01 L02 L03 L06","provisional-item-and-chapter-based","to-verify-original-sources","retain-pending-syllabus-and-expert-review","この論点の必要性・内容・出典適用時点を独立確認（0リンクのみを理由に削除しない）"
"DX-A04-037","DX-A04-037","A04","11.5","水質対象施設の届出・測定と適用条件の総合判断","法令・施設要件必須","水質特定施設の範囲・工程・要件。対象の論点：水質対象施設の届出・測定と適用条件の総合判断","L01 L02 L03 L06","provisional-item-and-chapter-based","to-verify-original-sources","retain-pending-syllabus-and-expert-review","この論点の必要性・内容・出典適用時点を独立確認（0リンクのみを理由に削除しない）"
