knowledge_id,canonical_knowledge_id,role,relation,chapter,section,knowledge_item,editorial_note
"DX-I-001","DX-I-001","distinct-cross-reference","no-merge","I","0.1","物質群と単一物質","序章では概念紹介、法令定義は第1章に主説明を置く"
"DX-I-002","DX-I-002","distinct-cross-reference","no-merge","I","0.1","PCDDとPCDFの構造差","構造の厳密な説明は第4章"
"DX-I-003","DX-I-003","distinct-cross-reference","no-merge","I","0.1","ダイオキシン様PCB","DL-PCB構造は第4章で詳説"
"DX-I-004","DX-I-004","canonical","no-merge","I","0.2","毒性の異なる異性体",""
"DX-I-005","DX-I-005","distinct-cross-reference","no-merge","I","0.2","TEFとTEQという共通指標","序章のTEF導入と第4章の正式定義は別"
"DX-I-006","DX-I-006","canonical","no-merge","I","0.3","非意図的生成と排出",""
"DX-I-007","DX-I-007","canonical","no-merge","I","0.3","環境残留と食物連鎖",""
"DX-I-008","DX-I-008","canonical","no-merge","I","0.3","人の曝露経路",""
"DX-I-009","DX-I-009","canonical","no-merge","I","0.4","日本の焼却問題と制度化",""
"DX-I-010","DX-I-010","canonical","no-merge","I","0.4","ストックホルム条約と国際協調",""
"DX-I-011","DX-I-011","canonical","no-merge","I","0.5","TDIと環境基準と排出基準の役割",""
"DX-I-012","DX-I-012","canonical","no-merge","I","0.5","概論と特論の接続",""
"DX-G01-001","DX-G01-001","canonical","no-merge","G01","1.1","基本指針と特措法",""
"DX-G01-002","DX-G01-002","canonical","no-merge","G01","1.1","法律・政令・省令・告示",""
"DX-G01-003","DX-G01-003","canonical","no-merge","G01","1.1","地方条例と上乗せ",""
"DX-G01-004","DX-G01-004","canonical","no-merge","G01","1.2","法のダイオキシン類の定義",""
"DX-G01-005","DX-G01-005","distinct-cross-reference","no-merge","G01","1.2","TDIの意味と値","TDIの法的位置付けと生体リスク評価は別"
"DX-G01-006","DX-G01-006","canonical","no-merge","G01","1.2","TEQの法規への利用",""
"DX-G01-007","DX-G01-007","canonical","no-merge","G01","1.3","大気環境基準",""
"DX-G01-008","DX-G01-008","canonical","no-merge","G01","1.3","水質環境基準と地下水",""
"DX-G01-009","DX-G01-009","canonical","no-merge","G01","1.3","底質環境基準",""
"DX-G01-010","DX-G01-010","canonical","no-merge","G01","1.3","土壌環境基準と調査指標",""
"DX-G01-011","DX-G01-011","canonical","no-merge","G01","1.4","大気基準適用施設",""
"DX-G01-012","DX-G01-012","canonical","no-merge","G01","1.4","水質基準対象施設",""
"DX-G01-013","DX-G01-013","canonical","no-merge","G01","1.4","大気排出基準",""
"DX-G01-014","DX-G01-014","distinct-cross-reference","no-merge","G01","1.4","水質排出基準","共通法規と対象施設の適用"
"DX-G01-015","DX-G01-015","canonical","no-merge","G01","1.5","設置・変更等の届出",""
"DX-G01-016","DX-G01-016","canonical","no-merge","G01","1.5","計画変更命令等",""
"DX-G01-017","DX-G01-017","canonical","no-merge","G01","1.5","事業者測定・報告公表",""
"DX-G01-018","DX-G01-018","canonical","no-merge","G01","1.5","行政の報告徴収と立入検査",""
"DX-G01-019","DX-G01-019","distinct-cross-reference","no-merge","G01","1.6","土壌汚染対策地域・計画","法的指定と行政対応の解説を分離"
"DX-G01-020","DX-G01-020","canonical","no-merge","G01","1.6","ばいじん・燃え殻規制",""
"DX-G01-021","DX-G01-021","canonical","no-merge","G01","1.6","廃棄物処理法との関係",""
"DX-G02-001","DX-G02-001","canonical","no-merge","G02","2.1","化学物質事故と知見の蓄積",""
"DX-G02-002","DX-G02-002","canonical","no-merge","G02","2.1","日本の社会的関心",""
"DX-G02-003","DX-G02-003","canonical","no-merge","G02","2.2","国内の廃棄物焼却と発生源",""
"DX-G02-004","DX-G02-004","canonical","no-merge","G02","2.2","旧ガイドラインからの対策",""
"DX-G02-005","DX-G02-005","distinct-cross-reference","no-merge","G02","2.3","基本指針と立法の経緯","成立史と現行法体系"
"DX-G02-006","DX-G02-006","canonical","no-merge","G02","2.3","制度導入後の排出削減",""
"DX-G02-007","DX-G02-007","canonical","no-merge","G02","2.4","POPsの性質",""
"DX-G02-008","DX-G02-008","canonical","no-merge","G02","2.4","附属書Cの非意図的生成",""
"DX-G02-009","DX-G02-009","canonical","no-merge","G02","2.4","BATとBEP",""
"DX-G03-001","DX-G03-001","canonical","no-merge","G03","3.1","排出量の単位g-TEQ",""
"DX-G03-002","DX-G03-002","distinct-cross-reference","no-merge","G03","3.1","排出インベントリーの構成","インベントリーの推計手法と政策運用"
"DX-G03-003","DX-G03-003","canonical","no-merge","G03","3.1","インベントリーと測定値の違い",""
"DX-G03-004","DX-G03-004","canonical","no-merge","G03","3.2","廃棄物焼却",""
"DX-G03-005","DX-G03-005","canonical","no-merge","G03","3.2","製鉄・非鉄金属",""
"DX-G03-006","DX-G03-006","canonical","no-merge","G03","3.2","その他の発生源",""
"DX-G03-007","DX-G03-007","canonical","no-merge","G03","3.3","長期的な排出量削減",""
"DX-G03-008","DX-G03-008","canonical","no-merge","G03","3.3","排出源構成の変化",""
"DX-G03-009","DX-G03-009","canonical","no-merge","G03","3.4","媒体別の環境モニタリング",""
"DX-G03-010","DX-G03-010","canonical","no-merge","G03","3.4","環境基準超過の読み方",""
"DX-G03-011","DX-G03-011","canonical","no-merge","G03","3.5","年度と暦年の違い",""
"DX-G03-012","DX-G03-012","canonical","no-merge","G03","3.5","公表日と差替日",""
"DX-G03-013","DX-G03-013","canonical","no-merge","G03","3.5","最新統計の更新ルール",""
"DX-G04-001","DX-G04-001","canonical","no-merge","G04","4.1","PCDDの基本骨格",""
"DX-G04-002","DX-G04-002","canonical","no-merge","G04","4.1","PCDFの基本骨格",""
"DX-G04-003","DX-G04-003","canonical","no-merge","G04","4.1","DL-PCBの構造",""
"DX-G04-004","DX-G04-004","canonical","no-merge","G04","4.2","異性体・同族体の違い",""
"DX-G04-005","DX-G04-005","canonical","no-merge","G04","4.2","2-3-7-8位置の重要性",""
"DX-G04-006","DX-G04-006","canonical","no-merge","G04","4.2","非オルト・モノオルトPCB",""
"DX-G04-007","DX-G04-007","canonical","no-merge","G04","4.3","TEFの意味",""
"DX-G04-008","DX-G04-008","distinct-cross-reference","no-merge","G04","4.3","TEQ算定の演習","TEQ原理と測定結果の計算工程"
"DX-G04-009","DX-G04-009","canonical","no-merge","G04","4.3","WHO-TEFの版と行政適用版",""
"DX-G04-010","DX-G04-010","canonical","no-merge","G04","4.4","脂溶性と水への溶けにくさ",""
"DX-G04-011","DX-G04-011","canonical","no-merge","G04","4.4","蒸気圧と粒子吸着",""
"DX-G04-012","DX-G04-012","canonical","no-merge","G04","4.4","残留性・分解性",""
"DX-G04-013","DX-G04-013","canonical","no-merge","G04","4.5","大気と土壌・水域間の移動",""
"DX-G04-014","DX-G04-014","canonical","no-merge","G04","4.5","生物蓄積・生物濃縮",""
"DX-G04-015","DX-G04-015","canonical","no-merge","G04","4.5","異性体組成と発生源の示唆",""
"DX-G05-001","DX-G05-001","canonical","no-merge","G05","5.1","燃焼過程での非意図的生成",""
"DX-G05-002","DX-G05-002","canonical","no-merge","G05","5.1","工業プロセスと不純物",""
"DX-G05-003","DX-G05-003","canonical","no-merge","G05","5.1","自然由来との区別",""
"DX-G05-004","DX-G05-004","canonical","no-merge","G05","5.2","前駆体経由の生成",""
"DX-G05-005","DX-G05-005","canonical","no-merge","G05","5.2","de novo合成の概要",""
"DX-G05-006","DX-G05-006","canonical","no-merge","G05","5.3","冷却温度域と滞留",""
"DX-G05-007","DX-G05-007","canonical","no-merge","G05","5.3","飛灰上の未燃炭素",""
"DX-G05-008","DX-G05-008","distinct-cross-reference","no-merge","G05","5.3","塩素と金属触媒","一般の塩素反応とVCM個別工程"
"DX-G05-009","DX-G05-009","canonical","no-merge","G05","5.3","燃焼状態と未燃物",""
"DX-G05-010","DX-G05-010","canonical","no-merge","G05","5.4","排ガス経由",""
"DX-G05-011","DX-G05-011","canonical","no-merge","G05","5.4","飛灰・焼却灰経由",""
"DX-G05-012","DX-G05-012","canonical","no-merge","G05","5.4","湿式処理排水への移行",""
"DX-G05-013","DX-G05-013","canonical","no-merge","G05","5.5","十分な燃焼と再生成の違い",""
"DX-G05-014","DX-G05-014","distinct-cross-reference","no-merge","G05","5.5","冷却・集じん条件と抑制策","生成条件と急冷対策は別"
"DX-G06-001","DX-G06-001","canonical","no-merge","G06","6.1","毒性の種類とTCDD",""
"DX-G06-002","DX-G06-002","canonical","no-merge","G06","6.1","Ah受容体を介した作用",""
"DX-G06-003","DX-G06-003","canonical","no-merge","G06","6.1","毒性等価の前提と限界",""
"DX-G06-004","DX-G06-004","canonical","no-merge","G06","6.2","高濃度曝露と皮膚症状",""
"DX-G06-005","DX-G06-005","canonical","no-merge","G06","6.2","生殖・発達・免疫等への影響",""
"DX-G06-006","DX-G06-006","canonical","no-merge","G06","6.2","発がん性の評価",""
"DX-G06-007","DX-G06-007","canonical","no-merge","G06","6.3","食品由来の主な曝露",""
"DX-G06-008","DX-G06-008","canonical","no-merge","G06","6.3","体内での蓄積と半減期",""
"DX-G06-009","DX-G06-009","canonical","no-merge","G06","6.3","摂取量と体内負荷",""
"DX-G06-010","DX-G06-010","canonical","no-merge","G06","6.4","TDIと慢性曝露",""
"DX-G06-011","DX-G06-011","canonical","no-merge","G06","6.4","曝露評価とリスク管理",""
"DX-G06-012","DX-G06-012","canonical","no-merge","G06","6.4","定量の不確かさ",""
"DX-G06-013","DX-G06-013","canonical","no-merge","G06","6.5","野生生物への蓄積",""
"DX-G06-014","DX-G06-014","canonical","no-merge","G06","6.5","生態毒性の見方",""
"DX-G07-001","DX-G07-001","canonical","no-merge","G07","7.1","国の削減計画",""
"DX-G07-002","DX-G07-002","canonical","no-merge","G07","7.1","排出インベントリーの作成",""
"DX-G07-003","DX-G07-003","canonical","no-merge","G07","7.1","対策の進捗評価",""
"DX-G07-004","DX-G07-004","canonical","no-merge","G07","7.2","自治体の立入検査",""
"DX-G07-005","DX-G07-005","canonical","no-merge","G07","7.2","施設指導と命令",""
"DX-G07-006","DX-G07-006","canonical","no-merge","G07","7.2","上乗せ条例",""
"DX-G07-007","DX-G07-007","canonical","no-merge","G07","7.3","大気・水・土壌の監視",""
"DX-G07-008","DX-G07-008","canonical","no-merge","G07","7.3","測定結果公表",""
"DX-G07-009","DX-G07-009","canonical","no-merge","G07","7.3","施行状況の集計",""
"DX-G07-010","DX-G07-010","canonical","no-merge","G07","7.4","土壌対策地域",""
"DX-G07-011","DX-G07-011","canonical","no-merge","G07","7.4","底質等への対策",""
"DX-G07-012","DX-G07-012","canonical","no-merge","G07","7.4","周辺住民への説明",""
"DX-A01-001","DX-A01-001","canonical","no-merge","A01","8.1","燃焼温度と安定化",""
"DX-A01-002","DX-A01-002","canonical","no-merge","A01","8.1","混合・空気比・滞留",""
"DX-A01-003","DX-A01-003","canonical","no-merge","A01","8.1","COと燃焼管理の関係",""
"DX-A01-004","DX-A01-004","canonical","no-merge","A01","8.2","排ガス急冷",""
"DX-A01-005","DX-A01-005","canonical","no-merge","A01","8.2","集じん温度とde novo反応",""
"DX-A01-006","DX-A01-006","canonical","no-merge","A01","8.3","バグフィルターと粒子除去",""
"DX-A01-007","DX-A01-007","canonical","no-merge","A01","8.4","活性炭吸着",""
"DX-A01-008","DX-A01-008","canonical","no-merge","A01","8.4","触媒分解",""
"DX-A01-009","DX-A01-009","canonical","no-merge","A01","8.3","湿式洗浄の特性",""
"DX-A01-010","DX-A01-010","canonical","no-merge","A01","8.5","焼却灰・飛灰への分配",""
"DX-A01-011","DX-A01-011","canonical","no-merge","A01","8.5","飛灰の安定化・分解技術",""
"DX-A01-012","DX-A01-012","canonical","no-merge","A01","8.6","連続的な燃焼監視",""
"DX-A01-013","DX-A01-013","canonical","no-merge","A01","8.6","定期測定と原因調査",""
"DX-A01-014","DX-A01-014","canonical","no-merge","A01","8.6","起動停止や異常時対応",""
"DX-A02-001","DX-A02-014","alias-preserved","concept-overlap-redirect","A02","9.2","焼結炉","炉名の概説と令別表第一第1号の施設定義"
"DX-A02-002","DX-A02-015","alias-preserved","concept-overlap-redirect","A02","9.2","製鋼用電気炉","電気炉の概説と令別表第一第2号"
"DX-A02-003","DX-A02-003","distinct-cross-reference","no-merge","A02","9.1","非鉄金属系炉","非鉄カテゴリとアルミ合金製造施設"
"DX-A02-004","DX-A02-018","alias-preserved","concept-overlap-redirect","A02","9.3","廃棄物焼却炉","廃棄物焼却炉の総称と第5号"
"DX-A02-005","DX-A02-005","distinct-cross-reference","no-merge","A02","9.4","焼却炉の火床面積と焼却能力","焼却炉個別閾値と複数炉合算"
"DX-A02-006","DX-A02-006","canonical","no-merge","A02","9.4","複数炉の合算",""
"DX-A02-007","DX-A02-007","canonical","no-merge","A02","9.4","工程別規模要件",""
"DX-A02-008","DX-A02-008","distinct-cross-reference","no-merge","A02","9.4","新設施設と既設施設","新設既設の基本と適用日例外"
"DX-A02-009","DX-A02-009","distinct-cross-reference","no-merge","A02","9.4","規模別排出基準","能力別排出値と酸素濃度補正"
"DX-A02-010","DX-A02-010","canonical","no-merge","A02","9.4","条件換算とTEQ単位",""
"DX-A02-011","DX-A02-011","canonical","no-merge","A02","9.4","設置届出と対象判定",""
"DX-A02-012","DX-A02-012","canonical","no-merge","A02","9.4","排出ガス測定点・排出口",""
"DX-A02-013","DX-A02-013","canonical","no-merge","A02","9.4","関連する一般廃棄物焼却の規制",""
"DX-A03-001","DX-A03-001","canonical","no-merge","A03","10.1","湿式排ガス処理排水",""
"DX-A03-002","DX-A03-002","canonical","no-merge","A03","10.1","化学製造工程排水",""
"DX-A03-003","DX-A03-003","canonical","no-merge","A03","10.1","粒子・有機物への吸着",""
"DX-A03-004","DX-A03-004","canonical","no-merge","A03","10.2","沈殿・凝集",""
"DX-A03-005","DX-A03-005","canonical","no-merge","A03","10.2","ろ過・膜分離",""
"DX-A03-006","DX-A03-006","canonical","no-merge","A03","10.2","吸着・活性炭",""
"DX-A03-007","DX-A03-007","canonical","no-merge","A03","10.3","SS除去と負荷低減",""
"DX-A03-008","DX-A03-008","canonical","no-merge","A03","10.3","汚泥への移行と管理",""
"DX-A03-009","DX-A03-009","canonical","no-merge","A03","10.3","複数工程の組合せ",""
"DX-A03-010","DX-A03-010","canonical","no-merge","A03","10.4","採水・変動への対応",""
"DX-A03-011","DX-A03-011","canonical","no-merge","A03","10.4","水質基準への適合管理",""
"DX-A03-012","DX-A03-012","canonical","no-merge","A03","10.4","異常時の追跡",""
"DX-A04-001","DX-A04-001","distinct-cross-reference","no-merge","A04","11.2","パルプの塩素系漂白","パルプ漂白技術と施設指定"
"DX-A04-002","DX-A04-002","canonical","no-merge","A04","11.2","化学製造・洗浄",""
"DX-A04-003","DX-A04-003","distinct-cross-reference","no-merge","A04","11.3","非鉄金属・排ガス洗浄","金属系施設の概説とアルミ排ガス洗浄"
"DX-A04-004","DX-A04-026","alias-preserved","concept-overlap-redirect","A04","11.3","廃棄物焼却の湿式排ガス処理・灰ピット","焼却施設由来の湿式排ガス・灰貯留と第15号"
"DX-A04-005","DX-A04-027","alias-preserved","concept-overlap-redirect","A04","11.3","PCB関連処理施設","PCB処理施設の総称と第16号"
"DX-A04-006","DX-A04-029","alias-preserved","concept-overlap-redirect","A04","11.4","下水道終末処理施設","下水道終末処理施設の総称と第18号"
"DX-A04-007","DX-A04-030","alias-preserved","concept-overlap-redirect","A04","11.4","対象排水の処理施設","対象排水の二次処理施設の総称と第19号"
"DX-A04-008","DX-A04-008","distinct-cross-reference","no-merge","A04","11.4","対象施設と事業場排水の違い","対象施設と排出水の一般概念・18/19号の条件"
"DX-A04-009","DX-A04-032","alias-preserved","concept-overlap-redirect","A04","11.5","水質排出基準の適用単位","事業場排出水を規制単位とする説明の重複"
"DX-A04-010","DX-A04-010","canonical","no-merge","A04","11.5","公共用水域・下水道への排出",""
"DX-A04-011","DX-A04-011","distinct-cross-reference","no-merge","A04","11.5","対象判定と届出","対象判定と限定条件"
"DX-A05-001","DX-A05-001","canonical","no-merge","A05","12.1","排出ガス・排出水・灰・環境媒体",""
"DX-A05-002","DX-A05-002","canonical","no-merge","A05","12.1","異性体別測定",""
"DX-A05-003","DX-A05-003","canonical","no-merge","A05","12.1","単位と試料の換算",""
"DX-A05-004","DX-A05-004","canonical","no-merge","A05","12.2","排ガス採取の原理",""
"DX-A05-005","DX-A05-005","canonical","no-merge","A05","12.2","粒子とガスの捕集",""
"DX-A05-006","DX-A05-006","canonical","no-merge","A05","12.2","排水・底質・土壌の採取",""
"DX-A05-007","DX-A05-007","canonical","no-merge","A05","12.3","試料の前処理と抽出",""
"DX-A05-008","DX-A05-008","canonical","no-merge","A05","12.3","精製・クリーンアップ",""
"DX-A05-009","DX-A05-009","canonical","no-merge","A05","12.3","内標準物質の添加",""
"DX-A05-010","DX-A05-010","canonical","no-merge","A05","12.4","GCでの異性体分離",""
"DX-A05-011","DX-A05-011","canonical","no-merge","A05","12.4","HRGC/HRMS",""
"DX-A05-012","DX-A05-012","canonical","no-merge","A05","12.4","同位体希釈定量",""
"DX-A05-013","DX-A05-013","canonical","no-merge","A05","12.5","濃度からTEQへの計算",""
"DX-A05-014","DX-A05-014","canonical","no-merge","A05","12.5","検出下限・定量下限",""
"DX-A05-015","DX-A05-015","canonical","no-merge","A05","12.5","未検出値の扱い",""
"DX-A05-016","DX-A05-016","canonical","no-merge","A05","12.6","ブランク・回収率",""
"DX-A05-017","DX-A05-017","canonical","no-merge","A05","12.6","検量線と精度管理",""
"DX-A05-018","DX-A05-018","canonical","no-merge","A05","12.6","簡易測定法と公定法",""
"DX-A05-019","DX-A05-019","canonical","no-merge","A05","12.7","JIS K 0311:2020",""
"DX-A05-020","DX-A05-020","canonical","no-merge","A05","12.7","JIS K 0312:2020",""
"DX-A05-021","DX-A05-021","canonical","no-merge","A05","12.7","環境省の大気・土壌・底質マニュアル",""
"DX-A02-014","DX-A02-014","canonical","no-merge","A02","9.2","銑鉄製造用の焼結鉱をつくる焼結炉（令別表第一第1号）",""
"DX-A02-015","DX-A02-015","canonical","no-merge","A02","9.2","製鋼用電気炉（令別表第一第2号）",""
"DX-A02-016","DX-A02-016","canonical","no-merge","A02","9.2","製鋼用電気炉の集じんダストからの亜鉛回収（令別表第一第3号）",""
"DX-A02-017","DX-A02-017","canonical","no-merge","A02","9.3","アルミニウムくずを原料とするアルミ合金製造（令別表第一第4号）",""
"DX-A02-018","DX-A02-018","canonical","no-merge","A02","9.3","廃棄物焼却炉（令別表第一第5号）",""
"DX-A02-019","DX-A02-019","canonical","no-merge","A02","9.4","新設・既設の基準適用と1997年12月2日の例外",""
"DX-A02-020","DX-A02-020","canonical","no-merge","A02","9.4","焼却炉の複数炉合算と二段階の能力判定",""
"DX-A02-021","DX-A02-021","canonical","no-merge","A02","9.4","施設ごとの大気排出基準と酸素補正",""
"DX-A04-012","DX-A04-012","canonical","no-merge","A04","11.2","クラフトパルプまたはサルファイトパルプの塩素系漂白（令別表第二第1号）",""
"DX-A04-013","DX-A04-013","canonical","no-merge","A04","11.2","カーバイド法アセチレン製造に伴う洗浄（令別表第二第2号）",""
"DX-A04-014","DX-A04-014","canonical","no-merge","A04","11.2","硫酸カリウム製造の排ガス処理（令別表第二第3号）",""
"DX-A04-015","DX-A04-015","canonical","no-merge","A04","11.2","アルミナ繊維製造の排ガス処理（令別表第二第4号）",""
"DX-A04-016","DX-A04-016","canonical","no-merge","A04","11.2","塩素系原料を使う担体付き触媒製造炉の排ガス処理（令別表第二第5号）",""
"DX-A04-017","DX-A04-017","canonical","no-merge","A04","11.2","塩化ビニルモノマー製造の二塩化エチレン洗浄（令別表第二第6号）",""
"DX-A04-018","DX-A04-018","canonical","no-merge","A04","11.2","塩化ニトロシルを使うカプロラクタム製造（令別表第二第7号）",""
"DX-A04-019","DX-A04-019","canonical","no-merge","A04","11.2","クロロベンゼンまたはジクロロベンゼン製造（令別表第二第8号）",""
"DX-A04-020","DX-A04-020","canonical","no-merge","A04","11.2","4-クロロフタル酸水素ナトリウム製造（令別表第二第9号）",""
"DX-A04-021","DX-A04-021","canonical","no-merge","A04","11.2","2,3-ジクロロ-1,4-ナフトキノン製造（令別表第二第10号）",""
"DX-A04-022","DX-A04-022","canonical","no-merge","A04","11.2","ジオキサジンバイオレット製造（令別表第二第11号）",""
"DX-A04-023","DX-A04-023","canonical","no-merge","A04","11.3","アルミニウムまたはその合金の炉の排ガス処理（令別表第二第12号）",""
"DX-A04-024","DX-A04-024","canonical","no-merge","A04","11.3","製鋼用電気炉ばいじんからの亜鉛回収（令別表第二第13号）",""
"DX-A04-025","DX-A04-025","canonical","no-merge","A04","11.3","使用済み担体付き触媒からの金属回収（令別表第二第14号）",""
"DX-A04-026","DX-A04-026","canonical","no-merge","A04","11.3","特定廃棄物焼却炉の湿式ガス処理・灰貯留（令別表第二第15号）",""
"DX-A04-027","DX-A04-027","canonical","no-merge","A04","11.3","廃PCB等の分解およびPCB汚染物等の洗浄・分離（令別表第二第16号）",""
"DX-A04-028","DX-A04-028","canonical","no-merge","A04","11.3","特定フロン類を一定の方法で破壊（令別表第二第17号）",""
"DX-A04-029","DX-A04-029","canonical","no-merge","A04","11.4","指定対象排水を受け入れる下水道終末処理（令別表第二第18号）",""
"DX-A04-030","DX-A04-030","canonical","no-merge","A04","11.4","指定施設を持つ事業場からの水の処理（令別表第二第19号）",""
"DX-A04-031","DX-A04-031","canonical","no-merge","A04","11.5","水質排出基準10 pg-TEQ/Lと環境基準の区別",""
"DX-A04-032","DX-A04-032","canonical","no-merge","A04","11.5","水質排出の対象は施設からではなく事業場排出水",""
"DX-A04-033","DX-A04-033","canonical","no-merge","A04","11.4","水質第18号・第19号の汚水由来と除外条件",""
"DX-A04-034","DX-A04-034","canonical","no-merge","A04","11.5","排出水基準と水質対象施設の条件付き指定",""
"DX-G05-015","DX-G05-015","distinct-cross-reference","no-merge","G05","5.2","前駆体経路とde novo合成の併存・判別上の限界","新設項の固有の編集責任。既存の隣接項と統合しない"
"DX-A01-015","DX-A01-015","distinct-cross-reference","no-merge","A01","8.3","電気集じんの放電・粒子比抵抗・逆電離","新設項の固有の編集責任。既存の隣接項と統合しない"
"DX-A02-022","DX-A02-022","distinct-cross-reference","no-merge","A02","9.1","大気5号の工程別分類と生成・対策の比較","新設項の固有の編集責任。既存の隣接項と統合しない"
"DX-A04-035","DX-A04-035","distinct-cross-reference","no-merge","A04","11.1","水質特定施設19号の用途・工程別分類","新設項の固有の編集責任。既存の隣接項と統合しない"
"DX-A04-036","DX-A04-036","distinct-cross-reference","no-merge","A04","11.1","水質特定施設と事業場排出水の法的区別（導入）","新設項の固有の編集責任。既存の隣接項と統合しない"
"DX-A04-037","DX-A04-037","distinct-cross-reference","no-merge","A04","11.5","水質対象施設の届出・測定と適用条件の総合判断","新設項の固有の編集責任。既存の隣接項と統合しない"
"DX-G01-022","DX-G01-022","distinct-cross-reference","no-merge","G01","1.4","公害防止組織法とダイ特法の施設指定の違い","第28パス：近接する既存概念とは教材上の確認すべき論点が異なる"
"DX-G01-023","DX-G01-023","distinct-cross-reference","no-merge","G01","1.1","特措法附則第2条の臭素系ダイオキシン調査研究","第28パス：近接する既存概念とは教材上の確認すべき論点が異なる"
"DX-G03-014","DX-G03-014","distinct-cross-reference","no-merge","G03","3.5","特定施設の設置基数・構成比と排出量の違い","第28パス：近接する既存概念とは教材上の確認すべき論点が異なる"
"DX-G04-016","DX-G04-016","distinct-cross-reference","no-merge","G04","4.2","TEF付与異性体数の同族体別集計","第28パス：近接する既存概念とは教材上の確認すべき論点が異なる"
"DX-G04-017","DX-G04-017","distinct-cross-reference","no-merge","G04","4.4","PCBの塩素数別融点・蒸気圧の物性表","第28パス：近接する既存概念とは教材上の確認すべき論点が異なる"
"DX-G04-018","DX-G04-018","distinct-cross-reference","no-merge","G04","4.3","臭素系ダイオキシン類の暫定TEF援用と正式係数","第28パス：近接する既存概念とは教材上の確認すべき論点が異なる"
"DX-A01-016","DX-A01-016","distinct-cross-reference","no-merge","A01","8.4","触媒分解率・SV・処理流量の算定","第28パス：近接する既存概念とは教材上の確認すべき論点が異なる"
"DX-G01-024","DX-G01-024","distinct-cross-reference","no-merge","G01","1.5","公害防止管理者の管理する技術的事項（発生施設の点検と処理施設の補修）","第32パス：特定工場の公害防止組織整備法施行規則6条7項の管理業務であり、ダイ特法の施設届出や事業者測定義務に同化しない。"
