"knowledge_id","related_knowledge_id","relation_type","why_not_merge"
"DX-I-001","DX-G01-004","overview-vs-statutory-definition","序章では概念紹介、法令定義は第1章に主説明を置く"
"DX-I-002","DX-G04-001","overview-vs-chemical-structure","構造の厳密な説明は第4章"
"DX-I-003","DX-G04-003","overview-vs-chemical-structure","DL-PCB構造は第4章で詳説"
"DX-I-005","DX-G04-007","overview-vs-definition","序章のTEF導入と第4章の正式定義は別"
"DX-G01-005","DX-G06-010","legal-definition-vs-risk-assessment","TDIの法的位置付けと生体リスク評価は別"
"DX-G01-019","DX-G07-010","statutory-process-vs-admin-implementation","法的指定と行政対応の解説を分離"
"DX-G01-014","DX-A04-031","general-vs-water-regulation-applied","共通法規と対象施設の適用"
"DX-G02-005","DX-G01-001","history-vs-current-statute","成立史と現行法体系"
"DX-G03-002","DX-G07-002","statistics-method-vs-administrative-use","インベントリーの推計手法と政策運用"
"DX-G05-014","DX-A01-004","mechanism-vs-countermeasure","生成条件と急冷対策は別"
"DX-G05-008","DX-A04-017","general-chlorine-chemistry-vs-process","一般の塩素反応とVCM個別工程"
"DX-G04-008","DX-A05-013","teq-principle-vs-measurement-processing","TEQ原理と測定結果の計算工程"
"DX-A02-005","DX-A02-020","threshold-vs-combined-rating","焼却炉個別閾値と複数炉合算"
"DX-A02-008","DX-A02-019","new-existing-rule-vs-exception","新設既設の基本と適用日例外"
"DX-A02-009","DX-A02-021","capacity-standards-vs-oxygen-correction","能力別排出値と酸素濃度補正"
"DX-A02-003","DX-A02-017","category-vs-specified-aluminum-furnace","非鉄カテゴリとアルミ合金製造施設"
"DX-A04-001","DX-A04-012","technology-overview-vs-statutory-facility","パルプ漂白技術と施設指定"
"DX-A04-003","DX-A04-023","category-vs-specific-metal-facility","金属系施設の概説とアルミ排ガス洗浄"
"DX-A04-011","DX-A04-034","application-general-vs-exception","対象判定と限定条件"
"DX-A04-008","DX-A04-033","facility-vs-effluent-boundary","対象施設と排出水の一般概念・18/19号の条件"
