"question_id","year","era","subject","question_number","official_answer_choice","verification_status","legal_scope_as_of","source_file"
"R03-G-Q01","2021","R03","G","1","4","official-PDF-column-consistent","2021-04-01","R03_正解.pdf"
"R03-A-Q01","2021","R03","A","1","3","official-PDF-column-consistent","2021-04-01","R03_正解.pdf"
"R03-G-Q02","2021","R03","G","2","1","official-PDF-column-consistent","2021-04-01","R03_正解.pdf"
"R03-A-Q02","2021","R03","A","2","5","official-PDF-column-consistent","2021-04-01","R03_正解.pdf"
"R03-G-Q03","2021","R03","G","3","3","official-PDF-column-consistent","2021-04-01","R03_正解.pdf"
"R03-A-Q03","2021","R03","A","3","2","official-PDF-column-consistent","2021-04-01","R03_正解.pdf"
"R03-G-Q04","2021","R03","G","4","5","official-PDF-column-consistent","2021-04-01","R03_正解.pdf"
"R03-A-Q04","2021","R03","A","4","5","official-PDF-column-consistent","2021-04-01","R03_正解.pdf"
"R03-G-Q05","2021","R03","G","5","5","official-PDF-column-consistent","2021-04-01","R03_正解.pdf"
"R03-A-Q05","2021","R03","A","5","5","official-PDF-column-consistent","2021-04-01","R03_正解.pdf"
"R03-G-Q06","2021","R03","G","6","3","official-PDF-column-consistent","2021-04-01","R03_正解.pdf"
"R03-A-Q06","2021","R03","A","6","2","official-PDF-column-consistent","2021-04-01","R03_正解.pdf"
"R03-G-Q07","2021","R03","G","7","3","official-PDF-column-consistent","2021-04-01","R03_正解.pdf"
"R03-A-Q07","2021","R03","A","7","2","official-PDF-column-consistent","2021-04-01","R03_正解.pdf"
"R03-G-Q08","2021","R03","G","8","4","official-PDF-column-consistent","2021-04-01","R03_正解.pdf"
"R03-A-Q08","2021","R03","A","8","1","official-PDF-column-consistent","2021-04-01","R03_正解.pdf"
"R03-G-Q09","2021","R03","G","9","4","official-PDF-column-consistent","2021-04-01","R03_正解.pdf"
"R03-A-Q09","2021","R03","A","9","3","official-PDF-column-consistent","2021-04-01","R03_正解.pdf"
"R03-G-Q10","2021","R03","G","10","2","official-PDF-column-consistent","2021-04-01","R03_正解.pdf"
"R03-A-Q10","2021","R03","A","10","4","official-PDF-column-consistent","2021-04-01","R03_正解.pdf"
"R03-G-Q11","2021","R03","G","11","3","official-PDF-column-consistent","2021-04-01","R03_正解.pdf"
"R03-A-Q11","2021","R03","A","11","3","official-PDF-column-consistent","2021-04-01","R03_正解.pdf"
"R03-G-Q12","2021","R03","G","12","2","official-PDF-column-consistent","2021-04-01","R03_正解.pdf"
"R03-A-Q12","2021","R03","A","12","1","official-PDF-column-consistent","2021-04-01","R03_正解.pdf"
"R03-G-Q13","2021","R03","G","13","1","official-PDF-column-consistent","2021-04-01","R03_正解.pdf"
"R03-A-Q13","2021","R03","A","13","4","official-PDF-column-consistent","2021-04-01","R03_正解.pdf"
"R03-G-Q14","2021","R03","G","14","5","official-PDF-column-consistent","2021-04-01","R03_正解.pdf"
"R03-A-Q14","2021","R03","A","14","5","official-PDF-column-consistent","2021-04-01","R03_正解.pdf"
"R03-G-Q15","2021","R03","G","15","4","official-PDF-column-consistent","2021-04-01","R03_正解.pdf"
"R03-A-Q15","2021","R03","A","15","1","official-PDF-column-consistent","2021-04-01","R03_正解.pdf"
"R03-A-Q16","2021","R03","A","16","2","official-PDF-column-consistent","2021-04-01","R03_正解.pdf"
"R03-A-Q17","2021","R03","A","17","4","official-PDF-column-consistent","2021-04-01","R03_正解.pdf"
"R03-A-Q18","2021","R03","A","18","1","official-PDF-column-consistent","2021-04-01","R03_正解.pdf"
"R03-A-Q19","2021","R03","A","19","1","official-PDF-column-consistent","2021-04-01","R03_正解.pdf"
"R03-A-Q20","2021","R03","A","20","2","official-PDF-column-consistent","2021-04-01","R03_正解.pdf"
"R03-A-Q21","2021","R03","A","21","4","official-PDF-column-consistent","2021-04-01","R03_正解.pdf"
"R03-A-Q22","2021","R03","A","22","4","official-PDF-column-consistent","2021-04-01","R03_正解.pdf"
"R03-A-Q23","2021","R03","A","23","5","official-PDF-column-consistent","2021-04-01","R03_正解.pdf"
"R03-A-Q24","2021","R03","A","24","3","official-PDF-column-consistent","2021-04-01","R03_正解.pdf"
"R03-A-Q25","2021","R03","A","25","3","official-PDF-column-consistent","2021-04-01","R03_正解.pdf"
"R04-G-Q01","2022","R04","G","1","3","official-PDF-column-consistent","2022-04-01","R04_正解.pdf"
"R04-A-Q01","2022","R04","A","1","1","official-PDF-column-consistent","2022-04-01","R04_正解.pdf"
"R04-G-Q02","2022","R04","G","2","5","official-PDF-column-consistent","2022-04-01","R04_正解.pdf"
"R04-A-Q02","2022","R04","A","2","2","official-PDF-column-consistent","2022-04-01","R04_正解.pdf"
"R04-G-Q03","2022","R04","G","3","2","official-PDF-column-consistent","2022-04-01","R04_正解.pdf"
"R04-A-Q03","2022","R04","A","3","1","official-PDF-column-consistent","2022-04-01","R04_正解.pdf"
"R04-G-Q04","2022","R04","G","4","4","official-PDF-column-consistent","2022-04-01","R04_正解.pdf"
"R04-A-Q04","2022","R04","A","4","2","official-PDF-column-consistent","2022-04-01","R04_正解.pdf"
"R04-G-Q05","2022","R04","G","5","3","official-PDF-column-consistent","2022-04-01","R04_正解.pdf"
"R04-A-Q05","2022","R04","A","5","5","official-PDF-column-consistent","2022-04-01","R04_正解.pdf"
"R04-G-Q06","2022","R04","G","6","4","official-PDF-column-consistent","2022-04-01","R04_正解.pdf"
"R04-A-Q06","2022","R04","A","6","2","official-PDF-column-consistent","2022-04-01","R04_正解.pdf"
"R04-G-Q07","2022","R04","G","7","4","official-PDF-column-consistent","2022-04-01","R04_正解.pdf"
"R04-A-Q07","2022","R04","A","7","2","official-PDF-column-consistent","2022-04-01","R04_正解.pdf"
"R04-G-Q08","2022","R04","G","8","3","official-PDF-column-consistent","2022-04-01","R04_正解.pdf"
"R04-A-Q08","2022","R04","A","8","2","official-PDF-column-consistent","2022-04-01","R04_正解.pdf"
"R04-G-Q09","2022","R04","G","9","2","official-PDF-column-consistent","2022-04-01","R04_正解.pdf"
"R04-A-Q09","2022","R04","A","9","4","official-PDF-column-consistent","2022-04-01","R04_正解.pdf"
"R04-G-Q10","2022","R04","G","10","1","official-PDF-column-consistent","2022-04-01","R04_正解.pdf"
"R04-A-Q10","2022","R04","A","10","1","official-PDF-column-consistent","2022-04-01","R04_正解.pdf"
"R04-G-Q11","2022","R04","G","11","3","official-PDF-column-consistent","2022-04-01","R04_正解.pdf"
"R04-A-Q11","2022","R04","A","11","2","official-PDF-column-consistent","2022-04-01","R04_正解.pdf"
"R04-G-Q12","2022","R04","G","12","3","official-PDF-column-consistent","2022-04-01","R04_正解.pdf"
"R04-A-Q12","2022","R04","A","12","3","official-PDF-column-consistent","2022-04-01","R04_正解.pdf"
"R04-G-Q13","2022","R04","G","13","5","official-PDF-column-consistent","2022-04-01","R04_正解.pdf"
"R04-A-Q13","2022","R04","A","13","3","official-PDF-column-consistent","2022-04-01","R04_正解.pdf"
"R04-G-Q14","2022","R04","G","14","4","official-PDF-column-consistent","2022-04-01","R04_正解.pdf"
"R04-A-Q14","2022","R04","A","14","1","official-PDF-column-consistent","2022-04-01","R04_正解.pdf"
"R04-G-Q15","2022","R04","G","15","2","official-PDF-column-consistent","2022-04-01","R04_正解.pdf"
"R04-A-Q15","2022","R04","A","15","3","official-PDF-column-consistent","2022-04-01","R04_正解.pdf"
"R04-A-Q16","2022","R04","A","16","4","official-PDF-column-consistent","2022-04-01","R04_正解.pdf"
"R04-A-Q17","2022","R04","A","17","3","official-PDF-column-consistent","2022-04-01","R04_正解.pdf"
"R04-A-Q18","2022","R04","A","18","3","official-PDF-column-consistent","2022-04-01","R04_正解.pdf"
"R04-A-Q19","2022","R04","A","19","5","official-PDF-column-consistent","2022-04-01","R04_正解.pdf"
"R04-A-Q20","2022","R04","A","20","3","official-PDF-column-consistent","2022-04-01","R04_正解.pdf"
"R04-A-Q21","2022","R04","A","21","2","official-PDF-column-consistent","2022-04-01","R04_正解.pdf"
"R04-A-Q22","2022","R04","A","22","3","official-PDF-column-consistent","2022-04-01","R04_正解.pdf"
"R04-A-Q23","2022","R04","A","23","4","official-PDF-column-consistent","2022-04-01","R04_正解.pdf"
"R04-A-Q24","2022","R04","A","24","5","official-PDF-column-consistent","2022-04-01","R04_正解.pdf"
"R04-A-Q25","2022","R04","A","25","5","official-PDF-column-consistent","2022-04-01","R04_正解.pdf"
"R05-G-Q01","2023","R05","G","1","3","official-PDF-column-consistent","2023-04-01","R05_正解.pdf"
"R05-A-Q01","2023","R05","A","1","4","official-PDF-column-consistent","2023-04-01","R05_正解.pdf"
"R05-G-Q02","2023","R05","G","2","5","official-PDF-column-consistent","2023-04-01","R05_正解.pdf"
"R05-A-Q02","2023","R05","A","2","1","official-PDF-column-consistent","2023-04-01","R05_正解.pdf"
"R05-G-Q03","2023","R05","G","3","1","official-PDF-column-consistent","2023-04-01","R05_正解.pdf"
"R05-A-Q03","2023","R05","A","3","1","official-PDF-column-consistent","2023-04-01","R05_正解.pdf"
"R05-G-Q04","2023","R05","G","4","5","official-PDF-column-consistent","2023-04-01","R05_正解.pdf"
"R05-A-Q04","2023","R05","A","4","4","official-PDF-column-consistent","2023-04-01","R05_正解.pdf"
"R05-G-Q05","2023","R05","G","5","4","official-PDF-column-consistent","2023-04-01","R05_正解.pdf"
"R05-A-Q05","2023","R05","A","5","2","official-PDF-column-consistent","2023-04-01","R05_正解.pdf"
"R05-G-Q06","2023","R05","G","6","5","official-PDF-column-consistent","2023-04-01","R05_正解.pdf"
"R05-A-Q06","2023","R05","A","6","5","official-PDF-column-consistent","2023-04-01","R05_正解.pdf"
"R05-G-Q07","2023","R05","G","7","3","official-PDF-column-consistent","2023-04-01","R05_正解.pdf"
"R05-A-Q07","2023","R05","A","7","2","official-PDF-column-consistent","2023-04-01","R05_正解.pdf"
"R05-G-Q08","2023","R05","G","8","3","official-PDF-column-consistent","2023-04-01","R05_正解.pdf"
"R05-A-Q08","2023","R05","A","8","2","official-PDF-column-consistent","2023-04-01","R05_正解.pdf"
"R05-G-Q09","2023","R05","G","9","3","official-PDF-column-consistent","2023-04-01","R05_正解.pdf"
"R05-A-Q09","2023","R05","A","9","1","official-PDF-column-consistent","2023-04-01","R05_正解.pdf"
"R05-G-Q10","2023","R05","G","10","2","official-PDF-column-consistent","2023-04-01","R05_正解.pdf"
"R05-A-Q10","2023","R05","A","10","2","official-PDF-column-consistent","2023-04-01","R05_正解.pdf"
"R05-G-Q11","2023","R05","G","11","2","official-PDF-column-consistent","2023-04-01","R05_正解.pdf"
"R05-A-Q11","2023","R05","A","11","1","official-PDF-column-consistent","2023-04-01","R05_正解.pdf"
"R05-G-Q12","2023","R05","G","12","4","official-PDF-column-consistent","2023-04-01","R05_正解.pdf"
"R05-A-Q12","2023","R05","A","12","3","official-PDF-column-consistent","2023-04-01","R05_正解.pdf"
"R05-G-Q13","2023","R05","G","13","5","official-PDF-column-consistent","2023-04-01","R05_正解.pdf"
"R05-A-Q13","2023","R05","A","13","3","official-PDF-column-consistent","2023-04-01","R05_正解.pdf"
"R05-G-Q14","2023","R05","G","14","5","official-PDF-column-consistent","2023-04-01","R05_正解.pdf"
"R05-A-Q14","2023","R05","A","14","5","official-PDF-column-consistent","2023-04-01","R05_正解.pdf"
"R05-G-Q15","2023","R05","G","15","1","official-PDF-column-consistent","2023-04-01","R05_正解.pdf"
"R05-A-Q15","2023","R05","A","15","5","official-PDF-column-consistent","2023-04-01","R05_正解.pdf"
"R05-A-Q16","2023","R05","A","16","5","official-PDF-column-consistent","2023-04-01","R05_正解.pdf"
"R05-A-Q17","2023","R05","A","17","5","official-PDF-column-consistent","2023-04-01","R05_正解.pdf"
"R05-A-Q18","2023","R05","A","18","4","official-PDF-column-consistent","2023-04-01","R05_正解.pdf"
"R05-A-Q19","2023","R05","A","19","5","official-PDF-column-consistent","2023-04-01","R05_正解.pdf"
"R05-A-Q20","2023","R05","A","20","4","official-PDF-column-consistent","2023-04-01","R05_正解.pdf"
"R05-A-Q21","2023","R05","A","21","3","official-PDF-column-consistent","2023-04-01","R05_正解.pdf"
"R05-A-Q22","2023","R05","A","22","4","official-PDF-column-consistent","2023-04-01","R05_正解.pdf"
"R05-A-Q23","2023","R05","A","23","4","official-PDF-column-consistent","2023-04-01","R05_正解.pdf"
"R05-A-Q24","2023","R05","A","24","3","official-PDF-column-consistent","2023-04-01","R05_正解.pdf"
"R05-A-Q25","2023","R05","A","25","2","official-PDF-column-consistent","2023-04-01","R05_正解.pdf"
"R06-G-Q01","2024","R06","G","1","1","official-PDF-column-consistent","2024-04-01","R06_正解.pdf"
"R06-A-Q01","2024","R06","A","1","5","official-PDF-column-consistent","2024-04-01","R06_正解.pdf"
"R06-G-Q02","2024","R06","G","2","5","official-PDF-column-consistent","2024-04-01","R06_正解.pdf"
"R06-A-Q02","2024","R06","A","2","5","official-PDF-column-consistent","2024-04-01","R06_正解.pdf"
"R06-G-Q03","2024","R06","G","3","1","official-PDF-column-consistent","2024-04-01","R06_正解.pdf"
"R06-A-Q03","2024","R06","A","3","2","official-PDF-column-consistent","2024-04-01","R06_正解.pdf"
"R06-G-Q04","2024","R06","G","4","5","official-PDF-column-consistent","2024-04-01","R06_正解.pdf"
"R06-A-Q04","2024","R06","A","4","4","official-PDF-column-consistent","2024-04-01","R06_正解.pdf"
"R06-G-Q05","2024","R06","G","5","5","official-PDF-column-consistent","2024-04-01","R06_正解.pdf"
"R06-A-Q05","2024","R06","A","5","2","official-PDF-column-consistent","2024-04-01","R06_正解.pdf"
"R06-G-Q06","2024","R06","G","6","3","official-PDF-column-consistent","2024-04-01","R06_正解.pdf"
"R06-A-Q06","2024","R06","A","6","5","official-PDF-column-consistent","2024-04-01","R06_正解.pdf"
"R06-G-Q07","2024","R06","G","7","5","official-PDF-column-consistent","2024-04-01","R06_正解.pdf"
"R06-A-Q07","2024","R06","A","7","5","official-PDF-column-consistent","2024-04-01","R06_正解.pdf"
"R06-G-Q08","2024","R06","G","8","2","official-PDF-column-consistent","2024-04-01","R06_正解.pdf"
"R06-A-Q08","2024","R06","A","8","1","official-PDF-column-consistent","2024-04-01","R06_正解.pdf"
"R06-G-Q09","2024","R06","G","9","4","official-PDF-column-consistent","2024-04-01","R06_正解.pdf"
"R06-A-Q09","2024","R06","A","9","2","official-PDF-column-consistent","2024-04-01","R06_正解.pdf"
"R06-G-Q10","2024","R06","G","10","4","official-PDF-column-consistent","2024-04-01","R06_正解.pdf"
"R06-A-Q10","2024","R06","A","10","3","official-PDF-column-consistent","2024-04-01","R06_正解.pdf"
"R06-G-Q11","2024","R06","G","11","4","official-PDF-column-consistent","2024-04-01","R06_正解.pdf"
"R06-A-Q11","2024","R06","A","11","2","official-PDF-column-consistent","2024-04-01","R06_正解.pdf"
"R06-G-Q12","2024","R06","G","12","3","official-PDF-column-consistent","2024-04-01","R06_正解.pdf"
"R06-A-Q12","2024","R06","A","12","4","official-PDF-column-consistent","2024-04-01","R06_正解.pdf"
"R06-G-Q13","2024","R06","G","13","2","official-PDF-column-consistent","2024-04-01","R06_正解.pdf"
"R06-A-Q13","2024","R06","A","13","4","official-PDF-column-consistent","2024-04-01","R06_正解.pdf"
"R06-G-Q14","2024","R06","G","14","3","official-PDF-column-consistent","2024-04-01","R06_正解.pdf"
"R06-A-Q14","2024","R06","A","14","1","official-PDF-column-consistent","2024-04-01","R06_正解.pdf"
"R06-G-Q15","2024","R06","G","15","3","official-PDF-column-consistent","2024-04-01","R06_正解.pdf"
"R06-A-Q15","2024","R06","A","15","1","official-PDF-column-consistent","2024-04-01","R06_正解.pdf"
"R06-A-Q16","2024","R06","A","16","1","official-PDF-column-consistent","2024-04-01","R06_正解.pdf"
"R06-A-Q17","2024","R06","A","17","3","official-PDF-column-consistent","2024-04-01","R06_正解.pdf"
"R06-A-Q18","2024","R06","A","18","5","official-PDF-column-consistent","2024-04-01","R06_正解.pdf"
"R06-A-Q19","2024","R06","A","19","2","official-PDF-column-consistent","2024-04-01","R06_正解.pdf"
"R06-A-Q20","2024","R06","A","20","5","official-PDF-column-consistent","2024-04-01","R06_正解.pdf"
"R06-A-Q21","2024","R06","A","21","2","official-PDF-column-consistent","2024-04-01","R06_正解.pdf"
"R06-A-Q22","2024","R06","A","22","3","official-PDF-column-consistent","2024-04-01","R06_正解.pdf"
"R06-A-Q23","2024","R06","A","23","4","official-PDF-column-consistent","2024-04-01","R06_正解.pdf"
"R06-A-Q24","2024","R06","A","24","3","official-PDF-column-consistent","2024-04-01","R06_正解.pdf"
"R06-A-Q25","2024","R06","A","25","4","official-PDF-column-consistent","2024-04-01","R06_正解.pdf"
"R07-G-Q01","2025","R07","G","1","3","official-PDF-visually-checked","2025-04-01","R07_正解.pdf"
"R07-A-Q01","2025","R07","A","1","2","official-PDF-visually-checked","2025-04-01","R07_正解.pdf"
"R07-G-Q02","2025","R07","G","2","4","official-PDF-visually-checked","2025-04-01","R07_正解.pdf"
"R07-A-Q02","2025","R07","A","2","1","official-PDF-visually-checked","2025-04-01","R07_正解.pdf"
"R07-G-Q03","2025","R07","G","3","5","official-PDF-visually-checked","2025-04-01","R07_正解.pdf"
"R07-A-Q03","2025","R07","A","3","2","official-PDF-visually-checked","2025-04-01","R07_正解.pdf"
"R07-G-Q04","2025","R07","G","4","2","official-PDF-visually-checked","2025-04-01","R07_正解.pdf"
"R07-A-Q04","2025","R07","A","4","5","official-PDF-visually-checked","2025-04-01","R07_正解.pdf"
"R07-G-Q05","2025","R07","G","5","2","official-PDF-visually-checked","2025-04-01","R07_正解.pdf"
"R07-A-Q05","2025","R07","A","5","3","official-PDF-visually-checked","2025-04-01","R07_正解.pdf"
"R07-G-Q06","2025","R07","G","6","3","official-PDF-visually-checked","2025-04-01","R07_正解.pdf"
"R07-A-Q06","2025","R07","A","6","4","official-PDF-visually-checked","2025-04-01","R07_正解.pdf"
"R07-G-Q07","2025","R07","G","7","1","official-PDF-visually-checked","2025-04-01","R07_正解.pdf"
"R07-A-Q07","2025","R07","A","7","5","official-PDF-visually-checked","2025-04-01","R07_正解.pdf"
"R07-G-Q08","2025","R07","G","8","5","official-PDF-visually-checked","2025-04-01","R07_正解.pdf"
"R07-A-Q08","2025","R07","A","8","4","official-PDF-visually-checked","2025-04-01","R07_正解.pdf"
"R07-G-Q09","2025","R07","G","9","5","official-PDF-visually-checked","2025-04-01","R07_正解.pdf"
"R07-A-Q09","2025","R07","A","9","3","official-PDF-visually-checked","2025-04-01","R07_正解.pdf"
"R07-G-Q10","2025","R07","G","10","4","official-PDF-visually-checked","2025-04-01","R07_正解.pdf"
"R07-A-Q10","2025","R07","A","10","3","official-PDF-visually-checked","2025-04-01","R07_正解.pdf"
"R07-G-Q11","2025","R07","G","11","1","official-PDF-visually-checked","2025-04-01","R07_正解.pdf"
"R07-A-Q11","2025","R07","A","11","4","official-PDF-visually-checked","2025-04-01","R07_正解.pdf"
"R07-G-Q12","2025","R07","G","12","3","official-PDF-visually-checked","2025-04-01","R07_正解.pdf"
"R07-A-Q12","2025","R07","A","12","5","official-PDF-visually-checked","2025-04-01","R07_正解.pdf"
"R07-G-Q13","2025","R07","G","13","1","official-PDF-visually-checked","2025-04-01","R07_正解.pdf"
"R07-A-Q13","2025","R07","A","13","3","official-PDF-visually-checked","2025-04-01","R07_正解.pdf"
"R07-G-Q14","2025","R07","G","14","5","official-PDF-visually-checked","2025-04-01","R07_正解.pdf"
"R07-A-Q14","2025","R07","A","14","5","official-PDF-visually-checked","2025-04-01","R07_正解.pdf"
"R07-G-Q15","2025","R07","G","15","5","official-PDF-visually-checked","2025-04-01","R07_正解.pdf"
"R07-A-Q15","2025","R07","A","15","4","official-PDF-visually-checked","2025-04-01","R07_正解.pdf"
"R07-A-Q16","2025","R07","A","16","3","official-PDF-visually-checked","2025-04-01","R07_正解.pdf"
"R07-A-Q17","2025","R07","A","17","1","official-PDF-visually-checked","2025-04-01","R07_正解.pdf"
"R07-A-Q18","2025","R07","A","18","2","official-PDF-visually-checked","2025-04-01","R07_正解.pdf"
"R07-A-Q19","2025","R07","A","19","2","official-PDF-visually-checked","2025-04-01","R07_正解.pdf"
"R07-A-Q20","2025","R07","A","20","4","official-PDF-visually-checked","2025-04-01","R07_正解.pdf"
"R07-A-Q21","2025","R07","A","21","5","official-PDF-visually-checked","2025-04-01","R07_正解.pdf"
"R07-A-Q22","2025","R07","A","22","1","official-PDF-visually-checked","2025-04-01","R07_正解.pdf"
"R07-A-Q23","2025","R07","A","23","3","official-PDF-visually-checked","2025-04-01","R07_正解.pdf"
"R07-A-Q24","2025","R07","A","24","5","official-PDF-visually-checked","2025-04-01","R07_正解.pdf"
"R07-A-Q25","2025","R07","A","25","2","official-PDF-visually-checked","2025-04-01","R07_正解.pdf"
