"question_id","calendar_year","era","subject","question_number","primary_chapter","primary_section","topic_paraphrase","candidate_knowledge_ids","extracted_choice_markers","choice_markers_in_order","visual_review_required","review_flags","topic_mapping_status","correct_choice_status","original_pdf_location"
"R03-G-Q01","2021","R03","G","1","G01","1.3","環境基準と達成評価","DX-G01-007 DX-G01-008 DX-G01-009 DX-G01-010","5","yes","no","","question-level-provisional","NOT-VERIFIED","private-user-supplied-pdf"
"R03-G-Q02","2021","R03","G","2","G01","1.5","法規制と特定施設・行政手続","DX-G01-015 DX-G01-016 DX-G01-017 DX-G01-018","5","yes","yes","underlined","question-level-provisional","NOT-VERIFIED","private-user-supplied-pdf"
"R03-G-Q03","2021","R03","G","3","G01","1.5","法規制と特定施設・行政手続","DX-G01-015 DX-G01-016 DX-G01-017 DX-G01-018","0","no","yes","underlined;choice-order-extraction-unreliable","question-level-provisional","NOT-VERIFIED","private-user-supplied-pdf"
"R03-G-Q04","2021","R03","G","4","G01","1.4","法規制と特定施設・行政手続","DX-G01-015 DX-G01-016 DX-G01-017 DX-G01-018","14","no","yes","choice-order-extraction-unreliable","question-level-provisional","NOT-VERIFIED","private-user-supplied-pdf"
"R03-G-Q05","2021","R03","G","5","G01","1.5","公害防止組織とダイオキシン類発生施設","DX-G01-015 DX-G01-016 DX-G01-017 DX-G01-018","5","yes","no","","question-level-provisional","NOT-VERIFIED","private-user-supplied-pdf"
"R03-G-Q06","2021","R03","G","6","G04","4.2","基礎知識（要細分類）","DX-G04-001 DX-G04-002 DX-G04-003","5","yes","no","","question-level-provisional","NOT-VERIFIED","private-user-supplied-pdf"
"R03-G-Q07","2021","R03","G","7","G03","3.2","法規制と特定施設・行政手続","DX-G01-015 DX-G01-016 DX-G01-017 DX-G01-018","5","yes","no","","question-level-provisional","NOT-VERIFIED","private-user-supplied-pdf"
"R03-G-Q08","2021","R03","G","8","G03","3.1","排出・環境調査の年次統計","DX-G03-007 DX-G03-008","5","yes","no","","question-level-provisional","NOT-VERIFIED","private-user-supplied-pdf"
"R03-G-Q09","2021","R03","G","9","G04","4.2","物質構造・物性・TEF","DX-G04-004 DX-G04-005 DX-G04-006","5","yes","no","","question-level-provisional","NOT-VERIFIED","private-user-supplied-pdf"
"R03-G-Q10","2021","R03","G","10","G04","4.4","物質構造・物性・TEF","DX-G04-004 DX-G04-005 DX-G04-006","5","yes","no","","question-level-provisional","NOT-VERIFIED","private-user-supplied-pdf"
"R03-G-Q11","2021","R03","G","11","G04","4.3","毒性・健康影響とリスク指標","DX-G06-001 DX-G06-002 DX-G06-003","5","yes","no","","question-level-provisional","NOT-VERIFIED","private-user-supplied-pdf"
"R03-G-Q12","2021","R03","G","12","G04","4.3","物質構造・物性・TEF","DX-G04-004 DX-G04-005 DX-G04-006","5","yes","no","","question-level-provisional","NOT-VERIFIED","private-user-supplied-pdf"
"R03-G-Q13","2021","R03","G","13","G04","4.3","物質構造・物性・TEF","DX-G04-004 DX-G04-005 DX-G04-006","5","yes","no","","question-level-provisional","NOT-VERIFIED","private-user-supplied-pdf"
"R03-G-Q14","2021","R03","G","14","G05","5.2","生成経路と影響因子","DX-G05-004 DX-G05-005","5","yes","no","","question-level-provisional","NOT-VERIFIED","private-user-supplied-pdf"
"R03-G-Q15","2021","R03","G","15","G05","5.3","生成経路と影響因子","DX-G05-004 DX-G05-005","5","yes","no","","question-level-provisional","NOT-VERIFIED","private-user-supplied-pdf"
"R03-A-Q01","2021","R03","A","1","A01","8.3","大気排ガス処理・燃焼管理","DX-A01-006 DX-A01-007 DX-A01-008 DX-A01-009","5","yes","no","","question-level-provisional","NOT-VERIFIED","private-user-supplied-pdf"
"R03-A-Q02","2021","R03","A","2","A01","8.3","大気排ガス処理・燃焼管理","DX-A01-006 DX-A01-007 DX-A01-008 DX-A01-009","5","yes","no","","question-level-provisional","NOT-VERIFIED","private-user-supplied-pdf"
"R03-A-Q03","2021","R03","A","3","A01","8.4","化学製造・指定排水工程","DX-A04-001 DX-A04-002 DX-A04-003","0","no","yes","underlined;choice-order-extraction-unreliable","question-level-provisional","NOT-VERIFIED","private-user-supplied-pdf"
"R03-A-Q04","2021","R03","A","4","A01","8.3","大気排ガス処理・燃焼管理","DX-A01-006 DX-A01-007 DX-A01-008 DX-A01-009","10","no","yes","choice-order-extraction-unreliable","question-level-provisional","NOT-VERIFIED","private-user-supplied-pdf"
"R03-A-Q05","2021","R03","A","5","A01","8.4","測定・試料採取・分析・計算","DX-A05-007 DX-A05-008 DX-A05-009","5","yes","no","formula-or-calculation","question-level-provisional","NOT-VERIFIED","private-user-supplied-pdf"
"R03-A-Q06","2021","R03","A","6","A01","8.4","大気排ガス処理・燃焼管理","DX-A01-006 DX-A01-007 DX-A01-008 DX-A01-009","5","yes","yes","underlined","question-level-provisional","NOT-VERIFIED","private-user-supplied-pdf"
"R03-A-Q07","2021","R03","A","7","A01","8.4","大気排ガス処理・燃焼管理","DX-A01-006 DX-A01-007 DX-A01-008 DX-A01-009","5","yes","no","","question-level-provisional","NOT-VERIFIED","private-user-supplied-pdf"
"R03-A-Q08","2021","R03","A","8","A02","9.2","金属工業・指定施設の工程","DX-A02-001 DX-A02-002 DX-A02-003 DX-A02-004","5","yes","no","","question-level-provisional","NOT-VERIFIED","private-user-supplied-pdf"
"R03-A-Q09","2021","R03","A","9","A02","9.2","金属工業・指定施設の工程","DX-A02-001 DX-A02-002 DX-A02-003 DX-A02-004","5","yes","no","","question-level-provisional","NOT-VERIFIED","private-user-supplied-pdf"
"R03-A-Q10","2021","R03","A","10","A02","9.2","金属工業・指定施設の工程","DX-A02-001 DX-A02-002 DX-A02-003 DX-A02-004","5","yes","yes","underlined","question-level-provisional","NOT-VERIFIED","private-user-supplied-pdf"
"R03-A-Q11","2021","R03","A","11","A02","9.3","金属工業・指定施設の工程","DX-A02-001 DX-A02-002 DX-A02-003 DX-A02-004","5","yes","no","","question-level-provisional","NOT-VERIFIED","private-user-supplied-pdf"
"R03-A-Q12","2021","R03","A","12","A03","10.2","水質処理・固液分離","DX-A03-004 DX-A03-005 DX-A03-006","5","yes","no","","question-level-provisional","NOT-VERIFIED","private-user-supplied-pdf"
"R03-A-Q13","2021","R03","A","13","A03","10.2","水質処理・固液分離","DX-A03-004 DX-A03-005 DX-A03-006","5","yes","no","","question-level-provisional","NOT-VERIFIED","private-user-supplied-pdf"
"R03-A-Q14","2021","R03","A","14","A03","10.2","水質処理・固液分離","DX-A03-004 DX-A03-005 DX-A03-006","5","yes","no","","question-level-provisional","NOT-VERIFIED","private-user-supplied-pdf"
"R03-A-Q15","2021","R03","A","15","A04","11.2","化学製造・指定排水工程","DX-A04-001 DX-A04-002 DX-A04-003","0","no","yes","underlined;choice-order-extraction-unreliable","question-level-provisional","NOT-VERIFIED","private-user-supplied-pdf"
"R03-A-Q16","2021","R03","A","16","A04","11.2","化学製造・指定排水工程","DX-A04-001 DX-A04-002 DX-A04-003","10","no","yes","underlined;choice-order-extraction-unreliable","question-level-provisional","NOT-VERIFIED","private-user-supplied-pdf"
"R03-A-Q17","2021","R03","A","17","A05","12.1","測定・試料採取・分析・計算","DX-A05-007 DX-A05-008 DX-A05-009","5","yes","yes","figure","question-level-provisional","NOT-VERIFIED","private-user-supplied-pdf"
"R03-A-Q18","2021","R03","A","18","A05","12.2","測定・試料採取・分析・計算","DX-A05-007 DX-A05-008 DX-A05-009","5","yes","no","","question-level-provisional","NOT-VERIFIED","private-user-supplied-pdf"
"R03-A-Q19","2021","R03","A","19","A05","12.2","測定・試料採取・分析・計算","DX-A05-007 DX-A05-008 DX-A05-009","5","yes","no","","question-level-provisional","NOT-VERIFIED","private-user-supplied-pdf"
"R03-A-Q20","2021","R03","A","20","A05","12.5","測定・試料採取・分析・計算","DX-A05-007 DX-A05-008 DX-A05-009","5","yes","no","formula-or-calculation","question-level-provisional","NOT-VERIFIED","private-user-supplied-pdf"
"R03-A-Q21","2021","R03","A","21","A05","12.3","測定・試料採取・分析・計算","DX-A05-007 DX-A05-008 DX-A05-009","5","yes","no","","question-level-provisional","NOT-VERIFIED","private-user-supplied-pdf"
"R03-A-Q22","2021","R03","A","22","A05","12.4","測定・試料採取・分析・計算","DX-A05-007 DX-A05-008 DX-A05-009","5","yes","no","formula-or-calculation","question-level-provisional","NOT-VERIFIED","private-user-supplied-pdf"
"R03-A-Q23","2021","R03","A","23","A05","12.4","測定・試料採取・分析・計算","DX-A05-007 DX-A05-008 DX-A05-009","5","yes","no","formula-or-calculation","question-level-provisional","NOT-VERIFIED","private-user-supplied-pdf"
"R03-A-Q24","2021","R03","A","24","A05","12.5","測定・試料採取・分析・計算","DX-A05-007 DX-A05-008 DX-A05-009","5","yes","no","formula-or-calculation","question-level-provisional","NOT-VERIFIED","private-user-supplied-pdf"
"R03-A-Q25","2021","R03","A","25","A05","12.5","測定・試料採取・分析・計算","DX-A05-007 DX-A05-008 DX-A05-009","5","yes","yes","figure;formula-or-calculation","question-level-provisional","NOT-VERIFIED","private-user-supplied-pdf"
"R04-G-Q01","2022","R04","G","1","G01","1.3","環境基準と達成評価","DX-G01-007 DX-G01-008 DX-G01-009 DX-G01-010","5","yes","no","","question-level-provisional","NOT-VERIFIED","private-user-supplied-pdf"
"R04-G-Q02","2022","R04","G","2","G01","1.1","法規制と特定施設・行政手続","DX-G01-015 DX-G01-016 DX-G01-017 DX-G01-018","5","yes","yes","underlined","question-level-provisional","NOT-VERIFIED","private-user-supplied-pdf"
"R04-G-Q03","2022","R04","G","3","G01","1.5","法規制と特定施設・行政手続","DX-G01-015 DX-G01-016 DX-G01-017 DX-G01-018","5","yes","no","","question-level-provisional","NOT-VERIFIED","private-user-supplied-pdf"
"R04-G-Q04","2022","R04","G","4","G01","1.5","法規制と特定施設・行政手続","DX-G01-015 DX-G01-016 DX-G01-017 DX-G01-018","5","yes","no","","question-level-provisional","NOT-VERIFIED","private-user-supplied-pdf"
"R04-G-Q05","2022","R04","G","5","G01","1.5","公害防止組織とダイオキシン類発生施設","DX-G01-015 DX-G01-016 DX-G01-017 DX-G01-018","5","yes","no","","question-level-provisional","NOT-VERIFIED","private-user-supplied-pdf"
"R04-G-Q06","2022","R04","G","6","G04","4.1","基礎知識（要細分類）","DX-G04-001 DX-G04-002 DX-G04-003","5","yes","no","","question-level-provisional","NOT-VERIFIED","private-user-supplied-pdf"
"R04-G-Q07","2022","R04","G","7","G02","2.1","歴史的背景・事故とPCB利用","DX-G02-001 DX-G02-002","5","yes","no","","question-level-provisional","NOT-VERIFIED","private-user-supplied-pdf"
"R04-G-Q08","2022","R04","G","8","G02","2.1","歴史的背景・事故とPCB利用","DX-G02-001 DX-G02-002","6","no","yes","underlined;choice-order-extraction-unreliable","question-level-provisional","NOT-VERIFIED","private-user-supplied-pdf"
"R04-G-Q09","2022","R04","G","9","G03","3.1","排出・環境調査の年次統計","DX-G03-007 DX-G03-008","5","yes","no","","question-level-provisional","NOT-VERIFIED","private-user-supplied-pdf"
"R04-G-Q10","2022","R04","G","10","G04","4.3","物質構造・物性・TEF","DX-G04-004 DX-G04-005 DX-G04-006","5","yes","no","","question-level-provisional","NOT-VERIFIED","private-user-supplied-pdf"
"R04-G-Q11","2022","R04","G","11","G04","4.4","歴史的背景・事故とPCB利用","DX-G02-001 DX-G02-002","5","yes","no","","question-level-provisional","NOT-VERIFIED","private-user-supplied-pdf"
"R04-G-Q12","2022","R04","G","12","G04","4.3","物質構造・物性・TEF","DX-G04-004 DX-G04-005 DX-G04-006","5","yes","no","","question-level-provisional","NOT-VERIFIED","private-user-supplied-pdf"
"R04-G-Q13","2022","R04","G","13","G05","5.2","生成経路と影響因子","DX-G05-004 DX-G05-005","5","yes","no","","question-level-provisional","NOT-VERIFIED","private-user-supplied-pdf"
"R04-G-Q14","2022","R04","G","14","G06","6.3","基礎知識（要細分類）","DX-G04-001 DX-G04-002 DX-G04-003","5","yes","no","","question-level-provisional","NOT-VERIFIED","private-user-supplied-pdf"
"R04-G-Q15","2022","R04","G","15","G06","6.3","毒性・健康影響とリスク指標","DX-G06-001 DX-G06-002 DX-G06-003","5","yes","no","","question-level-provisional","NOT-VERIFIED","private-user-supplied-pdf"
"R04-A-Q01","2022","R04","A","1","A01","8.1","大気排ガス処理・燃焼管理","DX-A01-006 DX-A01-007 DX-A01-008 DX-A01-009","5","yes","no","","question-level-provisional","NOT-VERIFIED","private-user-supplied-pdf"
"R04-A-Q02","2022","R04","A","2","A01","8.3","大気排ガス処理・燃焼管理","DX-A01-006 DX-A01-007 DX-A01-008 DX-A01-009","5","yes","no","","question-level-provisional","NOT-VERIFIED","private-user-supplied-pdf"
"R04-A-Q03","2022","R04","A","3","A01","8.3","大気排ガス処理・燃焼管理","DX-A01-006 DX-A01-007 DX-A01-008 DX-A01-009","5","yes","no","","question-level-provisional","NOT-VERIFIED","private-user-supplied-pdf"
"R04-A-Q04","2022","R04","A","4","A01","8.3","大気排ガス処理・燃焼管理","DX-A01-006 DX-A01-007 DX-A01-008 DX-A01-009","5","yes","no","","question-level-provisional","NOT-VERIFIED","private-user-supplied-pdf"
"R04-A-Q05","2022","R04","A","5","A01","8.4","大気排ガス処理・燃焼管理","DX-A01-006 DX-A01-007 DX-A01-008 DX-A01-009","5","yes","no","","question-level-provisional","NOT-VERIFIED","private-user-supplied-pdf"
"R04-A-Q06","2022","R04","A","6","A01","8.4","大気排ガス処理・燃焼管理","DX-A01-006 DX-A01-007 DX-A01-008 DX-A01-009","5","yes","no","","question-level-provisional","NOT-VERIFIED","private-user-supplied-pdf"
"R04-A-Q07","2022","R04","A","7","A01","8.4","大気排ガス処理・燃焼管理","DX-A01-006 DX-A01-007 DX-A01-008 DX-A01-009","5","yes","yes","underlined","question-level-provisional","NOT-VERIFIED","private-user-supplied-pdf"
"R04-A-Q08","2022","R04","A","8","A02","9.2","金属工業・指定施設の工程","DX-A02-001 DX-A02-002 DX-A02-003 DX-A02-004","5","yes","no","","question-level-provisional","NOT-VERIFIED","private-user-supplied-pdf"
"R04-A-Q09","2022","R04","A","9","A02","9.2","金属工業・指定施設の工程","DX-A02-001 DX-A02-002 DX-A02-003 DX-A02-004","5","yes","no","","question-level-provisional","NOT-VERIFIED","private-user-supplied-pdf"
"R04-A-Q10","2022","R04","A","10","A02","9.2","金属工業・指定施設の工程","DX-A02-001 DX-A02-002 DX-A02-003 DX-A02-004","5","yes","no","","question-level-provisional","NOT-VERIFIED","private-user-supplied-pdf"
"R04-A-Q11","2022","R04","A","11","A02","9.3","金属工業・指定施設の工程","DX-A02-001 DX-A02-002 DX-A02-003 DX-A02-004","5","yes","no","","question-level-provisional","NOT-VERIFIED","private-user-supplied-pdf"
"R04-A-Q12","2022","R04","A","12","A02","9.3","金属工業・指定施設の工程","DX-A02-001 DX-A02-002 DX-A02-003 DX-A02-004","5","yes","no","","question-level-provisional","NOT-VERIFIED","private-user-supplied-pdf"
"R04-A-Q13","2022","R04","A","13","G04","4.3","水質関連（要細分類）","DX-A03-001 DX-A03-002 DX-A03-003","5","yes","no","","question-level-provisional","NOT-VERIFIED","private-user-supplied-pdf"
"R04-A-Q14","2022","R04","A","14","A03","10.2","水質処理・固液分離","DX-A03-004 DX-A03-005 DX-A03-006","5","yes","no","","question-level-provisional","NOT-VERIFIED","private-user-supplied-pdf"
"R04-A-Q15","2022","R04","A","15","A04","11.2","化学製造・指定排水工程","DX-A04-001 DX-A04-002 DX-A04-003","5","yes","yes","underlined","question-level-provisional","NOT-VERIFIED","private-user-supplied-pdf"
"R04-A-Q16","2022","R04","A","16","A04","11.2","化学製造・指定排水工程","DX-A04-001 DX-A04-002 DX-A04-003","0","no","yes","underlined;choice-order-extraction-unreliable","question-level-provisional","NOT-VERIFIED","private-user-supplied-pdf"
"R04-A-Q17","2022","R04","A","17","A05","12.3","測定・試料採取・分析・計算","DX-A05-007 DX-A05-008 DX-A05-009","10","no","yes","figure;choice-order-extraction-unreliable","question-level-provisional","NOT-VERIFIED","private-user-supplied-pdf"
"R04-A-Q18","2022","R04","A","18","A05","12.3","測定・試料採取・分析・計算","DX-A05-007 DX-A05-008 DX-A05-009","5","yes","no","","question-level-provisional","NOT-VERIFIED","private-user-supplied-pdf"
"R04-A-Q19","2022","R04","A","19","A05","12.3","測定・試料採取・分析・計算","DX-A05-007 DX-A05-008 DX-A05-009","5","yes","yes","figure","question-level-provisional","NOT-VERIFIED","private-user-supplied-pdf"
"R04-A-Q20","2022","R04","A","20","A05","12.4","測定・試料採取・分析・計算","DX-A05-007 DX-A05-008 DX-A05-009","0","no","yes","figure;underlined;choice-order-extraction-unreliable","question-level-provisional","NOT-VERIFIED","private-user-supplied-pdf"
"R04-A-Q21","2022","R04","A","21","A05","12.5","測定・試料採取・分析・計算","DX-A05-007 DX-A05-008 DX-A05-009","5","yes","yes","figure","question-level-provisional","NOT-VERIFIED","private-user-supplied-pdf"
"R04-A-Q22","2022","R04","A","22","A05","12.5","測定・試料採取・分析・計算","DX-A05-007 DX-A05-008 DX-A05-009","10","no","yes","formula-or-calculation;choice-order-extraction-unreliable","question-level-provisional","NOT-VERIFIED","private-user-supplied-pdf"
"R04-A-Q23","2022","R04","A","23","A05","12.5","測定・試料採取・分析・計算","DX-A05-007 DX-A05-008 DX-A05-009","5","yes","no","formula-or-calculation","question-level-provisional","NOT-VERIFIED","private-user-supplied-pdf"
"R04-A-Q24","2022","R04","A","24","A05","12.6","測定・試料採取・分析・計算","DX-A05-007 DX-A05-008 DX-A05-009","5","yes","no","","question-level-provisional","NOT-VERIFIED","private-user-supplied-pdf"
"R04-A-Q25","2022","R04","A","25","A05","12.6","測定・試料採取・分析・計算","DX-A05-007 DX-A05-008 DX-A05-009","5","yes","yes","figure","question-level-provisional","NOT-VERIFIED","private-user-supplied-pdf"
"R05-G-Q01","2023","R05","G","1","G01","1.3","環境基準と達成評価","DX-G01-007 DX-G01-008 DX-G01-009 DX-G01-010","5","yes","no","","question-level-provisional","NOT-VERIFIED","private-user-supplied-pdf"
"R05-G-Q02","2023","R05","G","2","G01","1.1","法規制と特定施設・行政手続","DX-G01-015 DX-G01-016 DX-G01-017 DX-G01-018","7","no","yes","underlined;choice-order-extraction-unreliable","question-level-provisional","NOT-VERIFIED","private-user-supplied-pdf"
"R05-G-Q03","2023","R05","G","3","G01","1.5","法規制と特定施設・行政手続","DX-G01-015 DX-G01-016 DX-G01-017 DX-G01-018","5","yes","no","","question-level-provisional","NOT-VERIFIED","private-user-supplied-pdf"
"R05-G-Q04","2023","R05","G","4","G01","1.6","法規制と特定施設・行政手続","DX-G01-015 DX-G01-016 DX-G01-017 DX-G01-018","5","yes","yes","underlined","question-level-provisional","NOT-VERIFIED","private-user-supplied-pdf"
"R05-G-Q05","2023","R05","G","5","G01","1.5","公害防止組織とダイオキシン類発生施設","DX-G01-015 DX-G01-016 DX-G01-017 DX-G01-018","5","yes","no","","question-level-provisional","NOT-VERIFIED","private-user-supplied-pdf"
"R05-G-Q06","2023","R05","G","6","G02","2.1","物質構造・物性・TEF","DX-G04-004 DX-G04-005 DX-G04-006","5","yes","no","","question-level-provisional","NOT-VERIFIED","private-user-supplied-pdf"
"R05-G-Q07","2023","R05","G","7","G03","3.1","排出・環境調査の年次統計","DX-G03-007 DX-G03-008","0","no","yes","underlined;choice-order-extraction-unreliable","question-level-provisional","NOT-VERIFIED","private-user-supplied-pdf"
"R05-G-Q08","2023","R05","G","8","G04","4.1","基礎知識（要細分類）","DX-G04-001 DX-G04-002 DX-G04-003","5","yes","no","","question-level-provisional","NOT-VERIFIED","private-user-supplied-pdf"
"R05-G-Q09","2023","R05","G","9","G04","4.4","物質構造・物性・TEF","DX-G04-004 DX-G04-005 DX-G04-006","10","no","yes","underlined;choice-order-extraction-unreliable","question-level-provisional","NOT-VERIFIED","private-user-supplied-pdf"
"R05-G-Q10","2023","R05","G","10","G04","4.4","物質構造・物性・TEF","DX-G04-004 DX-G04-005 DX-G04-006","0","no","yes","underlined;choice-order-extraction-unreliable","question-level-provisional","NOT-VERIFIED","private-user-supplied-pdf"
"R05-G-Q11","2023","R05","G","11","G04","4.3","毒性・健康影響とリスク指標","DX-G06-001 DX-G06-002 DX-G06-003","10","no","yes","choice-order-extraction-unreliable","question-level-provisional","NOT-VERIFIED","private-user-supplied-pdf"
"R05-G-Q12","2023","R05","G","12","G04","4.3","物質構造・物性・TEF","DX-G04-004 DX-G04-005 DX-G04-006","5","yes","yes","figure","question-level-provisional","NOT-VERIFIED","private-user-supplied-pdf"
"R05-G-Q13","2023","R05","G","13","G05","5.2","生成経路と影響因子","DX-G05-004 DX-G05-005","5","yes","no","","question-level-provisional","NOT-VERIFIED","private-user-supplied-pdf"
"R05-G-Q14","2023","R05","G","14","G05","5.3","生成経路と影響因子","DX-G05-004 DX-G05-005","5","yes","no","","question-level-provisional","NOT-VERIFIED","private-user-supplied-pdf"
"R05-G-Q15","2023","R05","G","15","G03","3.3","排出・環境調査の年次統計","DX-G03-007 DX-G03-008","5","yes","no","","question-level-provisional","NOT-VERIFIED","private-user-supplied-pdf"
"R05-A-Q01","2023","R05","A","1","A01","8.1","大気排ガス処理・燃焼管理","DX-A01-006 DX-A01-007 DX-A01-008 DX-A01-009","5","yes","no","","question-level-provisional","NOT-VERIFIED","private-user-supplied-pdf"
"R05-A-Q02","2023","R05","A","2","A01","8.3","大気排ガス処理・燃焼管理","DX-A01-006 DX-A01-007 DX-A01-008 DX-A01-009","5","yes","no","","question-level-provisional","NOT-VERIFIED","private-user-supplied-pdf"
"R05-A-Q03","2023","R05","A","3","A01","8.3","大気排ガス処理・燃焼管理","DX-A01-006 DX-A01-007 DX-A01-008 DX-A01-009","5","yes","no","","question-level-provisional","NOT-VERIFIED","private-user-supplied-pdf"
"R05-A-Q04","2023","R05","A","4","A01","8.3","大気排ガス処理・燃焼管理","DX-A01-006 DX-A01-007 DX-A01-008 DX-A01-009","5","yes","no","","question-level-provisional","NOT-VERIFIED","private-user-supplied-pdf"
"R05-A-Q05","2023","R05","A","5","A01","8.3","大気排ガス処理・燃焼管理","DX-A01-006 DX-A01-007 DX-A01-008 DX-A01-009","5","yes","no","","question-level-provisional","NOT-VERIFIED","private-user-supplied-pdf"
"R05-A-Q06","2023","R05","A","6","A01","8.3","大気排ガス処理・燃焼管理","DX-A01-006 DX-A01-007 DX-A01-008 DX-A01-009","0","no","yes","underlined;choice-order-extraction-unreliable","question-level-provisional","NOT-VERIFIED","private-user-supplied-pdf"
"R05-A-Q07","2023","R05","A","7","A01","8.4","大気排ガス処理・燃焼管理","DX-A01-006 DX-A01-007 DX-A01-008 DX-A01-009","5","yes","no","","question-level-provisional","NOT-VERIFIED","private-user-supplied-pdf"
"R05-A-Q08","2023","R05","A","8","A01","8.4","大気排ガス処理・燃焼管理","DX-A01-006 DX-A01-007 DX-A01-008 DX-A01-009","10","no","yes","choice-order-extraction-unreliable","question-level-provisional","NOT-VERIFIED","private-user-supplied-pdf"
"R05-A-Q09","2023","R05","A","9","A01","8.4","大気排ガス処理・燃焼管理","DX-A01-006 DX-A01-007 DX-A01-008 DX-A01-009","5","yes","no","","question-level-provisional","NOT-VERIFIED","private-user-supplied-pdf"
"R05-A-Q10","2023","R05","A","10","A02","9.2","金属工業・指定施設の工程","DX-A02-001 DX-A02-002 DX-A02-003 DX-A02-004","5","yes","no","","question-level-provisional","NOT-VERIFIED","private-user-supplied-pdf"
"R05-A-Q11","2023","R05","A","11","A02","9.2","金属工業・指定施設の工程","DX-A02-001 DX-A02-002 DX-A02-003 DX-A02-004","5","yes","no","","question-level-provisional","NOT-VERIFIED","private-user-supplied-pdf"
"R05-A-Q12","2023","R05","A","12","A02","9.3","金属工業・指定施設の工程","DX-A02-001 DX-A02-002 DX-A02-003 DX-A02-004","5","yes","no","","question-level-provisional","NOT-VERIFIED","private-user-supplied-pdf"
"R05-A-Q13","2023","R05","A","13","A03","10.2","水質処理・固液分離","DX-A03-004 DX-A03-005 DX-A03-006","5","yes","no","","question-level-provisional","NOT-VERIFIED","private-user-supplied-pdf"
"R05-A-Q14","2023","R05","A","14","A03","10.2","水質処理・固液分離","DX-A03-004 DX-A03-005 DX-A03-006","5","yes","no","","question-level-provisional","NOT-VERIFIED","private-user-supplied-pdf"
"R05-A-Q15","2023","R05","A","15","A04","11.2","化学製造・指定排水工程","DX-A04-001 DX-A04-002 DX-A04-003","0","no","yes","underlined;choice-order-extraction-unreliable","question-level-provisional","NOT-VERIFIED","private-user-supplied-pdf"
"R05-A-Q16","2023","R05","A","16","A04","11.2","化学製造・指定排水工程","DX-A04-001 DX-A04-002 DX-A04-003","10","no","yes","underlined;choice-order-extraction-unreliable","question-level-provisional","NOT-VERIFIED","private-user-supplied-pdf"
"R05-A-Q17","2023","R05","A","17","A05","12.3","測定・試料採取・分析・計算","DX-A05-007 DX-A05-008 DX-A05-009","5","yes","yes","figure","question-level-provisional","NOT-VERIFIED","private-user-supplied-pdf"
"R05-A-Q18","2023","R05","A","18","A05","12.5","測定・試料採取・分析・計算","DX-A05-007 DX-A05-008 DX-A05-009","5","yes","no","formula-or-calculation","question-level-provisional","NOT-VERIFIED","private-user-supplied-pdf"
"R05-A-Q19","2023","R05","A","19","A05","12.3","測定・試料採取・分析・計算","DX-A05-007 DX-A05-008 DX-A05-009","5","yes","no","","question-level-provisional","NOT-VERIFIED","private-user-supplied-pdf"
"R05-A-Q20","2023","R05","A","20","A05","12.5","測定・試料採取・分析・計算","DX-A05-007 DX-A05-008 DX-A05-009","5","yes","no","formula-or-calculation","question-level-provisional","NOT-VERIFIED","private-user-supplied-pdf"
"R05-A-Q21","2023","R05","A","21","A05","12.6","測定・試料採取・分析・計算","DX-A05-007 DX-A05-008 DX-A05-009","5","yes","no","","question-level-provisional","NOT-VERIFIED","private-user-supplied-pdf"
"R05-A-Q22","2023","R05","A","22","A05","12.5","測定・試料採取・分析・計算","DX-A05-007 DX-A05-008 DX-A05-009","5","yes","no","formula-or-calculation","question-level-provisional","NOT-VERIFIED","private-user-supplied-pdf"
"R05-A-Q23","2023","R05","A","23","A05","12.5","測定・試料採取・分析・計算","DX-A05-007 DX-A05-008 DX-A05-009","5","yes","no","formula-or-calculation","question-level-provisional","NOT-VERIFIED","private-user-supplied-pdf"
"R05-A-Q24","2023","R05","A","24","A05","12.6","大気排ガス処理・燃焼管理","DX-A01-006 DX-A01-007 DX-A01-008 DX-A01-009","5","yes","no","formula-or-calculation","question-level-provisional","NOT-VERIFIED","private-user-supplied-pdf"
"R05-A-Q25","2023","R05","A","25","A05","12.6","測定・試料採取・分析・計算","DX-A05-007 DX-A05-008 DX-A05-009","6","no","yes","figure;underlined;formula-or-calculation;choice-order-extraction-unreliable","question-level-provisional","NOT-VERIFIED","private-user-supplied-pdf"
"R06-G-Q01","2024","R06","G","1","G01","1.3","環境基準と達成評価","DX-G01-007 DX-G01-008 DX-G01-009 DX-G01-010","0","no","yes","underlined;choice-order-extraction-unreliable","question-level-provisional","NOT-VERIFIED","private-user-supplied-pdf"
"R06-G-Q02","2024","R06","G","2","G01","1.5","法規制と特定施設・行政手続","DX-G01-015 DX-G01-016 DX-G01-017 DX-G01-018","10","no","yes","formula-or-calculation;choice-order-extraction-unreliable","question-level-provisional","NOT-VERIFIED","private-user-supplied-pdf"
"R06-G-Q03","2024","R06","G","3","G01","1.2","法規制と特定施設・行政手続","DX-G01-015 DX-G01-016 DX-G01-017 DX-G01-018","5","yes","no","","question-level-provisional","NOT-VERIFIED","private-user-supplied-pdf"
"R06-G-Q04","2024","R06","G","4","G01","1.5","法規制と特定施設・行政手続","DX-G01-015 DX-G01-016 DX-G01-017 DX-G01-018","5","yes","no","","question-level-provisional","NOT-VERIFIED","private-user-supplied-pdf"
"R06-G-Q05","2024","R06","G","5","G01","1.5","公害防止組織とダイオキシン類発生施設","DX-G01-015 DX-G01-016 DX-G01-017 DX-G01-018","5","yes","no","","question-level-provisional","NOT-VERIFIED","private-user-supplied-pdf"
"R06-G-Q06","2024","R06","G","6","G02","2.1","歴史的背景・事故とPCB利用","DX-G02-001 DX-G02-002","5","yes","no","","question-level-provisional","NOT-VERIFIED","private-user-supplied-pdf"
"R06-G-Q07","2024","R06","G","7","G03","3.2","排出・環境調査の年次統計","DX-G03-007 DX-G03-008","5","yes","no","","question-level-provisional","NOT-VERIFIED","private-user-supplied-pdf"
"R06-G-Q08","2024","R06","G","8","G03","3.2","排出・環境調査の年次統計","DX-G03-007 DX-G03-008","5","yes","no","","question-level-provisional","NOT-VERIFIED","private-user-supplied-pdf"
"R06-G-Q09","2024","R06","G","9","G04","4.2","物質構造・物性・TEF","DX-G04-004 DX-G04-005 DX-G04-006","5","yes","no","","question-level-provisional","NOT-VERIFIED","private-user-supplied-pdf"
"R06-G-Q10","2024","R06","G","10","G04","4.3","物質構造・物性・TEF","DX-G04-004 DX-G04-005 DX-G04-006","5","yes","no","","question-level-provisional","NOT-VERIFIED","private-user-supplied-pdf"
"R06-G-Q11","2024","R06","G","11","G05","5.2","生成経路と影響因子","DX-G05-004 DX-G05-005","5","yes","no","","question-level-provisional","NOT-VERIFIED","private-user-supplied-pdf"
"R06-G-Q12","2024","R06","G","12","G05","5.2","生成経路と影響因子","DX-G05-004 DX-G05-005","5","yes","no","","question-level-provisional","NOT-VERIFIED","private-user-supplied-pdf"
"R06-G-Q13","2024","R06","G","13","G05","5.3","基礎知識（要細分類）","DX-G04-001 DX-G04-002 DX-G04-003","5","yes","no","","question-level-provisional","NOT-VERIFIED","private-user-supplied-pdf"
"R06-G-Q14","2024","R06","G","14","G06","6.3","毒性・健康影響とリスク指標","DX-G06-001 DX-G06-002 DX-G06-003","5","yes","no","","question-level-provisional","NOT-VERIFIED","private-user-supplied-pdf"
"R06-G-Q15","2024","R06","G","15","G01","1.3","環境基準と達成評価","DX-G01-007 DX-G01-008 DX-G01-009 DX-G01-010","5","yes","no","","question-level-provisional","NOT-VERIFIED","private-user-supplied-pdf"
"R06-A-Q01","2024","R06","A","1","A01","8.1","大気排ガス処理・燃焼管理","DX-A01-006 DX-A01-007 DX-A01-008 DX-A01-009","5","yes","no","","question-level-provisional","NOT-VERIFIED","private-user-supplied-pdf"
"R06-A-Q02","2024","R06","A","2","A01","8.1","大気排ガス処理・燃焼管理","DX-A01-006 DX-A01-007 DX-A01-008 DX-A01-009","5","yes","no","","question-level-provisional","NOT-VERIFIED","private-user-supplied-pdf"
"R06-A-Q03","2024","R06","A","3","A01","8.1","大気対策関連（要細分類）","DX-A01-001 DX-A01-002 DX-A01-003","5","yes","no","","question-level-provisional","NOT-VERIFIED","private-user-supplied-pdf"
"R06-A-Q04","2024","R06","A","4","A01","8.3","大気排ガス処理・燃焼管理","DX-A01-006 DX-A01-007 DX-A01-008 DX-A01-009","5","yes","yes","figure","question-level-provisional","NOT-VERIFIED","private-user-supplied-pdf"
"R06-A-Q05","2024","R06","A","5","A01","8.3","大気排ガス処理・燃焼管理","DX-A01-006 DX-A01-007 DX-A01-008 DX-A01-009","5","yes","no","","question-level-provisional","NOT-VERIFIED","private-user-supplied-pdf"
"R06-A-Q06","2024","R06","A","6","A01","8.3","大気排ガス処理・燃焼管理","DX-A01-006 DX-A01-007 DX-A01-008 DX-A01-009","5","yes","yes","underlined","question-level-provisional","NOT-VERIFIED","private-user-supplied-pdf"
"R06-A-Q07","2024","R06","A","7","A01","8.3","大気排ガス処理・燃焼管理","DX-A01-006 DX-A01-007 DX-A01-008 DX-A01-009","0","no","yes","underlined;choice-order-extraction-unreliable","question-level-provisional","NOT-VERIFIED","private-user-supplied-pdf"
"R06-A-Q08","2024","R06","A","8","A01","8.4","大気排ガス処理・燃焼管理","DX-A01-006 DX-A01-007 DX-A01-008 DX-A01-009","10","no","yes","choice-order-extraction-unreliable","question-level-provisional","NOT-VERIFIED","private-user-supplied-pdf"
"R06-A-Q09","2024","R06","A","9","A01","8.4","大気排ガス処理・燃焼管理","DX-A01-006 DX-A01-007 DX-A01-008 DX-A01-009","5","yes","no","","question-level-provisional","NOT-VERIFIED","private-user-supplied-pdf"
"R06-A-Q10","2024","R06","A","10","A02","9.2","金属工業・指定施設の工程","DX-A02-001 DX-A02-002 DX-A02-003 DX-A02-004","5","yes","no","","question-level-provisional","NOT-VERIFIED","private-user-supplied-pdf"
"R06-A-Q11","2024","R06","A","11","A02","9.2","金属工業・指定施設の工程","DX-A02-001 DX-A02-002 DX-A02-003 DX-A02-004","5","yes","no","","question-level-provisional","NOT-VERIFIED","private-user-supplied-pdf"
"R06-A-Q12","2024","R06","A","12","A02","9.2","金属工業・指定施設の工程","DX-A02-001 DX-A02-002 DX-A02-003 DX-A02-004","5","yes","yes","underlined","question-level-provisional","NOT-VERIFIED","private-user-supplied-pdf"
"R06-A-Q13","2024","R06","A","13","A03","10.2","水質処理・固液分離","DX-A03-004 DX-A03-005 DX-A03-006","5","yes","no","","question-level-provisional","NOT-VERIFIED","private-user-supplied-pdf"
"R06-A-Q14","2024","R06","A","14","A03","10.2","水質処理・固液分離","DX-A03-004 DX-A03-005 DX-A03-006","5","yes","yes","figure","question-level-provisional","NOT-VERIFIED","private-user-supplied-pdf"
"R06-A-Q15","2024","R06","A","15","A04","11.2","化学製造・指定排水工程","DX-A04-001 DX-A04-002 DX-A04-003","5","yes","no","","question-level-provisional","NOT-VERIFIED","private-user-supplied-pdf"
"R06-A-Q16","2024","R06","A","16","A04","11.2","化学製造・指定排水工程","DX-A04-001 DX-A04-002 DX-A04-003","5","yes","no","","question-level-provisional","NOT-VERIFIED","private-user-supplied-pdf"
"R06-A-Q17","2024","R06","A","17","A05","12.5","測定・試料採取・分析・計算","DX-A05-007 DX-A05-008 DX-A05-009","5","yes","no","formula-or-calculation","question-level-provisional","NOT-VERIFIED","private-user-supplied-pdf"
"R06-A-Q18","2024","R06","A","18","A05","12.3","測定・試料採取・分析・計算","DX-A05-007 DX-A05-008 DX-A05-009","5","yes","yes","figure","question-level-provisional","NOT-VERIFIED","private-user-supplied-pdf"
"R06-A-Q19","2024","R06","A","19","A05","12.4","測定・試料採取・分析・計算","DX-A05-007 DX-A05-008 DX-A05-009","5","yes","yes","figure;underlined","question-level-provisional","NOT-VERIFIED","private-user-supplied-pdf"
"R06-A-Q20","2024","R06","A","20","A05","12.6","測定・試料採取・分析・計算","DX-A05-007 DX-A05-008 DX-A05-009","5","yes","no","","question-level-provisional","NOT-VERIFIED","private-user-supplied-pdf"
"R06-A-Q21","2024","R06","A","21","A05","12.4","測定・試料採取・分析・計算","DX-A05-007 DX-A05-008 DX-A05-009","5","yes","yes","underlined;formula-or-calculation","question-level-provisional","NOT-VERIFIED","private-user-supplied-pdf"
"R06-A-Q22","2024","R06","A","22","A05","12.4","測定・試料採取・分析・計算","DX-A05-007 DX-A05-008 DX-A05-009","5","yes","no","formula-or-calculation","question-level-provisional","NOT-VERIFIED","private-user-supplied-pdf"
"R06-A-Q23","2024","R06","A","23","A05","12.5","測定・試料採取・分析・計算","DX-A05-007 DX-A05-008 DX-A05-009","5","yes","no","formula-or-calculation","question-level-provisional","NOT-VERIFIED","private-user-supplied-pdf"
"R06-A-Q24","2024","R06","A","24","A05","12.6","測定・試料採取・分析・計算","DX-A05-007 DX-A05-008 DX-A05-009","5","yes","no","","question-level-provisional","NOT-VERIFIED","private-user-supplied-pdf"
"R06-A-Q25","2024","R06","A","25","A05","12.6","測定・試料採取・分析・計算","DX-A05-007 DX-A05-008 DX-A05-009","5","yes","yes","figure;formula-or-calculation","question-level-provisional","NOT-VERIFIED","private-user-supplied-pdf"
"R07-G-Q01","2025","R07","G","1","G01","1.3","環境基準と達成評価","DX-G01-007 DX-G01-008 DX-G01-009 DX-G01-010","0","no","yes","underlined;choice-order-extraction-unreliable","question-level-provisional","NOT-VERIFIED","private-user-supplied-pdf"
"R07-G-Q02","2025","R07","G","2","G01","1.4","法規制と特定施設・行政手続","DX-G01-015 DX-G01-016 DX-G01-017 DX-G01-018","10","no","yes","choice-order-extraction-unreliable","question-level-provisional","NOT-VERIFIED","private-user-supplied-pdf"
"R07-G-Q03","2025","R07","G","3","G01","1.1","法規制と特定施設・行政手続","DX-G01-015 DX-G01-016 DX-G01-017 DX-G01-018","5","yes","no","","question-level-provisional","NOT-VERIFIED","private-user-supplied-pdf"
"R07-G-Q04","2025","R07","G","4","G01","1.4","法規制と特定施設・行政手続","DX-G01-015 DX-G01-016 DX-G01-017 DX-G01-018","5","yes","no","","question-level-provisional","NOT-VERIFIED","private-user-supplied-pdf"
"R07-G-Q05","2025","R07","G","5","G01","1.5","公害防止組織とダイオキシン類発生施設","DX-G01-015 DX-G01-016 DX-G01-017 DX-G01-018","5","yes","no","","question-level-provisional","NOT-VERIFIED","private-user-supplied-pdf"
"R07-G-Q06","2025","R07","G","6","G02","2.1","歴史的背景・事故とPCB利用","DX-G02-001 DX-G02-002","5","yes","no","","question-level-provisional","NOT-VERIFIED","private-user-supplied-pdf"
"R07-G-Q07","2025","R07","G","7","G03","3.1","排出・環境調査の年次統計","DX-G03-007 DX-G03-008","5","yes","no","","question-level-provisional","NOT-VERIFIED","private-user-supplied-pdf"
"R07-G-Q08","2025","R07","G","8","G04","4.1","物質構造・物性・TEF","DX-G04-004 DX-G04-005 DX-G04-006","5","yes","no","","question-level-provisional","NOT-VERIFIED","private-user-supplied-pdf"
"R07-G-Q09","2025","R07","G","9","G04","4.4","物質構造・物性・TEF","DX-G04-004 DX-G04-005 DX-G04-006","5","yes","no","","question-level-provisional","NOT-VERIFIED","private-user-supplied-pdf"
"R07-G-Q10","2025","R07","G","10","G04","4.3","物質構造・物性・TEF","DX-G04-004 DX-G04-005 DX-G04-006","5","yes","no","","question-level-provisional","NOT-VERIFIED","private-user-supplied-pdf"
"R07-G-Q11","2025","R07","G","11","G05","5.1","生成経路と影響因子","DX-G05-004 DX-G05-005","5","yes","yes","figure","question-level-provisional","NOT-VERIFIED","private-user-supplied-pdf"
"R07-G-Q12","2025","R07","G","12","G05","5.3","生成経路と影響因子","DX-G05-004 DX-G05-005","5","yes","no","","question-level-provisional","NOT-VERIFIED","private-user-supplied-pdf"
"R07-G-Q13","2025","R07","G","13","G05","5.1","生成経路と影響因子","DX-G05-004 DX-G05-005","5","yes","no","","question-level-provisional","NOT-VERIFIED","private-user-supplied-pdf"
"R07-G-Q14","2025","R07","G","14","G02","2.1","歴史的背景・事故とPCB利用","DX-G02-001 DX-G02-002","5","yes","yes","underlined","question-level-provisional","NOT-VERIFIED","private-user-supplied-pdf"
"R07-G-Q15","2025","R07","G","15","G03","3.1","排出・環境調査の年次統計","DX-G03-007 DX-G03-008","5","yes","no","","question-level-provisional","NOT-VERIFIED","private-user-supplied-pdf"
"R07-A-Q01","2025","R07","A","1","A01","8.1","大気排ガス処理・燃焼管理","DX-A01-006 DX-A01-007 DX-A01-008 DX-A01-009","5","yes","no","","question-level-provisional","NOT-VERIFIED","private-user-supplied-pdf"
"R07-A-Q02","2025","R07","A","2","A01","8.1","大気排ガス処理・燃焼管理","DX-A01-006 DX-A01-007 DX-A01-008 DX-A01-009","5","yes","no","","question-level-provisional","NOT-VERIFIED","private-user-supplied-pdf"
"R07-A-Q03","2025","R07","A","3","A01","8.6","大気排ガス処理・燃焼管理","DX-A01-006 DX-A01-007 DX-A01-008 DX-A01-009","5","yes","no","","question-level-provisional","NOT-VERIFIED","private-user-supplied-pdf"
"R07-A-Q04","2025","R07","A","4","A01","8.3","大気排ガス処理・燃焼管理","DX-A01-006 DX-A01-007 DX-A01-008 DX-A01-009","5","yes","no","","question-level-provisional","NOT-VERIFIED","private-user-supplied-pdf"
"R07-A-Q05","2025","R07","A","5","A01","8.3","大気排ガス処理・燃焼管理","DX-A01-006 DX-A01-007 DX-A01-008 DX-A01-009","5","yes","no","","question-level-provisional","NOT-VERIFIED","private-user-supplied-pdf"
"R07-A-Q06","2025","R07","A","6","A01","8.4","大気排ガス処理・燃焼管理","DX-A01-006 DX-A01-007 DX-A01-008 DX-A01-009","5","yes","no","","question-level-provisional","NOT-VERIFIED","private-user-supplied-pdf"
"R07-A-Q07","2025","R07","A","7","A02","9.2","金属工業・指定施設の工程","DX-A02-001 DX-A02-002 DX-A02-003 DX-A02-004","5","yes","no","","question-level-provisional","NOT-VERIFIED","private-user-supplied-pdf"
"R07-A-Q08","2025","R07","A","8","A02","9.2","金属工業・指定施設の工程","DX-A02-001 DX-A02-002 DX-A02-003 DX-A02-004","5","yes","no","","question-level-provisional","NOT-VERIFIED","private-user-supplied-pdf"
"R07-A-Q09","2025","R07","A","9","A02","9.2","金属工業・指定施設の工程","DX-A02-001 DX-A02-002 DX-A02-003 DX-A02-004","5","yes","no","","question-level-provisional","NOT-VERIFIED","private-user-supplied-pdf"
"R07-A-Q10","2025","R07","A","10","A02","9.3","金属工業・指定施設の工程","DX-A02-001 DX-A02-002 DX-A02-003 DX-A02-004","5","yes","no","","question-level-provisional","NOT-VERIFIED","private-user-supplied-pdf"
"R07-A-Q11","2025","R07","A","11","A03","10.2","水質処理・固液分離","DX-A03-004 DX-A03-005 DX-A03-006","5","yes","no","","question-level-provisional","NOT-VERIFIED","private-user-supplied-pdf"
"R07-A-Q12","2025","R07","A","12","A03","10.2","水質処理・固液分離","DX-A03-004 DX-A03-005 DX-A03-006","5","yes","yes","underlined","question-level-provisional","NOT-VERIFIED","private-user-supplied-pdf"
"R07-A-Q13","2025","R07","A","13","A04","11.2","化学製造・指定排水工程","DX-A04-001 DX-A04-002 DX-A04-003","0","no","yes","underlined;choice-order-extraction-unreliable","question-level-provisional","NOT-VERIFIED","private-user-supplied-pdf"
"R07-A-Q14","2025","R07","A","14","A04","11.2","化学製造・指定排水工程","DX-A04-001 DX-A04-002 DX-A04-003","11","no","yes","underlined;choice-order-extraction-unreliable","question-level-provisional","NOT-VERIFIED","private-user-supplied-pdf"
"R07-A-Q15","2025","R07","A","15","A05","12.6","測定・試料採取・分析・計算","DX-A05-007 DX-A05-008 DX-A05-009","5","yes","no","","question-level-provisional","NOT-VERIFIED","private-user-supplied-pdf"
"R07-A-Q16","2025","R07","A","16","A05","12.2","測定・試料採取・分析・計算","DX-A05-007 DX-A05-008 DX-A05-009","5","yes","no","","question-level-provisional","NOT-VERIFIED","private-user-supplied-pdf"
"R07-A-Q17","2025","R07","A","17","A05","12.2","測定・試料採取・分析・計算","DX-A05-007 DX-A05-008 DX-A05-009","5","yes","no","","question-level-provisional","NOT-VERIFIED","private-user-supplied-pdf"
"R07-A-Q18","2025","R07","A","18","A05","12.2","測定・試料採取・分析・計算","DX-A05-007 DX-A05-008 DX-A05-009","0","no","yes","underlined;choice-order-extraction-unreliable","question-level-provisional","NOT-VERIFIED","private-user-supplied-pdf"
"R07-A-Q19","2025","R07","A","19","A05","12.5","測定・試料採取・分析・計算","DX-A05-007 DX-A05-008 DX-A05-009","5","yes","no","formula-or-calculation","question-level-provisional","NOT-VERIFIED","private-user-supplied-pdf"
"R07-A-Q20","2025","R07","A","20","A05","12.3","測定・試料採取・分析・計算","DX-A05-007 DX-A05-008 DX-A05-009","10","no","yes","choice-order-extraction-unreliable","question-level-provisional","NOT-VERIFIED","private-user-supplied-pdf"
"R07-A-Q21","2025","R07","A","21","A05","12.4","測定・試料採取・分析・計算","DX-A05-007 DX-A05-008 DX-A05-009","5","yes","no","","question-level-provisional","NOT-VERIFIED","private-user-supplied-pdf"
"R07-A-Q22","2025","R07","A","22","A05","12.4","測定・試料採取・分析・計算","DX-A05-007 DX-A05-008 DX-A05-009","5","yes","no","formula-or-calculation","question-level-provisional","NOT-VERIFIED","private-user-supplied-pdf"
"R07-A-Q23","2025","R07","A","23","A05","12.5","測定・試料採取・分析・計算","DX-A05-007 DX-A05-008 DX-A05-009","5","yes","no","formula-or-calculation","question-level-provisional","NOT-VERIFIED","private-user-supplied-pdf"
"R07-A-Q24","2025","R07","A","24","A05","12.5","測定・試料採取・分析・計算","DX-A05-007 DX-A05-008 DX-A05-009","5","yes","no","formula-or-calculation","question-level-provisional","NOT-VERIFIED","private-user-supplied-pdf"
"R07-A-Q25","2025","R07","A","25","A05","12.5","測定・試料採取・分析・計算","DX-A05-007 DX-A05-008 DX-A05-009","5","yes","yes","figure;formula-or-calculation","question-level-provisional","NOT-VERIFIED","private-user-supplied-pdf"
