"year_era","calendar_year","file_name","part","question_count_expected","file_list_verified","content_reviewed","choice_mapping","source_location"
"R03","2021","R03_14_ダイオキシン類概論.pdf","ダイオキシン類概論","15","yes","no","not-started","User-provided Google Drive folder (private)"
"R03","2021","R03_15_ダイオキシン類特論.pdf","ダイオキシン類特論","25","yes","no","not-started","User-provided Google Drive folder (private)"
"R03","2021","R03_01_公害総論.pdf","公害総論","15","yes","no","out-of-scope-for-now","User-provided Google Drive folder (private)"
"R03","2021","R03_正解.pdf","全科目正解","","yes","no","not-started","User-provided Google Drive folder (private)"
"R04","2022","R04_14_ダイオキシン類概論.pdf","ダイオキシン類概論","15","yes","no","not-started","User-provided Google Drive folder (private)"
"R04","2022","R04_15_ダイオキシン類特論.pdf","ダイオキシン類特論","25","yes","no","not-started","User-provided Google Drive folder (private)"
"R04","2022","R04_01_公害総論.pdf","公害総論","15","yes","no","out-of-scope-for-now","User-provided Google Drive folder (private)"
"R04","2022","R04_正解.pdf","全科目正解","","yes","no","not-started","User-provided Google Drive folder (private)"
"R05","2023","R05_14_ダイオキシン類概論.pdf","ダイオキシン類概論","15","yes","no","not-started","User-provided Google Drive folder (private)"
"R05","2023","R05_15_ダイオキシン類特論.pdf","ダイオキシン類特論","25","yes","no","not-started","User-provided Google Drive folder (private)"
"R05","2023","R05_01_公害総論.pdf","公害総論","15","yes","no","out-of-scope-for-now","User-provided Google Drive folder (private)"
"R05","2023","R05_正解.pdf","全科目正解","","yes","no","not-started","User-provided Google Drive folder (private)"
"R06","2024","R06_14_ダイオキシン類概論.pdf","ダイオキシン類概論","15","yes","no","not-started","User-provided Google Drive folder (private)"
"R06","2024","R06_15_ダイオキシン類特論.pdf","ダイオキシン類特論","25","yes","no","not-started","User-provided Google Drive folder (private)"
"R06","2024","R06_01_公害総論.pdf","公害総論","15","yes","no","out-of-scope-for-now","User-provided Google Drive folder (private)"
"R06","2024","R06_正解.pdf","全科目正解","","yes","no","not-started","User-provided Google Drive folder (private)"
"R07","2025","R07_14_ダイオキシン類概論.pdf","ダイオキシン類概論","15","yes","no","not-started","User-provided Google Drive folder (private)"
"R07","2025","R07_15_ダイオキシン類特論.pdf","ダイオキシン類特論","25","yes","no","not-started","User-provided Google Drive folder (private)"
"R07","2025","R07_01_公害総論.pdf","公害総論","15","yes","no","out-of-scope-for-now","User-provided Google Drive folder (private)"
"R07","2025","R07_正解.pdf","全科目正解","","yes","no","not-started","User-provided Google Drive folder (private)"
