"gap_id","suggested_knowledge_item","candidate_chapter","candidate_section","related_question_count","question_ids","status","review_note"
"GAP-001","分取量・検液量・注入量・採取量から検出下限を換算する計算","A05","12.5","12","R03-A-Q20 R03-A-Q25 R04-A-Q23 R05-A-Q18 R05-A-Q20 R05-A-Q22 R05-A-Q23 R06-A-Q17 R06-A-Q25 R07-A-Q19 R07-A-Q24 R07-A-Q25","proposal-only","Check knowledge map before adding: may be covered implicitly; not all choices reviewed"
"GAP-002","電気集じんのコロナ放電・比抵抗・逆電離・湿式乾式の原理","A01","8.3","11","R03-A-Q04 R03-A-Q08 R04-A-Q04 R05-A-Q04 R05-A-Q05 R05-A-Q11 R06-A-Q04 R06-A-Q06 R07-A-Q05 R07-A-Q08 R07-A-Q10","proposal-only","Check knowledge map before adding: may be covered implicitly; not all choices reviewed"
"GAP-003","特定化学製造工程の生成経路・反応と処理設備の対応","A04","11.1","10","R03-G-Q05 R03-A-Q15 R03-A-Q16 R04-G-Q05 R05-A-Q16 R06-G-Q05 R06-G-Q08 R06-A-Q16 R07-G-Q13 R07-A-Q14","proposal-only","Check knowledge map before adding: may be covered implicitly; not all choices reviewed"
"GAP-004","過去問で参照された過年度の排出統計・環境調査・施設数の変遷","G03","3.5","9","R03-G-Q07 R03-G-Q08 R04-G-Q09 R05-G-Q07 R05-G-Q15 R06-G-Q07 R06-G-Q08 R07-G-Q07 R07-G-Q15","proposal-only","Check knowledge map before adding: may be covered implicitly; not all choices reviewed"
"GAP-005","TEFの個別数値と対象異性体29種類・適用版の比較","G04","4.3","6","R03-G-Q12 R04-G-Q10 R04-A-Q13 R05-A-Q25 R06-G-Q10 R07-G-Q10","proposal-only","Check knowledge map before adding: may be covered implicitly; not all choices reviewed"
"GAP-006","相対感度係数・面積比・内標準を用いた定量式","A05","12.5","6","R03-A-Q22 R03-A-Q23 R04-A-Q24 R05-A-Q21 R06-A-Q22 R06-A-Q24","proposal-only","Check knowledge map before adding: may be covered implicitly; not all choices reviewed"
"GAP-007","公害防止組織整備法におけるダイオキシン類関係の施設・管理者業務","G01","1.5","5","R03-G-Q05 R04-G-Q05 R05-G-Q05 R06-G-Q05 R07-G-Q05","proposal-only","Check knowledge map before adding: may be covered implicitly; not all choices reviewed"
"GAP-008","活性炭の細孔径分布・吸着平衡・温度・物理/化学吸着","A01","8.3","4","R03-A-Q06 R03-A-Q07 R05-A-Q08 R07-A-Q06","proposal-only","Check knowledge map before adding: may be covered implicitly; not all choices reviewed"
"GAP-009","酸素濃度補正とブランク控除を組み合わせた排ガス濃度計算","A05","12.5","4","R03-A-Q24 R04-A-Q22 R06-A-Q23 R07-A-Q23","proposal-only","Check knowledge map before adding: may be covered implicitly; not all choices reviewed"
"GAP-010","ECF/TCF漂白・塩素/二酸化塩素と生成原因の違い","A04","11.1","3","R04-A-Q15 R05-A-Q15 R07-A-Q13","proposal-only","Check knowledge map before adding: may be covered implicitly; not all choices reviewed"
"GAP-011","ストーカ・噴霧・流動床などの燃焼方式と揮発燃焼/残渣燃焼","A01","8.1","3","R06-A-Q01 R07-A-Q01 R07-A-Q02","proposal-only","Check knowledge map before adding: may be covered implicitly; not all choices reviewed"
"GAP-012","電炉ダスト処理・亜鉛回収各プロセスと主要元素組成","A02","9.1","3","R03-A-Q09 R03-A-Q10 R04-A-Q10","proposal-only","Check knowledge map before adding: may be covered implicitly; not all choices reviewed"
"GAP-013","油症・セベソ・戦時除草剤・焼却飛灰検出の年表と原因物質","G02","2.1","3","R04-G-Q07 R04-G-Q08 R07-G-Q06","proposal-only","Check knowledge map before adding: may be covered implicitly; not all choices reviewed"
"GAP-014","バグフィルターの酸露点・爆発防止・濾布保護などの運転安全","A01","8.3","1","R07-A-Q03","proposal-only","Check knowledge map before adding: may be covered implicitly; not all choices reviewed"
