"choice_id","question_id","choice_number","selected_in_official_key","original_explanation_draft","review_state","candidate_knowledge_ids","verification_flag"
"R03-G-Q01-C1","R03-G-Q01","1","no","大気の環境基準は0.6 pg-TEQ/m³。","individual-reason-draft","DX-G01-007 DX-G01-008 DX-G01-009 DX-G01-010","environment-standards-basic"
"R03-G-Q01-C2","R03-G-Q01","2","no","公共用水域水質の環境基準は1 pg-TEQ/L。","individual-reason-draft","DX-G01-007 DX-G01-008 DX-G01-009 DX-G01-010","environment-standards-basic"
"R03-G-Q01-C3","R03-G-Q01","3","no","底質の環境基準は150 pg-TEQ/g。","individual-reason-draft","DX-G01-007 DX-G01-008 DX-G01-009 DX-G01-010","environment-standards-basic"
"R03-G-Q01-C4","R03-G-Q01","4","yes","土壌の環境基準は1000 pg-TEQ/gであり100は誤り。","individual-reason-draft","DX-G01-007 DX-G01-008 DX-G01-009 DX-G01-010","environment-standards-basic"
"R03-G-Q01-C5","R03-G-Q01","5","no","大気・水質の環境基準の評価は年間平均値を用いる。","individual-reason-draft","DX-G01-007 DX-G01-008 DX-G01-009 DX-G01-010","environment-standards-basic"
"R03-G-Q02-C1","R03-G-Q02","1","yes","","needs-original-image-or-primary-source","DX-G01-015 DX-G01-016","needs-underlined-image"
"R03-G-Q02-C2","R03-G-Q02","2","no","","needs-original-image-or-primary-source","DX-G01-015 DX-G01-016","needs-underlined-image"
"R03-G-Q02-C3","R03-G-Q02","3","no","","needs-original-image-or-primary-source","DX-G01-015 DX-G01-016","needs-underlined-image"
"R03-G-Q02-C4","R03-G-Q02","4","no","","needs-original-image-or-primary-source","DX-G01-015 DX-G01-016","needs-underlined-image"
"R03-G-Q02-C5","R03-G-Q02","5","no","","needs-original-image-or-primary-source","DX-G01-015 DX-G01-016","needs-underlined-image"
"R03-G-Q03-C1","R03-G-Q03","1","no","","needs-original-image-or-primary-source","DX-G01-017","needs-underlined-image"
"R03-G-Q03-C2","R03-G-Q03","2","no","","needs-original-image-or-primary-source","DX-G01-017","needs-underlined-image"
"R03-G-Q03-C3","R03-G-Q03","3","yes","","needs-original-image-or-primary-source","DX-G01-017","needs-underlined-image"
"R03-G-Q03-C4","R03-G-Q03","4","no","","needs-original-image-or-primary-source","DX-G01-017","needs-underlined-image"
"R03-G-Q03-C5","R03-G-Q03","5","no","","needs-original-image-or-primary-source","DX-G01-017","needs-underlined-image"
"R03-G-Q04-C1","R03-G-Q04","1","no","焼結炉の新設基準0.1 ng-TEQ/m³を問う。","individual-reason-draft","DX-G01-013 DX-A02-021","needs-2021-ministerial-table"
"R03-G-Q04-C2","R03-G-Q04","2","no","製鋼電気炉の新設基準0.5 ng-TEQ/m³を問う。","individual-reason-draft","DX-G01-013 DX-A02-021","needs-2021-ministerial-table"
"R03-G-Q04-C3","R03-G-Q04","3","no","亜鉛回収の焙焼炉の新設基準1 ng-TEQ/m³を問う。","individual-reason-draft","DX-G01-013 DX-A02-021","needs-2021-ministerial-table"
"R03-G-Q04-C4","R03-G-Q04","4","no","アルミ合金乾燥炉の新設基準1 ng-TEQ/m³を問う。","individual-reason-draft","DX-G01-013 DX-A02-021","needs-2021-ministerial-table"
"R03-G-Q04-C5","R03-G-Q04","5","yes","アルミ合金溶解炉を0.5 ng-TEQ/m³とする施設区分の適否がポイント。","individual-reason-draft","DX-G01-013 DX-A02-021","needs-2021-ministerial-table"
"R03-G-Q05-C1","R03-G-Q05","1","no","焼結炉の能力1t/hと対象区分を比較。","individual-reason-draft","DX-G01-011 DX-A02-014 DX-A02-015 DX-A04-028","needs-other-law-decree"
"R03-G-Q05-C2","R03-G-Q05","2","no","製鋼電気炉の容量1000kVAと対象区分を比較。","individual-reason-draft","DX-G01-011 DX-A02-014 DX-A02-015 DX-A04-028","needs-other-law-decree"
"R03-G-Q05-C3","R03-G-Q05","3","no","硫酸カリウム製造の廃ガス洗浄設備を比較。","individual-reason-draft","DX-G01-011 DX-A02-014 DX-A02-015 DX-A04-028","needs-other-law-decree"
"R03-G-Q05-C4","R03-G-Q05","4","no","カーバイド法アセチレンの洗浄設備を比較。","individual-reason-draft","DX-G01-011 DX-A02-014 DX-A02-015 DX-A04-028","needs-other-law-decree"
"R03-G-Q05-C5","R03-G-Q05","5","yes","フロン破壊プラズマ反応施設が公害防止組織法の発生施設に含まれるかを比較。","individual-reason-draft","DX-G01-011 DX-A02-014 DX-A02-015 DX-A04-028","needs-other-law-decree"
"R03-G-Q06-C1","R03-G-Q06","1","no","PCDD・PCDF・DL-PCBの3群という分類。","individual-reason-draft","DX-G04-001 DX-G04-002 DX-G04-003","structure-supported"
"R03-G-Q06-C2","R03-G-Q06","2","no","PCDDの2つの酸素架橋と1～8塩素化。","individual-reason-draft","DX-G04-001 DX-G04-002 DX-G04-003","structure-supported"
"R03-G-Q06-C3","R03-G-Q06","3","yes","PCDFの酸素架橋は1つで、塩素置換は最大8個。","individual-reason-draft","DX-G04-001 DX-G04-002 DX-G04-003","structure-supported"
"R03-G-Q06-C4","R03-G-Q06","4","no","PCBの10個の置換可能水素と最大10塩素。","individual-reason-draft","DX-G04-001 DX-G04-002 DX-G04-003","structure-supported"
"R03-G-Q06-C5","R03-G-Q06","5","no","DL-PCBの共平面性の説明。","individual-reason-draft","DX-G04-001 DX-G04-002 DX-G04-003","structure-supported"
"R03-G-Q07-C1","R03-G-Q07","1","no","大気関係施設数の2001～2002年度の変化は統計の照合が必要。","individual-reason-draft","DX-G03-011 DX-G03-009 DX-G01-011","needs-historical-facility-data"
"R03-G-Q07-C2","R03-G-Q07","2","no","大気の施設種類の件数順位を問う。","individual-reason-draft","DX-G03-011 DX-G03-009 DX-G01-011","needs-historical-facility-data"
"R03-G-Q07-C3","R03-G-Q07","3","yes","上位3大気施設で約80%とした割合が公式正答上の誤り。原数表要確認。","individual-reason-draft","DX-G03-011 DX-G03-009 DX-G01-011","needs-historical-facility-data"
"R03-G-Q07-C4","R03-G-Q07","4","no","水質関係での洗浄・湿式集じんと灰貯留設備の件数順位を問う。","individual-reason-draft","DX-G03-011 DX-G03-009 DX-G01-011","needs-historical-facility-data"
"R03-G-Q07-C5","R03-G-Q07","5","no","水質上位2設備で70%以上という比率の原表を確認する。","individual-reason-draft","DX-G03-011 DX-G03-009 DX-G01-011","needs-historical-facility-data"
"R03-G-Q08-C1","R03-G-Q08","1","no","焼却施設からの排出合計約56gという個別値は2018年の原表と追加照合。","individual-reason-draft","DX-G03-002 DX-G03-004 DX-G03-005 DX-G03-011","inventory-total-primary-verified-details-pending"
"R03-G-Q08-C2","R03-G-Q08","2","no","産業系の大気排出寄与約48%も原表確認。","individual-reason-draft","DX-G03-002 DX-G03-004 DX-G03-005 DX-G03-011","inventory-total-primary-verified-details-pending"
"R03-G-Q08-C3","R03-G-Q08","3","no","産業系最大が製鋼用電気炉との寄与順位を原表確認。","individual-reason-draft","DX-G03-002 DX-G03-004 DX-G03-005 DX-G03-011","inventory-total-primary-verified-details-pending"
"R03-G-Q08-C4","R03-G-Q08","4","yes","一般廃棄物焼却と電炉の大小が逆のため誤りとされる。","individual-reason-draft","DX-G03-002 DX-G03-004 DX-G03-005 DX-G03-011","inventory-total-primary-verified-details-pending"
"R03-G-Q08-C5","R03-G-Q08","5","no","2018年の総排出量117～119 g-TEQ/年は環境省公表値。","individual-reason-draft","DX-G03-002 DX-G03-004 DX-G03-005 DX-G03-011","inventory-total-primary-verified-details-pending"
"R03-G-Q09-C1","R03-G-Q09","1","no","2,3,3',4,4',5-HxCBはモノオルトDL-PCBに分類。","individual-reason-draft","DX-G04-003 DX-G04-006","tef-12-check"
"R03-G-Q09-C2","R03-G-Q09","2","no","2,3,3',4,4'-PeCBはモノオルトDL-PCBに分類。","individual-reason-draft","DX-G04-003 DX-G04-006","tef-12-check"
"R03-G-Q09-C3","R03-G-Q09","3","no","3,4,4',5-TeCBはノンオルトDL-PCBに分類。","individual-reason-draft","DX-G04-003 DX-G04-006","tef-12-check"
"R03-G-Q09-C4","R03-G-Q09","4","yes","2,3,4,4'-TeCBは国際TEF付与の12種に含まれない。","individual-reason-draft","DX-G04-003 DX-G04-006","tef-12-check"
"R03-G-Q09-C5","R03-G-Q09","5","no","2',3,4,4',5-PeCBはモノオルトDL-PCBに分類。","individual-reason-draft","DX-G04-003 DX-G04-006","tef-12-check"
"R03-G-Q10-C1","R03-G-Q10","1","no","塩素化が進むほど蒸気圧増大ではない。","individual-reason-draft","DX-G04-011","needs-vapor-pressure-table"
"R03-G-Q10-C2","R03-G-Q10","2","yes","分子量増加で蒸気圧低下・PCBの蒸気圧相対高・10^-4Paの組合せ。","individual-reason-draft","DX-G04-011","needs-vapor-pressure-table"
"R03-G-Q10-C3","R03-G-Q10","3","no","分子量増加で蒸気圧増加とする点が不適切。","individual-reason-draft","DX-G04-011","needs-vapor-pressure-table"
"R03-G-Q10-C4","R03-G-Q10","4","no","PCB蒸気圧がPCDD/PCDFより低いとの比較が逆。","individual-reason-draft","DX-G04-011","needs-vapor-pressure-table"
"R03-G-Q10-C5","R03-G-Q10","5","no","蒸気圧低下と高い比較は合うが数値オーダーが違う。","individual-reason-draft","DX-G04-011","needs-vapor-pressure-table"
"R03-G-Q11-C1","R03-G-Q11","1","no","ダイオキシン類の異性体ごとに毒性が異なる。","individual-reason-draft","DX-G04-007 DX-G04-009","tef-29-check"
"R03-G-Q11-C2","R03-G-Q11","2","no","TCDDを基準にTEFで相対毒性を示す。","individual-reason-draft","DX-G04-007 DX-G04-009","tef-29-check"
"R03-G-Q11-C3","R03-G-Q11","3","yes","PCDFの対象は10、DL-PCBは12であり12と10が逆。","individual-reason-draft","DX-G04-007 DX-G04-009","tef-29-check"
"R03-G-Q11-C4","R03-G-Q11","4","no","2,3,7,8位の塩素置換はTEF対象PCDD/PCDFの条件。","individual-reason-draft","DX-G04-007 DX-G04-009","tef-29-check"
"R03-G-Q11-C5","R03-G-Q11","5","no","PCB-126はDL-PCBの中でTEFが最も大きい。","individual-reason-draft","DX-G04-007 DX-G04-009","tef-29-check"
"R03-G-Q12-C1","R03-G-Q12","1","no","","needs-original-image-or-primary-source","DX-G04-007 DX-G04-009","needs-original-chemical-structure"
"R03-G-Q12-C2","R03-G-Q12","2","yes","","needs-original-image-or-primary-source","DX-G04-007 DX-G04-009","needs-original-chemical-structure"
"R03-G-Q12-C3","R03-G-Q12","3","no","","needs-original-image-or-primary-source","DX-G04-007 DX-G04-009","needs-original-chemical-structure"
"R03-G-Q12-C4","R03-G-Q12","4","no","","needs-original-image-or-primary-source","DX-G04-007 DX-G04-009","needs-original-chemical-structure"
"R03-G-Q12-C5","R03-G-Q12","5","no","","needs-original-image-or-primary-source","DX-G04-007 DX-G04-009","needs-original-chemical-structure"
"R03-G-Q13-C1","R03-G-Q13","1","yes","","needs-original-image-or-primary-source","DX-G04-004 DX-G04-005 DX-G04-009","needs-original-inequality-layout"
"R03-G-Q13-C2","R03-G-Q13","2","no","","needs-original-image-or-primary-source","DX-G04-004 DX-G04-005 DX-G04-009","needs-original-inequality-layout"
"R03-G-Q13-C3","R03-G-Q13","3","no","","needs-original-image-or-primary-source","DX-G04-004 DX-G04-005 DX-G04-009","needs-original-inequality-layout"
"R03-G-Q13-C4","R03-G-Q13","4","no","","needs-original-image-or-primary-source","DX-G04-004 DX-G04-005 DX-G04-009","needs-original-inequality-layout"
"R03-G-Q13-C5","R03-G-Q13","5","no","","needs-original-image-or-primary-source","DX-G04-004 DX-G04-005 DX-G04-009","needs-original-inequality-layout"
"R03-G-Q14-C1","R03-G-Q14","1","no","粒子状炭素などの酸化に伴う生成。","individual-reason-draft","DX-G05-005 DX-G05-007 DX-G05-008","mechanism-supported"
"R03-G-Q14-C2","R03-G-Q14","2","no","複数の異性体が同時に生成する。","individual-reason-draft","DX-G05-005 DX-G05-007 DX-G05-008","mechanism-supported"
"R03-G-Q14-C3","R03-G-Q14","3","no","銅や飛灰の触媒作用。","individual-reason-draft","DX-G05-005 DX-G05-007 DX-G05-008","mechanism-supported"
"R03-G-Q14-C4","R03-G-Q14","4","no","有機・無機の塩素源が関係する。","individual-reason-draft","DX-G05-005 DX-G05-007 DX-G05-008","mechanism-supported"
"R03-G-Q14-C5","R03-G-Q14","5","yes","飛灰等の表面反応であり均一反応とするのは不適切。","individual-reason-draft","DX-G05-005 DX-G05-007 DX-G05-008","mechanism-supported"
"R03-G-Q15-C1","R03-G-Q15","1","no","","needs-original-image-or-primary-source","DX-G05-008 DX-G05-009","needs-original-comparison-symbols"
"R03-G-Q15-C2","R03-G-Q15","2","no","","needs-original-image-or-primary-source","DX-G05-008 DX-G05-009","needs-original-comparison-symbols"
"R03-G-Q15-C3","R03-G-Q15","3","no","","needs-original-image-or-primary-source","DX-G05-008 DX-G05-009","needs-original-comparison-symbols"
"R03-G-Q15-C4","R03-G-Q15","4","yes","","needs-original-image-or-primary-source","DX-G05-008 DX-G05-009","needs-original-comparison-symbols"
"R03-G-Q15-C5","R03-G-Q15","5","no","","needs-original-image-or-primary-source","DX-G05-008 DX-G05-009","needs-original-comparison-symbols"
