"knowledge_id","R04_candidate","R05_candidate","R06_candidate","R07_candidate","question_tag_total","years_with_candidate","verification_status"
"DX-A01-006","3","4","3","3","13","4","candidate-question-link-not-option-confirmed"
"DX-A05-014","3","3","4","3","13","4","candidate-question-link-not-option-confirmed"
"DX-G04-003","3","2","1","2","8","4","candidate-question-link-not-option-confirmed"
"DX-G05-008","2","2","3","1","8","4","candidate-question-link-not-option-confirmed"
"DX-A05-003","2","2","2","2","8","4","candidate-question-link-not-option-confirmed"
"DX-A05-016","1","3","2","2","8","4","candidate-question-link-not-option-confirmed"
"DX-A01-001","1","1","3","2","7","4","candidate-question-link-not-option-confirmed"
"DX-A01-007","2","2","1","2","7","4","candidate-question-link-not-option-confirmed"
"DX-A05-009","2","2","2","1","7","4","candidate-question-link-not-option-confirmed"
"DX-A05-011","1","1","2","3","7","4","candidate-question-link-not-option-confirmed"
"DX-A05-012","2","1","3","1","7","4","candidate-question-link-not-option-confirmed"
"DX-G02-001","2","1","1","2","6","4","candidate-question-link-not-option-confirmed"
"DX-G04-009","2","2","1","1","6","4","candidate-question-link-not-option-confirmed"
"DX-G03-011","1","2","2","1","6","4","candidate-question-link-not-option-confirmed"
"DX-G01-010","1","1","2","1","5","4","candidate-question-link-not-option-confirmed"
"DX-A01-002","1","1","2","1","5","4","candidate-question-link-not-option-confirmed"
"DX-A02-014","1","2","1","1","5","4","candidate-question-link-not-option-confirmed"
"DX-A03-005","1","1","2","1","5","4","candidate-question-link-not-option-confirmed"
"DX-A05-019","0","1","0","4","5","2","candidate-question-link-not-option-confirmed"
"DX-G03-002","1","1","1","1","4","4","candidate-question-link-not-option-confirmed"
"DX-G04-007","1","1","1","1","4","4","candidate-question-link-not-option-confirmed"
"DX-G04-011","1","2","0","1","4","3","candidate-question-link-not-option-confirmed"
"DX-G05-005","1","1","1","1","4","4","candidate-question-link-not-option-confirmed"
"DX-A01-008","1","1","1","1","4","4","candidate-question-link-not-option-confirmed"
"DX-A02-015","1","1","1","1","4","4","candidate-question-link-not-option-confirmed"
"DX-A02-017","2","1","0","1","4","3","candidate-question-link-not-option-confirmed"
"DX-A03-003","1","1","1","1","4","4","candidate-question-link-not-option-confirmed"
"DX-A04-017","1","1","2","0","4","3","candidate-question-link-not-option-confirmed"
"DX-A05-008","2","0","1","1","4","3","candidate-question-link-not-option-confirmed"
"DX-A05-007","2","1","0","1","4","3","candidate-question-link-not-option-confirmed"
"DX-G01-007","1","0","2","0","3","2","candidate-question-link-not-option-confirmed"
"DX-G01-001","1","1","0","1","3","3","candidate-question-link-not-option-confirmed"
"DX-G01-017","1","1","1","0","3","3","candidate-question-link-not-option-confirmed"
"DX-G01-018","1","0","1","1","3","3","candidate-question-link-not-option-confirmed"
"DX-G01-011","2","0","0","1","3","2","candidate-question-link-not-option-confirmed"
"DX-G04-001","1","1","1","0","3","3","candidate-question-link-not-option-confirmed"
"DX-G02-002","1","0","2","0","3","2","candidate-question-link-not-option-confirmed"
"DX-G04-006","1","0","1","1","3","3","candidate-question-link-not-option-confirmed"
"DX-G04-014","2","0","1","0","3","2","candidate-question-link-not-option-confirmed"
"DX-G06-007","2","0","1","0","3","2","candidate-question-link-not-option-confirmed"
"DX-A01-014","1","0","1","1","3","3","candidate-question-link-not-option-confirmed"
"DX-A02-016","1","0","1","1","3","3","candidate-question-link-not-option-confirmed"
"DX-A03-006","1","1","1","0","3","3","candidate-question-link-not-option-confirmed"
"DX-A04-001","1","1","0","1","3","3","candidate-question-link-not-option-confirmed"
"DX-A04-013","0","2","1","0","3","2","candidate-question-link-not-option-confirmed"
"DX-G01-015","1","0","0","1","2","2","candidate-question-link-not-option-confirmed"
"DX-G04-002","1","1","0","0","2","2","candidate-question-link-not-option-confirmed"
"DX-G03-004","1","0","0","1","2","2","candidate-question-link-not-option-confirmed"
"DX-G03-005","1","0","1","0","2","2","candidate-question-link-not-option-confirmed"
"DX-G04-004","1","0","1","0","2","2","candidate-question-link-not-option-confirmed"
"DX-G04-005","1","1","0","0","2","2","candidate-question-link-not-option-confirmed"
"DX-A01-005","1","1","0","0","2","2","candidate-question-link-not-option-confirmed"
"DX-A02-018","0","1","1","0","2","2","candidate-question-link-not-option-confirmed"
"DX-G04-010","0","1","0","1","2","2","candidate-question-link-not-option-confirmed"
"DX-G05-009","0","1","0","1","2","2","candidate-question-link-not-option-confirmed"
"DX-A01-009","0","1","1","0","2","2","candidate-question-link-not-option-confirmed"
"DX-A05-015","0","1","0","1","2","2","candidate-question-link-not-option-confirmed"
"DX-G01-008","0","0","2","0","2","1","candidate-question-link-not-option-confirmed"
"DX-G01-009","0","0","2","0","2","1","candidate-question-link-not-option-confirmed"
"DX-G05-004","0","0","1","1","2","2","candidate-question-link-not-option-confirmed"
"DX-A02-001","0","0","1","1","2","2","candidate-question-link-not-option-confirmed"
"DX-A02-002","0","0","1","1","2","2","candidate-question-link-not-option-confirmed"
"DX-A04-012","0","0","0","2","2","1","candidate-question-link-not-option-confirmed"
"DX-A04-021","1","0","0","0","1","1","candidate-question-link-not-option-confirmed"
"DX-G06-009","1","0","0","0","1","1","candidate-question-link-not-option-confirmed"
"DX-A05-021","0","1","0","0","1","1","candidate-question-link-not-option-confirmed"
"DX-G01-019","0","1","0","0","1","1","candidate-question-link-not-option-confirmed"
"DX-A04-015","0","1","0","0","1","1","candidate-question-link-not-option-confirmed"
"DX-G05-007","0","1","0","0","1","1","candidate-question-link-not-option-confirmed"
"DX-G05-001","0","1","0","0","1","1","candidate-question-link-not-option-confirmed"
"DX-G03-007","0","1","0","0","1","1","candidate-question-link-not-option-confirmed"
"DX-A03-007","0","1","0","0","1","1","candidate-question-link-not-option-confirmed"
"DX-A03-008","0","1","0","0","1","1","candidate-question-link-not-option-confirmed"
"DX-A05-013","0","1","0","0","1","1","candidate-question-link-not-option-confirmed"
"DX-A05-017","0","1","0","0","1","1","candidate-question-link-not-option-confirmed"
"DX-G01-005","0","0","1","0","1","1","candidate-question-link-not-option-confirmed"
"DX-A04-014","0","0","1","0","1","1","candidate-question-link-not-option-confirmed"
"DX-G05-014","0","0","1","0","1","1","candidate-question-link-not-option-confirmed"
"DX-A04-019","0","0","1","0","1","1","candidate-question-link-not-option-confirmed"
"DX-A05-010","0","0","1","0","1","1","candidate-question-link-not-option-confirmed"
"DX-G01-002","0","0","0","1","1","1","candidate-question-link-not-option-confirmed"
"DX-G01-012","0","0","0","1","1","1","candidate-question-link-not-option-confirmed"
"DX-G05-002","0","0","0","1","1","1","candidate-question-link-not-option-confirmed"
"DX-G03-009","0","0","0","1","1","1","candidate-question-link-not-option-confirmed"
"DX-G03-010","0","0","0","1","1","1","candidate-question-link-not-option-confirmed"
"DX-A03-004","0","0","0","1","1","1","candidate-question-link-not-option-confirmed"
"DX-A04-020","0","0","0","1","1","1","candidate-question-link-not-option-confirmed"
"DX-A05-004","0","0","0","1","1","1","candidate-question-link-not-option-confirmed"
"DX-A05-005","0","0","0","1","1","1","candidate-question-link-not-option-confirmed"
"DX-A05-006","0","0","0","1","1","1","candidate-question-link-not-option-confirmed"
"DX-A05-020","0","0","0","1","1","1","candidate-question-link-not-option-confirmed"
