"chapter_id","chapter_title","R04_2022","R05_2023","R06_2024","R07_2025","four_year_total","classification_status"
"G01","法規制","5","5","6","5","21","one-primary-chapter-per-question-provisional"
"G02","歴史・背景","2","1","1","1","5","one-primary-chapter-per-question-provisional"
"G03","排出現状","1","2","2","2","7","one-primary-chapter-per-question-provisional"
"G04","性質・TEF","4","5","2","4","15","one-primary-chapter-per-question-provisional"
"G05","生成機構","1","2","3","3","9","one-primary-chapter-per-question-provisional"
"G06","影響・曝露","2","0","1","0","3","one-primary-chapter-per-question-provisional"
"G07","国・自治体の対策","0","0","0","0","0","one-primary-chapter-per-question-provisional"
"A01","大気対策","8","9","9","6","32","one-primary-chapter-per-question-provisional"
"A02","大気関係対象施設","5","3","3","4","15","one-primary-chapter-per-question-provisional"
"A03","水質対策","1","2","2","2","7","one-primary-chapter-per-question-provisional"
"A04","水質関係対象施設","2","2","2","2","8","one-primary-chapter-per-question-provisional"
"A05","測定","9","9","9","11","38","one-primary-chapter-per-question-provisional"
