"question_id","evidence_source_ids","source_quality","text_image_status","specific_remaining_check"
"R05-G-Q02","L07;R05-PG;R05-SG02","provisional-secondary-underlines-with-primary-law-text","official-or-reproduced-exam-PDF-text-read-image-not-verified","図・下線位置、2020インベントリー原表、2018ECF比率などの一次照合"
"R05-G-Q04","L07;R05-PG;R05-SG04","provisional-secondary-underlines-with-primary-legal-claim","official-or-reproduced-exam-PDF-text-read-image-not-verified","図・下線位置、2020インベントリー原表、2018ECF比率などの一次照合"
"R05-G-Q07","R05-PG;R05-SG07;P23","2020-government-inventory-total-verified-source-rank-needs-annex-review","official-or-reproduced-exam-PDF-text-read-image-not-verified","図・下線位置、2020インベントリー原表、2018ECF比率などの一次照合"
"R05-G-Q09","R05-PG;R05-SG09;T07","secondary-underlines-physicochemical-principle-supported","official-or-reproduced-exam-PDF-text-read-image-not-verified","図・下線位置、2020インベントリー原表、2018ECF比率などの一次照合"
"R05-G-Q10","R05-PG;R05-SG10;T16","secondary-underlines-vapor-pressure-values-need-authoritative-table","official-or-reproduced-exam-PDF-text-read-image-not-verified","図・下線位置、2020インベントリー原表、2018ECF比率などの一次照合"
"R05-G-Q12","R05-PG;R05-SG12;T07;JEMAI-ERRATA-2025-DXN;R05-EXAMDAY-2023;R05-ENV-TEF2006;R05-USER-FIGURE-20261009","user-supplied-question-figure-visual-five-congeners-mapped-against-primary-WHO2006-TEF-list","user-supplied-question-figure-five-molecular-structures-directly-visually-inspected;JEMAI-original-PDF-identity-not-confirmed","2026-10-09ユーザー提供の問12の画像で5構造式の塩素置換位置を直接目視し、上段左=2,3,3′,5,5′-PeCB（TEF対象外）、上段中央=#118、上段右=#105、下段左=#81、下段中央=#189を同定。環境省WHO2006-TEF表では後4種が対象。二次資料による推定段階から図の直接確認へ前進。ただしJEMAI公式配布PDFとの同一性・出版社正誤表の旧図/新図は未確認。"
"R05-A-Q06","R05-PA;R05-SA06","PDF-text-underlines-order-inferred-no-official-visual","official-or-reproduced-exam-PDF-text-read-image-not-verified","図・下線位置、2020インベントリー原表、2018ECF比率などの一次照合"
"R05-A-Q15","R05-PA;R05-SA15","secondary-underlines-historical-ECF-percentage-primary-stats-pending","official-or-reproduced-exam-PDF-text-read-image-not-verified","図・下線位置、2020インベントリー原表、2018ECF比率などの一次照合"
"R05-A-Q16","R05-PA;R05-SA16;T17","secondary-underlines-chlorination-versus-oxidation-process-caveat","official-or-reproduced-exam-PDF-text-read-image-not-verified","図・下線位置、2020インベントリー原表、2018ECF比率などの一次照合"
"R05-A-Q25","R05-PA;R05-SA25;T05;P24","JIS-K0312-secondary-2020-clause-9.2.4-correlated-original-image-pending","official-or-reproduced-exam-PDF-text-read-image-not-verified","図・下線位置、2020インベントリー原表、2018ECF比率などの一次照合"
