"question_id","primary_chapter","knowledge_ids","original_topic_summary","official_choice","explanation_draft","review_flag","evidence_level"
"R07-G-Q01","G01","DX-G01-010 DX-A05-011","土壌の公定分析","3","土壌の抽出後に高分解能の質量分析等を使用する点が核心。電子顕微鏡を分析手段とする箇所が不適切。","underline-check","verification-needed"
"R07-G-Q02","G01","DX-G01-002 DX-G01-011","特定施設の定義","4","法律の例示は製鋼用電気炉と廃棄物焼却炉であり、具体的な施設の指定は政令で行う。","draft","draft-no-independent-fact-audit"
"R07-G-Q03","G01","DX-G01-001 DX-G01-018","国と地方公共団体の責務","5","国の基本的・総合的施策と、自治体の自然的・社会的条件に応じた対策を区別する。","draft","draft-no-independent-fact-audit"
"R07-G-Q04","G01","DX-G01-012 DX-A04-012","特定施設の限定条件","2","パルプの塩素系漂白設備と過酸化水素だけを用いる漂白設備の違いで対象を判断する。","draft","draft-no-independent-fact-audit"
"R07-G-Q05","G01","DX-G01-015","公害防止組織整備法の業務","2","ダイオキシン類発生施設そのものの補修と、排出ガス処理施設等の点検・補修を区別する。","needs-other-law","verification-needed"
"R07-G-Q06","G02","DX-G02-001","油症などの歴史","3","油症事件の原因物質について、PCDFとPCB類の関係を押さえ、PCDDを取り違えない。","needs-historical-source","verification-needed"
"R07-G-Q07","G03","DX-G03-002 DX-G03-004 DX-G03-011","2022年の排出インベントリー","1","公式の選択肢は総量105～107 g-TEQ、水への排出0.8 g-TEQである。現行値に読み替えず2022年資料で再確認する。","needs-2022-statistics","verification-needed"
"R07-G-Q08","G04","DX-G04-003 DX-G04-006","DL-PCBの構造","5","ダイオキシン様PCBにモノオルト体が含まれるので、オルト位置が常に無置換という断言は誤り。","draft","draft-no-independent-fact-audit"
"R07-G-Q09","G04","DX-G04-010 DX-G04-011","物性と分配係数","5","Kowが小さいほど疎水性が強いという説明は関係を逆にしている。","draft","draft-no-independent-fact-audit"
"R07-G-Q10","G04","DX-G04-007 DX-G04-009","TEFの群間比較","4","モノオルトPCBのTEFがノンオルトPCBより大きいという説明は、試験が参照したTEF表と合致しない。","needs-TEF-table","verification-needed"
"R07-G-Q11","G05","DX-G05-004","クロロフェノール縮合反応","1","図示された2,4,5-トリクロロフェノールの縮合生成物として2,3,7,8-TeCDDを選ぶ。図は公式PDFで確認した。","figure-checked","verification-needed"
"R07-G-Q12","G05","DX-G05-008 DX-G05-009","燃焼時の塩素源","3","NaClの塩素のほうがCuCl由来の塩素より離脱しやすいという記述が誤り。","needs-chemistry-source","verification-needed"
"R07-G-Q13","G05","DX-G05-002 DX-G05-005","非燃焼系の生成","1","鉄鉱石焼結や製鋼工程もde novo反応による生成を一律に排除できない。","draft","draft-no-independent-fact-audit"
"R07-G-Q14","G04","DX-G04-003 DX-G02-001","PCBの用途と生産量","5","公式正答は下線⑤。国内累積生産量の数値は統計原典と下線位置を改めて照合する。","needs-image-and-history","verification-needed"
"R07-G-Q15","G03","DX-G03-009 DX-G03-010","2022年度環境調査","4","地下水質の環境基準達成状況に関する選択肢④が公式正答。2022年度の原表で確認する。","needs-2022-statistics","verification-needed"
