"choice_id","question_id","exam_year","primary_chapter","topic_summary","choice_no","official_key_selected","review_state","parent_review_flag","priority","next_action","fact_verification_status","publication_state"
"R03-A-Q19-C1","R03-A-Q19","R03","A05","JIS I形のガス捕集装置","1","yes","drive-exam-page-visual-rationale-draft","user-Drive-exam-PDF-page-visually-checked-JEMAI-official-byte-identity-unconfirmed","P1-official-file-identity-and-final-publication-QA","Drive収蔵の令和3年度特論試験PDF印刷13頁でJIS I形装置図のア=円筒ろ紙、イ=ヘキサン洗浄水、ウ=吸着剤カラム、エ=ジエチレングリコールを直接視認。JIS K0311:2020の非公式掲載附属書A 図A.1、JEMCAの図示も一致。JIS正式正本とJEMAI配布原本の同一性は未確認。","VISUAL-AND-CLAIM-SUPPORTED-FINAL-QA-PENDING","HOLD-JEMAI-official-file-identity-and-publication-QA-pending"
"R03-A-Q19-C2","R03-A-Q19","R03","A05","JIS I形のガス捕集装置","2","no","drive-exam-page-visual-rationale-draft","user-Drive-exam-PDF-page-visually-checked-JEMAI-official-byte-identity-unconfirmed","P1-official-file-identity-and-final-publication-QA","Drive収蔵の令和3年度特論試験PDF印刷13頁でJIS I形装置図のア=円筒ろ紙、イ=ヘキサン洗浄水、ウ=吸着剤カラム、エ=ジエチレングリコールを直接視認。JIS K0311:2020の非公式掲載附属書A 図A.1、JEMCAの図示も一致。JIS正式正本とJEMAI配布原本の同一性は未確認。","VISUAL-AND-CLAIM-SUPPORTED-FINAL-QA-PENDING","HOLD-JEMAI-official-file-identity-and-publication-QA-pending"
"R03-A-Q19-C3","R03-A-Q19","R03","A05","JIS I形のガス捕集装置","3","no","drive-exam-page-visual-rationale-draft","user-Drive-exam-PDF-page-visually-checked-JEMAI-official-byte-identity-unconfirmed","P1-official-file-identity-and-final-publication-QA","Drive収蔵の令和3年度特論試験PDF印刷13頁でJIS I形装置図のア=円筒ろ紙、イ=ヘキサン洗浄水、ウ=吸着剤カラム、エ=ジエチレングリコールを直接視認。JIS K0311:2020の非公式掲載附属書A 図A.1、JEMCAの図示も一致。JIS正式正本とJEMAI配布原本の同一性は未確認。","VISUAL-AND-CLAIM-SUPPORTED-FINAL-QA-PENDING","HOLD-JEMAI-official-file-identity-and-publication-QA-pending"
"R03-A-Q19-C4","R03-A-Q19","R03","A05","JIS I形のガス捕集装置","4","no","drive-exam-page-visual-rationale-draft","user-Drive-exam-PDF-page-visually-checked-JEMAI-official-byte-identity-unconfirmed","P1-official-file-identity-and-final-publication-QA","Drive収蔵の令和3年度特論試験PDF印刷13頁でJIS I形装置図のア=円筒ろ紙、イ=ヘキサン洗浄水、ウ=吸着剤カラム、エ=ジエチレングリコールを直接視認。JIS K0311:2020の非公式掲載附属書A 図A.1、JEMCAの図示も一致。JIS正式正本とJEMAI配布原本の同一性は未確認。","VISUAL-AND-CLAIM-SUPPORTED-FINAL-QA-PENDING","HOLD-JEMAI-official-file-identity-and-publication-QA-pending"
"R03-A-Q19-C5","R03-A-Q19","R03","A05","JIS I形のガス捕集装置","5","no","drive-exam-page-visual-rationale-draft","user-Drive-exam-PDF-page-visually-checked-JEMAI-official-byte-identity-unconfirmed","P1-official-file-identity-and-final-publication-QA","Drive収蔵の令和3年度特論試験PDF印刷13頁でJIS I形装置図のア=円筒ろ紙、イ=ヘキサン洗浄水、ウ=吸着剤カラム、エ=ジエチレングリコールを直接視認。JIS K0311:2020の非公式掲載附属書A 図A.1、JEMCAの図示も一致。JIS正式正本とJEMAI配布原本の同一性は未確認。","VISUAL-AND-CLAIM-SUPPORTED-FINAL-QA-PENDING","HOLD-JEMAI-official-file-identity-and-publication-QA-pending"
"R03-G-Q15-C1","R03-G-Q15","R03","G05","燃焼時の塩素源と触媒能","1","no","drive-exam-page-visual-rationale-draft","user-Drive-exam-PDF-page-visually-checked-JEMAI-official-byte-identity-unconfirmed","P1-official-file-identity-and-final-publication-QA","Drive収蔵の令和3年度概論試験PDFの印刷10頁で全5選択肢と④CuCl₂ ＞ PbCl₂ ＞ FeCl₂の比較記号を直接視認。Fujimori等2009のモデル飛灰実験ではCuCl₂・2H₂O ＞ FeCl₂・4H₂O ＞ PbCl₂。異なる水和物・実験条件の系であり普遍的触媒順位とは断定しない。JEMAI公式配布ファイルと同一であることは未検証。","VISUAL-AND-CLAIM-SUPPORTED-FINAL-QA-PENDING","HOLD-JEMAI-official-file-identity-and-publication-QA-pending"
"R03-G-Q15-C2","R03-G-Q15","R03","G05","燃焼時の塩素源と触媒能","2","no","drive-exam-page-visual-rationale-draft","user-Drive-exam-PDF-page-visually-checked-JEMAI-official-byte-identity-unconfirmed","P1-official-file-identity-and-final-publication-QA","Drive収蔵の令和3年度概論試験PDFの印刷10頁で全5選択肢と④CuCl₂ ＞ PbCl₂ ＞ FeCl₂の比較記号を直接視認。Fujimori等2009のモデル飛灰実験ではCuCl₂・2H₂O ＞ FeCl₂・4H₂O ＞ PbCl₂。異なる水和物・実験条件の系であり普遍的触媒順位とは断定しない。JEMAI公式配布ファイルと同一であることは未検証。","VISUAL-AND-CLAIM-SUPPORTED-FINAL-QA-PENDING","HOLD-JEMAI-official-file-identity-and-publication-QA-pending"
"R03-G-Q15-C3","R03-G-Q15","R03","G05","燃焼時の塩素源と触媒能","3","no","drive-exam-page-visual-rationale-draft","user-Drive-exam-PDF-page-visually-checked-JEMAI-official-byte-identity-unconfirmed","P1-official-file-identity-and-final-publication-QA","Drive収蔵の令和3年度概論試験PDFの印刷10頁で全5選択肢と④CuCl₂ ＞ PbCl₂ ＞ FeCl₂の比較記号を直接視認。Fujimori等2009のモデル飛灰実験ではCuCl₂・2H₂O ＞ FeCl₂・4H₂O ＞ PbCl₂。異なる水和物・実験条件の系であり普遍的触媒順位とは断定しない。JEMAI公式配布ファイルと同一であることは未検証。","VISUAL-AND-CLAIM-SUPPORTED-FINAL-QA-PENDING","HOLD-JEMAI-official-file-identity-and-publication-QA-pending"
"R03-G-Q15-C4","R03-G-Q15","R03","G05","燃焼時の塩素源と触媒能","4","yes","drive-exam-page-visual-rationale-draft","user-Drive-exam-PDF-page-visually-checked-JEMAI-official-byte-identity-unconfirmed","P1-official-file-identity-and-final-publication-QA","Drive収蔵の令和3年度概論試験PDFの印刷10頁で全5選択肢と④CuCl₂ ＞ PbCl₂ ＞ FeCl₂の比較記号を直接視認。Fujimori等2009のモデル飛灰実験ではCuCl₂・2H₂O ＞ FeCl₂・4H₂O ＞ PbCl₂。異なる水和物・実験条件の系であり普遍的触媒順位とは断定しない。JEMAI公式配布ファイルと同一であることは未検証。","VISUAL-AND-CLAIM-SUPPORTED-FINAL-QA-PENDING","HOLD-JEMAI-official-file-identity-and-publication-QA-pending"
"R03-G-Q15-C5","R03-G-Q15","R03","G05","燃焼時の塩素源と触媒能","5","no","drive-exam-page-visual-rationale-draft","user-Drive-exam-PDF-page-visually-checked-JEMAI-official-byte-identity-unconfirmed","P1-official-file-identity-and-final-publication-QA","Drive収蔵の令和3年度概論試験PDFの印刷10頁で全5選択肢と④CuCl₂ ＞ PbCl₂ ＞ FeCl₂の比較記号を直接視認。Fujimori等2009のモデル飛灰実験ではCuCl₂・2H₂O ＞ FeCl₂・4H₂O ＞ PbCl₂。異なる水和物・実験条件の系であり普遍的触媒順位とは断定しない。JEMAI公式配布ファイルと同一であることは未検証。","VISUAL-AND-CLAIM-SUPPORTED-FINAL-QA-PENDING","HOLD-JEMAI-official-file-identity-and-publication-QA-pending"
"R05-G-Q12-C1","R05-G-Q12","R05","G04","分子構造からTEF対象を数える","1","no","user-supplied-figure-visual-rationale-draft","user-figure-visually-checked-book-erratum-pending","P0-publisher-erratum-diagrams-and-official-identity","P0：JEMAI出版物正誤PDFの『誤』『正』構造図を画像として入手し、2023年公式試験問題の図・ユーザー提示図と位置ごとのCl置換を照合。PDFの文字抽出のみでは図の差分は判断できない。 追加で確認済み：原題画像の5異性体と環境省WHO2006-TEFによる正答④は維持。出版社2025-09-10付正誤表では『R05-69問12』の誤図・正図の差替えを確認できるが、PDFの図領域を視覚取得できず、何が訂正されたかは確定しない。出版社書籍の印刷前後の図と元試験問題図の相互比較が必要。","NOT-VALIDATED","HOLD-publisher-erratum-and-JEMAI-official-PDF-identity-not-checked"
"R05-G-Q12-C2","R05-G-Q12","R05","G04","分子構造からTEF対象を数える","2","no","user-supplied-figure-visual-rationale-draft","user-figure-visually-checked-book-erratum-pending","P0-publisher-erratum-diagrams-and-official-identity","P0：JEMAI出版物正誤PDFの『誤』『正』構造図を画像として入手し、2023年公式試験問題の図・ユーザー提示図と位置ごとのCl置換を照合。PDFの文字抽出のみでは図の差分は判断できない。 追加で確認済み：原題画像の5異性体と環境省WHO2006-TEFによる正答④は維持。出版社2025-09-10付正誤表では『R05-69問12』の誤図・正図の差替えを確認できるが、PDFの図領域を視覚取得できず、何が訂正されたかは確定しない。出版社書籍の印刷前後の図と元試験問題図の相互比較が必要。","NOT-VALIDATED","HOLD-publisher-erratum-and-JEMAI-official-PDF-identity-not-checked"
"R05-G-Q12-C3","R05-G-Q12","R05","G04","分子構造からTEF対象を数える","3","no","user-supplied-figure-visual-rationale-draft","user-figure-visually-checked-book-erratum-pending","P0-publisher-erratum-diagrams-and-official-identity","P0：JEMAI出版物正誤PDFの『誤』『正』構造図を画像として入手し、2023年公式試験問題の図・ユーザー提示図と位置ごとのCl置換を照合。PDFの文字抽出のみでは図の差分は判断できない。 追加で確認済み：原題画像の5異性体と環境省WHO2006-TEFによる正答④は維持。出版社2025-09-10付正誤表では『R05-69問12』の誤図・正図の差替えを確認できるが、PDFの図領域を視覚取得できず、何が訂正されたかは確定しない。出版社書籍の印刷前後の図と元試験問題図の相互比較が必要。","NOT-VALIDATED","HOLD-publisher-erratum-and-JEMAI-official-PDF-identity-not-checked"
"R05-G-Q12-C4","R05-G-Q12","R05","G04","分子構造からTEF対象を数える","4","yes","user-supplied-figure-visual-rationale-draft","user-figure-visually-checked-book-erratum-pending","P0-publisher-erratum-diagrams-and-official-identity","P0：JEMAI出版物正誤PDFの『誤』『正』構造図を画像として入手し、2023年公式試験問題の図・ユーザー提示図と位置ごとのCl置換を照合。PDFの文字抽出のみでは図の差分は判断できない。 追加で確認済み：原題画像の5異性体と環境省WHO2006-TEFによる正答④は維持。出版社2025-09-10付正誤表では『R05-69問12』の誤図・正図の差替えを確認できるが、PDFの図領域を視覚取得できず、何が訂正されたかは確定しない。出版社書籍の印刷前後の図と元試験問題図の相互比較が必要。","NOT-VALIDATED","HOLD-publisher-erratum-and-JEMAI-official-PDF-identity-not-checked"
"R05-G-Q12-C5","R05-G-Q12","R05","G04","分子構造からTEF対象を数える","5","no","user-supplied-figure-visual-rationale-draft","user-figure-visually-checked-book-erratum-pending","P0-publisher-erratum-diagrams-and-official-identity","P0：JEMAI出版物正誤PDFの『誤』『正』構造図を画像として入手し、2023年公式試験問題の図・ユーザー提示図と位置ごとのCl置換を照合。PDFの文字抽出のみでは図の差分は判断できない。 追加で確認済み：原題画像の5異性体と環境省WHO2006-TEFによる正答④は維持。出版社2025-09-10付正誤表では『R05-69問12』の誤図・正図の差替えを確認できるが、PDFの図領域を視覚取得できず、何が訂正されたかは確定しない。出版社書籍の印刷前後の図と元試験問題図の相互比較が必要。","NOT-VALIDATED","HOLD-publisher-erratum-and-JEMAI-official-PDF-identity-not-checked"
"R06-A-Q04-C1","R06-A-Q04","R06","A01","集じん装置の粒径別捕集性能","1","no","reprint-visual-rationale-draft","reprint-page-verified-original-JEMAI-identity-and-technical-audit-pending","P1-original-identity-and-source-audit","転載2024年度試験紙面で下線・図・5択を目視。JEMAI公式配布原本の同一性・技術資料・JIS正本の確認が未完了。","NOT-VALIDATED","HOLD-reprint-visual-checked-technical-and-original-JEMAI-audit-pending"
"R06-A-Q04-C2","R06-A-Q04","R06","A01","集じん装置の粒径別捕集性能","2","no","reprint-visual-rationale-draft","reprint-page-verified-original-JEMAI-identity-and-technical-audit-pending","P1-original-identity-and-source-audit","転載2024年度試験紙面で下線・図・5択を目視。JEMAI公式配布原本の同一性・技術資料・JIS正本の確認が未完了。","NOT-VALIDATED","HOLD-reprint-visual-checked-technical-and-original-JEMAI-audit-pending"
"R06-A-Q04-C3","R06-A-Q04","R06","A01","集じん装置の粒径別捕集性能","3","no","reprint-visual-rationale-draft","reprint-page-verified-original-JEMAI-identity-and-technical-audit-pending","P1-original-identity-and-source-audit","転載2024年度試験紙面で下線・図・5択を目視。JEMAI公式配布原本の同一性・技術資料・JIS正本の確認が未完了。","NOT-VALIDATED","HOLD-reprint-visual-checked-technical-and-original-JEMAI-audit-pending"
"R06-A-Q04-C4","R06-A-Q04","R06","A01","集じん装置の粒径別捕集性能","4","yes","reprint-visual-rationale-draft","reprint-page-verified-original-JEMAI-identity-and-technical-audit-pending","P1-original-identity-and-source-audit","転載2024年度試験紙面で下線・図・5択を目視。JEMAI公式配布原本の同一性・技術資料・JIS正本の確認が未完了。","NOT-VALIDATED","HOLD-reprint-visual-checked-technical-and-original-JEMAI-audit-pending"
"R06-A-Q04-C5","R06-A-Q04","R06","A01","集じん装置の粒径別捕集性能","5","no","reprint-visual-rationale-draft","reprint-page-verified-original-JEMAI-identity-and-technical-audit-pending","P1-original-identity-and-source-audit","転載2024年度試験紙面で下線・図・5択を目視。JEMAI公式配布原本の同一性・技術資料・JIS正本の確認が未完了。","NOT-VALIDATED","HOLD-reprint-visual-checked-technical-and-original-JEMAI-audit-pending"
"R06-A-Q14-C1","R06-A-Q14","R06","A03","膜の分離範囲・粒子径","1","yes","reprint-visual-rationale-draft","reprint-page-verified-original-JEMAI-identity-and-technical-audit-pending","P1-JEMAI-original-and-remaining-evidence","当該設問の主要な技術的主張について追加資料で裏付けを得た。正式原題・正式規格の照合と全選択肢監修は未完了。","PARTIAL-CLAIM-EVIDENCE-NOT-VALIDATED","HOLD-official-original-and-full-KVEQ-review"
"R06-A-Q14-C2","R06-A-Q14","R06","A03","膜の分離範囲・粒子径","2","no","reprint-visual-rationale-draft","reprint-page-verified-original-JEMAI-identity-and-technical-audit-pending","P1-JEMAI-original-and-remaining-evidence","当該設問の主要な技術的主張について追加資料で裏付けを得た。正式原題・正式規格の照合と全選択肢監修は未完了。","PARTIAL-CLAIM-EVIDENCE-NOT-VALIDATED","HOLD-official-original-and-full-KVEQ-review"
"R06-A-Q14-C3","R06-A-Q14","R06","A03","膜の分離範囲・粒子径","3","no","reprint-visual-rationale-draft","reprint-page-verified-original-JEMAI-identity-and-technical-audit-pending","P1-JEMAI-original-and-remaining-evidence","当該設問の主要な技術的主張について追加資料で裏付けを得た。正式原題・正式規格の照合と全選択肢監修は未完了。","PARTIAL-CLAIM-EVIDENCE-NOT-VALIDATED","HOLD-official-original-and-full-KVEQ-review"
"R06-A-Q14-C4","R06-A-Q14","R06","A03","膜の分離範囲・粒子径","4","no","reprint-visual-rationale-draft","reprint-page-verified-original-JEMAI-identity-and-technical-audit-pending","P1-JEMAI-original-and-remaining-evidence","当該設問の主要な技術的主張について追加資料で裏付けを得た。正式原題・正式規格の照合と全選択肢監修は未完了。","PARTIAL-CLAIM-EVIDENCE-NOT-VALIDATED","HOLD-official-original-and-full-KVEQ-review"
"R06-A-Q14-C5","R06-A-Q14","R06","A03","膜の分離範囲・粒子径","5","no","reprint-visual-rationale-draft","reprint-page-verified-original-JEMAI-identity-and-technical-audit-pending","P1-JEMAI-original-and-remaining-evidence","当該設問の主要な技術的主張について追加資料で裏付けを得た。正式原題・正式規格の照合と全選択肢監修は未完了。","PARTIAL-CLAIM-EVIDENCE-NOT-VALIDATED","HOLD-official-original-and-full-KVEQ-review"
"R06-G-Q11-C1","R06-G-Q11","R06","G05","クロロフェノール前駆体の縮合反応","1","no","reprint-visual-rationale-draft","reprint-page-verified-original-JEMAI-identity-and-technical-audit-pending","P1-original-identity-and-source-audit","転載2024年度試験紙面で下線・図・5択を目視。JEMAI公式配布原本の同一性・技術資料・JIS正本の確認が未完了。","NOT-VALIDATED","HOLD-reprint-visual-checked-technical-and-original-JEMAI-audit-pending"
"R06-G-Q11-C2","R06-G-Q11","R06","G05","クロロフェノール前駆体の縮合反応","2","no","reprint-visual-rationale-draft","reprint-page-verified-original-JEMAI-identity-and-technical-audit-pending","P1-original-identity-and-source-audit","転載2024年度試験紙面で下線・図・5択を目視。JEMAI公式配布原本の同一性・技術資料・JIS正本の確認が未完了。","NOT-VALIDATED","HOLD-reprint-visual-checked-technical-and-original-JEMAI-audit-pending"
"R06-G-Q11-C3","R06-G-Q11","R06","G05","クロロフェノール前駆体の縮合反応","3","no","reprint-visual-rationale-draft","reprint-page-verified-original-JEMAI-identity-and-technical-audit-pending","P1-original-identity-and-source-audit","転載2024年度試験紙面で下線・図・5択を目視。JEMAI公式配布原本の同一性・技術資料・JIS正本の確認が未完了。","NOT-VALIDATED","HOLD-reprint-visual-checked-technical-and-original-JEMAI-audit-pending"
"R06-G-Q11-C4","R06-G-Q11","R06","G05","クロロフェノール前駆体の縮合反応","4","yes","reprint-visual-rationale-draft","reprint-page-verified-original-JEMAI-identity-and-technical-audit-pending","P1-original-identity-and-source-audit","転載2024年度試験紙面で下線・図・5択を目視。JEMAI公式配布原本の同一性・技術資料・JIS正本の確認が未完了。","NOT-VALIDATED","HOLD-reprint-visual-checked-technical-and-original-JEMAI-audit-pending"
"R06-G-Q11-C5","R06-G-Q11","R06","G05","クロロフェノール前駆体の縮合反応","5","no","reprint-visual-rationale-draft","reprint-page-verified-original-JEMAI-identity-and-technical-audit-pending","P1-original-identity-and-source-audit","転載2024年度試験紙面で下線・図・5択を目視。JEMAI公式配布原本の同一性・技術資料・JIS正本の確認が未完了。","NOT-VALIDATED","HOLD-reprint-visual-checked-technical-and-original-JEMAI-audit-pending"
"R05-G-Q07-C1","R05-G-Q07","R05","G03","2020年インベントリーの水排出割合","1","no","drive-exam-page-visual-rationale-draft","user-Drive-exam-PDF-page-visually-checked-JEMAI-official-byte-identity-unconfirmed","P1-official-file-identity-and-final-publication-QA","Drive収蔵の令和5年度概論試験PDF印刷8頁で下線①98～100g-TEQ、②約1.7%、③アセチレン製造（乾式法）、④パルプ製造漂白、⑤塩ビモノマー製造を直接視認。環境省2022年公表の2020年排出インベントリー表2(8/8)で総量98～100、うち水1.7 g-TEQ/年を確認。水への排出発生源の列挙にはパルプ漂白・塩ビモノマーがあり乾式アセチレンはない。よって誤り③。公式JEMAI配布PDFの同一性は未検証。","VISUAL-AND-CLAIM-SUPPORTED-FINAL-QA-PENDING","HOLD-JEMAI-official-file-identity-and-publication-QA-pending"
"R05-G-Q07-C2","R05-G-Q07","R05","G03","2020年インベントリーの水排出割合","2","no","drive-exam-page-visual-rationale-draft","user-Drive-exam-PDF-page-visually-checked-JEMAI-official-byte-identity-unconfirmed","P1-official-file-identity-and-final-publication-QA","Drive収蔵の令和5年度概論試験PDF印刷8頁で下線①98～100g-TEQ、②約1.7%、③アセチレン製造（乾式法）、④パルプ製造漂白、⑤塩ビモノマー製造を直接視認。環境省2022年公表の2020年排出インベントリー表2(8/8)で総量98～100、うち水1.7 g-TEQ/年を確認。水への排出発生源の列挙にはパルプ漂白・塩ビモノマーがあり乾式アセチレンはない。よって誤り③。公式JEMAI配布PDFの同一性は未検証。","VISUAL-AND-CLAIM-SUPPORTED-FINAL-QA-PENDING","HOLD-JEMAI-official-file-identity-and-publication-QA-pending"
"R05-G-Q07-C3","R05-G-Q07","R05","G03","2020年インベントリーの水排出割合","3","yes","drive-exam-page-visual-rationale-draft","user-Drive-exam-PDF-page-visually-checked-JEMAI-official-byte-identity-unconfirmed","P1-official-file-identity-and-final-publication-QA","Drive収蔵の令和5年度概論試験PDF印刷8頁で下線①98～100g-TEQ、②約1.7%、③アセチレン製造（乾式法）、④パルプ製造漂白、⑤塩ビモノマー製造を直接視認。環境省2022年公表の2020年排出インベントリー表2(8/8)で総量98～100、うち水1.7 g-TEQ/年を確認。水への排出発生源の列挙にはパルプ漂白・塩ビモノマーがあり乾式アセチレンはない。よって誤り③。公式JEMAI配布PDFの同一性は未検証。","VISUAL-AND-CLAIM-SUPPORTED-FINAL-QA-PENDING","HOLD-JEMAI-official-file-identity-and-publication-QA-pending"
"R05-G-Q07-C4","R05-G-Q07","R05","G03","2020年インベントリーの水排出割合","4","no","drive-exam-page-visual-rationale-draft","user-Drive-exam-PDF-page-visually-checked-JEMAI-official-byte-identity-unconfirmed","P1-official-file-identity-and-final-publication-QA","Drive収蔵の令和5年度概論試験PDF印刷8頁で下線①98～100g-TEQ、②約1.7%、③アセチレン製造（乾式法）、④パルプ製造漂白、⑤塩ビモノマー製造を直接視認。環境省2022年公表の2020年排出インベントリー表2(8/8)で総量98～100、うち水1.7 g-TEQ/年を確認。水への排出発生源の列挙にはパルプ漂白・塩ビモノマーがあり乾式アセチレンはない。よって誤り③。公式JEMAI配布PDFの同一性は未検証。","VISUAL-AND-CLAIM-SUPPORTED-FINAL-QA-PENDING","HOLD-JEMAI-official-file-identity-and-publication-QA-pending"
"R05-G-Q07-C5","R05-G-Q07","R05","G03","2020年インベントリーの水排出割合","5","no","drive-exam-page-visual-rationale-draft","user-Drive-exam-PDF-page-visually-checked-JEMAI-official-byte-identity-unconfirmed","P1-official-file-identity-and-final-publication-QA","Drive収蔵の令和5年度概論試験PDF印刷8頁で下線①98～100g-TEQ、②約1.7%、③アセチレン製造（乾式法）、④パルプ製造漂白、⑤塩ビモノマー製造を直接視認。環境省2022年公表の2020年排出インベントリー表2(8/8)で総量98～100、うち水1.7 g-TEQ/年を確認。水への排出発生源の列挙にはパルプ漂白・塩ビモノマーがあり乾式アセチレンはない。よって誤り③。公式JEMAI配布PDFの同一性は未検証。","VISUAL-AND-CLAIM-SUPPORTED-FINAL-QA-PENDING","HOLD-JEMAI-official-file-identity-and-publication-QA-pending"
"R03-A-Q03-C1","R03-A-Q03","R03","A01","触媒分解は表面酸化反応","1","no","drive-exam-page-visual-rationale-draft","Drive-question-PDF-underlines1-5-directly-verified","P1-source-and-official-original-final-QA","特論印刷5頁: 1=金属又は金属酸化物、2=還元分解、3=後流、4=酸性硫酸アンモニウム、5=200℃以上。通常の焼却排ガス用触媒ではダイオキシン類を酸化分解する。窒素酸化物のアンモニア還元と区別する。実用温度と被毒条件には設備差がある。","VISUAL-AND-CLAIM-SUPPORTED-FINAL-QA-PENDING","HOLD-final-evidence-and-official-PDF-identity-pending"
"R03-A-Q03-C2","R03-A-Q03","R03","A01","触媒分解は表面酸化反応","2","yes","drive-exam-page-visual-rationale-draft","Drive-question-PDF-underlines1-5-directly-verified","P1-source-and-official-original-final-QA","特論印刷5頁: 1=金属又は金属酸化物、2=還元分解、3=後流、4=酸性硫酸アンモニウム、5=200℃以上。通常の焼却排ガス用触媒ではダイオキシン類を酸化分解する。窒素酸化物のアンモニア還元と区別する。実用温度と被毒条件には設備差がある。","VISUAL-AND-CLAIM-SUPPORTED-FINAL-QA-PENDING","HOLD-final-evidence-and-official-PDF-identity-pending"
"R03-A-Q03-C3","R03-A-Q03","R03","A01","触媒分解は表面酸化反応","3","no","drive-exam-page-visual-rationale-draft","Drive-question-PDF-underlines1-5-directly-verified","P1-source-and-official-original-final-QA","特論印刷5頁: 1=金属又は金属酸化物、2=還元分解、3=後流、4=酸性硫酸アンモニウム、5=200℃以上。通常の焼却排ガス用触媒ではダイオキシン類を酸化分解する。窒素酸化物のアンモニア還元と区別する。実用温度と被毒条件には設備差がある。","VISUAL-AND-CLAIM-SUPPORTED-FINAL-QA-PENDING","HOLD-final-evidence-and-official-PDF-identity-pending"
"R03-A-Q03-C4","R03-A-Q03","R03","A01","触媒分解は表面酸化反応","4","no","drive-exam-page-visual-rationale-draft","Drive-question-PDF-underlines1-5-directly-verified","P1-source-and-official-original-final-QA","特論印刷5頁: 1=金属又は金属酸化物、2=還元分解、3=後流、4=酸性硫酸アンモニウム、5=200℃以上。通常の焼却排ガス用触媒ではダイオキシン類を酸化分解する。窒素酸化物のアンモニア還元と区別する。実用温度と被毒条件には設備差がある。","VISUAL-AND-CLAIM-SUPPORTED-FINAL-QA-PENDING","HOLD-final-evidence-and-official-PDF-identity-pending"
"R03-A-Q03-C5","R03-A-Q03","R03","A01","触媒分解は表面酸化反応","5","no","drive-exam-page-visual-rationale-draft","Drive-question-PDF-underlines1-5-directly-verified","P1-source-and-official-original-final-QA","特論印刷5頁: 1=金属又は金属酸化物、2=還元分解、3=後流、4=酸性硫酸アンモニウム、5=200℃以上。通常の焼却排ガス用触媒ではダイオキシン類を酸化分解する。窒素酸化物のアンモニア還元と区別する。実用温度と被毒条件には設備差がある。","VISUAL-AND-CLAIM-SUPPORTED-FINAL-QA-PENDING","HOLD-final-evidence-and-official-PDF-identity-pending"
"R03-A-Q06-C1","R03-A-Q06","R03","A01","ヤシ殻・石炭系活性炭の細孔","1","no","drive-exam-page-visual-rationale-draft","Drive-question-PDF-underlines1-5-directly-verified","P1-source-and-official-original-final-QA","特論印刷6頁: 1=ミクロ孔、2=マクロ孔、3=小さい、4=脱硝能力、5=極性分子。ヤシ殻系はミクロ孔に富み、石炭系ではメソ孔（2～50nm）を比較的有する例が多い。下線②のマクロ孔（>50nm）は典型的説明と違うが、石炭系にマクロ孔が皆無とはいえず、炭種・賦活条件の留保が必要。","VISUAL-VERIFIED-TECHNICAL-QA-PENDING","HOLD-final-evidence-and-official-PDF-identity-pending"
"R03-A-Q06-C2","R03-A-Q06","R03","A01","ヤシ殻・石炭系活性炭の細孔","2","yes","drive-exam-page-visual-rationale-draft","Drive-question-PDF-underlines1-5-directly-verified","P1-source-and-official-original-final-QA","特論印刷6頁: 1=ミクロ孔、2=マクロ孔、3=小さい、4=脱硝能力、5=極性分子。ヤシ殻系はミクロ孔に富み、石炭系ではメソ孔（2～50nm）を比較的有する例が多い。下線②のマクロ孔（>50nm）は典型的説明と違うが、石炭系にマクロ孔が皆無とはいえず、炭種・賦活条件の留保が必要。","VISUAL-VERIFIED-TECHNICAL-QA-PENDING","HOLD-final-evidence-and-official-PDF-identity-pending"
"R03-A-Q06-C3","R03-A-Q06","R03","A01","ヤシ殻・石炭系活性炭の細孔","3","no","drive-exam-page-visual-rationale-draft","Drive-question-PDF-underlines1-5-directly-verified","P1-source-and-official-original-final-QA","特論印刷6頁: 1=ミクロ孔、2=マクロ孔、3=小さい、4=脱硝能力、5=極性分子。ヤシ殻系はミクロ孔に富み、石炭系ではメソ孔（2～50nm）を比較的有する例が多い。下線②のマクロ孔（>50nm）は典型的説明と違うが、石炭系にマクロ孔が皆無とはいえず、炭種・賦活条件の留保が必要。","VISUAL-VERIFIED-TECHNICAL-QA-PENDING","HOLD-final-evidence-and-official-PDF-identity-pending"
"R03-A-Q06-C4","R03-A-Q06","R03","A01","ヤシ殻・石炭系活性炭の細孔","4","no","drive-exam-page-visual-rationale-draft","Drive-question-PDF-underlines1-5-directly-verified","P1-source-and-official-original-final-QA","特論印刷6頁: 1=ミクロ孔、2=マクロ孔、3=小さい、4=脱硝能力、5=極性分子。ヤシ殻系はミクロ孔に富み、石炭系ではメソ孔（2～50nm）を比較的有する例が多い。下線②のマクロ孔（>50nm）は典型的説明と違うが、石炭系にマクロ孔が皆無とはいえず、炭種・賦活条件の留保が必要。","VISUAL-VERIFIED-TECHNICAL-QA-PENDING","HOLD-final-evidence-and-official-PDF-identity-pending"
"R03-A-Q06-C5","R03-A-Q06","R03","A01","ヤシ殻・石炭系活性炭の細孔","5","no","drive-exam-page-visual-rationale-draft","Drive-question-PDF-underlines1-5-directly-verified","P1-source-and-official-original-final-QA","特論印刷6頁: 1=ミクロ孔、2=マクロ孔、3=小さい、4=脱硝能力、5=極性分子。ヤシ殻系はミクロ孔に富み、石炭系ではメソ孔（2～50nm）を比較的有する例が多い。下線②のマクロ孔（>50nm）は典型的説明と違うが、石炭系にマクロ孔が皆無とはいえず、炭種・賦活条件の留保が必要。","VISUAL-VERIFIED-TECHNICAL-QA-PENDING","HOLD-final-evidence-and-official-PDF-identity-pending"
"R03-A-Q10-C1","R03-A-Q10","R03","A02","亜鉛回収の塩化揮発と還元炉の工程","1","no","drive-exam-page-visual-rationale-draft","Drive-question-PDF-underlines1-5-directly-verified","P1-source-and-official-original-final-QA","特論印刷8頁: 1=ロータリーキルン、2=粉コークス、3=ドワイトロイド形焼結炉、4=塩化カルシウム、5=立形抵抗電気炉。原題④はCaCl₂を焼結後の蒸留炉に投入する記述。CaCl₂は塩化揮発の塩素源であって、金属亜鉛への炭素熱還元剤ではない。2020年論文は塩化反応を支持するが原題のキルン→焼結→抵抗電気炉の全系列を再現してはいない。工程配置の独立監査を留保。","VISUAL-VERIFIED-TECHNICAL-QA-PENDING","HOLD-final-evidence-and-official-PDF-identity-pending"
"R03-A-Q10-C2","R03-A-Q10","R03","A02","亜鉛回収の塩化揮発と還元炉の工程","2","no","drive-exam-page-visual-rationale-draft","Drive-question-PDF-underlines1-5-directly-verified","P1-source-and-official-original-final-QA","特論印刷8頁: 1=ロータリーキルン、2=粉コークス、3=ドワイトロイド形焼結炉、4=塩化カルシウム、5=立形抵抗電気炉。原題④はCaCl₂を焼結後の蒸留炉に投入する記述。CaCl₂は塩化揮発の塩素源であって、金属亜鉛への炭素熱還元剤ではない。2020年論文は塩化反応を支持するが原題のキルン→焼結→抵抗電気炉の全系列を再現してはいない。工程配置の独立監査を留保。","VISUAL-VERIFIED-TECHNICAL-QA-PENDING","HOLD-final-evidence-and-official-PDF-identity-pending"
"R03-A-Q10-C3","R03-A-Q10","R03","A02","亜鉛回収の塩化揮発と還元炉の工程","3","no","drive-exam-page-visual-rationale-draft","Drive-question-PDF-underlines1-5-directly-verified","P1-source-and-official-original-final-QA","特論印刷8頁: 1=ロータリーキルン、2=粉コークス、3=ドワイトロイド形焼結炉、4=塩化カルシウム、5=立形抵抗電気炉。原題④はCaCl₂を焼結後の蒸留炉に投入する記述。CaCl₂は塩化揮発の塩素源であって、金属亜鉛への炭素熱還元剤ではない。2020年論文は塩化反応を支持するが原題のキルン→焼結→抵抗電気炉の全系列を再現してはいない。工程配置の独立監査を留保。","VISUAL-VERIFIED-TECHNICAL-QA-PENDING","HOLD-final-evidence-and-official-PDF-identity-pending"
"R03-A-Q10-C4","R03-A-Q10","R03","A02","亜鉛回収の塩化揮発と還元炉の工程","4","yes","drive-exam-page-visual-rationale-draft","Drive-question-PDF-underlines1-5-directly-verified","P1-source-and-official-original-final-QA","特論印刷8頁: 1=ロータリーキルン、2=粉コークス、3=ドワイトロイド形焼結炉、4=塩化カルシウム、5=立形抵抗電気炉。原題④はCaCl₂を焼結後の蒸留炉に投入する記述。CaCl₂は塩化揮発の塩素源であって、金属亜鉛への炭素熱還元剤ではない。2020年論文は塩化反応を支持するが原題のキルン→焼結→抵抗電気炉の全系列を再現してはいない。工程配置の独立監査を留保。","VISUAL-VERIFIED-TECHNICAL-QA-PENDING","HOLD-final-evidence-and-official-PDF-identity-pending"
"R03-A-Q10-C5","R03-A-Q10","R03","A02","亜鉛回収の塩化揮発と還元炉の工程","5","no","drive-exam-page-visual-rationale-draft","Drive-question-PDF-underlines1-5-directly-verified","P1-source-and-official-original-final-QA","特論印刷8頁: 1=ロータリーキルン、2=粉コークス、3=ドワイトロイド形焼結炉、4=塩化カルシウム、5=立形抵抗電気炉。原題④はCaCl₂を焼結後の蒸留炉に投入する記述。CaCl₂は塩化揮発の塩素源であって、金属亜鉛への炭素熱還元剤ではない。2020年論文は塩化反応を支持するが原題のキルン→焼結→抵抗電気炉の全系列を再現してはいない。工程配置の独立監査を留保。","VISUAL-VERIFIED-TECHNICAL-QA-PENDING","HOLD-final-evidence-and-official-PDF-identity-pending"
"R03-A-Q15-C1","R03-A-Q15","R03","A04","クロロベンゼン類製造の触媒","1","yes","drive-exam-page-visual-rationale-draft","Drive-question-PDF-underlines1-5-directly-verified","P1-source-and-official-original-final-QA","特論印刷11頁: 1=白金触媒、2=塩素化、3=染料中間物、4=水洗施設、5=廃ガス洗浄施設。環境省の製造工程資料ではベンゼンを鉄触媒等の存在下で塩素化する。原題①の白金触媒が誤り。④水洗と⑤廃ガス洗浄は水系排出経路として整合する。","VISUAL-AND-CLAIM-SUPPORTED-FINAL-QA-PENDING","HOLD-final-evidence-and-official-PDF-identity-pending"
"R03-A-Q15-C2","R03-A-Q15","R03","A04","クロロベンゼン類製造の触媒","2","no","drive-exam-page-visual-rationale-draft","Drive-question-PDF-underlines1-5-directly-verified","P1-source-and-official-original-final-QA","特論印刷11頁: 1=白金触媒、2=塩素化、3=染料中間物、4=水洗施設、5=廃ガス洗浄施設。環境省の製造工程資料ではベンゼンを鉄触媒等の存在下で塩素化する。原題①の白金触媒が誤り。④水洗と⑤廃ガス洗浄は水系排出経路として整合する。","VISUAL-AND-CLAIM-SUPPORTED-FINAL-QA-PENDING","HOLD-final-evidence-and-official-PDF-identity-pending"
"R03-A-Q15-C3","R03-A-Q15","R03","A04","クロロベンゼン類製造の触媒","3","no","drive-exam-page-visual-rationale-draft","Drive-question-PDF-underlines1-5-directly-verified","P1-source-and-official-original-final-QA","特論印刷11頁: 1=白金触媒、2=塩素化、3=染料中間物、4=水洗施設、5=廃ガス洗浄施設。環境省の製造工程資料ではベンゼンを鉄触媒等の存在下で塩素化する。原題①の白金触媒が誤り。④水洗と⑤廃ガス洗浄は水系排出経路として整合する。","VISUAL-AND-CLAIM-SUPPORTED-FINAL-QA-PENDING","HOLD-final-evidence-and-official-PDF-identity-pending"
"R03-A-Q15-C4","R03-A-Q15","R03","A04","クロロベンゼン類製造の触媒","4","no","drive-exam-page-visual-rationale-draft","Drive-question-PDF-underlines1-5-directly-verified","P1-source-and-official-original-final-QA","特論印刷11頁: 1=白金触媒、2=塩素化、3=染料中間物、4=水洗施設、5=廃ガス洗浄施設。環境省の製造工程資料ではベンゼンを鉄触媒等の存在下で塩素化する。原題①の白金触媒が誤り。④水洗と⑤廃ガス洗浄は水系排出経路として整合する。","VISUAL-AND-CLAIM-SUPPORTED-FINAL-QA-PENDING","HOLD-final-evidence-and-official-PDF-identity-pending"
"R03-A-Q15-C5","R03-A-Q15","R03","A04","クロロベンゼン類製造の触媒","5","no","drive-exam-page-visual-rationale-draft","Drive-question-PDF-underlines1-5-directly-verified","P1-source-and-official-original-final-QA","特論印刷11頁: 1=白金触媒、2=塩素化、3=染料中間物、4=水洗施設、5=廃ガス洗浄施設。環境省の製造工程資料ではベンゼンを鉄触媒等の存在下で塩素化する。原題①の白金触媒が誤り。④水洗と⑤廃ガス洗浄は水系排出経路として整合する。","VISUAL-AND-CLAIM-SUPPORTED-FINAL-QA-PENDING","HOLD-final-evidence-and-official-PDF-identity-pending"
"R03-A-Q16-C1","R03-A-Q16","R03","A04","カーバイド法アセチレンの生成原料","1","no","drive-exam-page-visual-rationale-draft","Drive-question-PDF-underlines1-5-directly-verified","P1-source-and-official-original-final-QA","特論印刷11頁: 1=酢酸、2=シリコンカーバイド、3=水、4=りん化水素、5=次亜塩素酸ナトリウム。環境省資料の化学反応式はCaC₂＋2H₂O→Ca(OH)₂＋C₂H₂。原題②はSiCであり違う。不純物と洗浄装置の詳細は個別文献の追加監査が残る。","VISUAL-AND-CLAIM-SUPPORTED-FINAL-QA-PENDING","HOLD-final-evidence-and-official-PDF-identity-pending"
"R03-A-Q16-C2","R03-A-Q16","R03","A04","カーバイド法アセチレンの生成原料","2","yes","drive-exam-page-visual-rationale-draft","Drive-question-PDF-underlines1-5-directly-verified","P1-source-and-official-original-final-QA","特論印刷11頁: 1=酢酸、2=シリコンカーバイド、3=水、4=りん化水素、5=次亜塩素酸ナトリウム。環境省資料の化学反応式はCaC₂＋2H₂O→Ca(OH)₂＋C₂H₂。原題②はSiCであり違う。不純物と洗浄装置の詳細は個別文献の追加監査が残る。","VISUAL-AND-CLAIM-SUPPORTED-FINAL-QA-PENDING","HOLD-final-evidence-and-official-PDF-identity-pending"
"R03-A-Q16-C3","R03-A-Q16","R03","A04","カーバイド法アセチレンの生成原料","3","no","drive-exam-page-visual-rationale-draft","Drive-question-PDF-underlines1-5-directly-verified","P1-source-and-official-original-final-QA","特論印刷11頁: 1=酢酸、2=シリコンカーバイド、3=水、4=りん化水素、5=次亜塩素酸ナトリウム。環境省資料の化学反応式はCaC₂＋2H₂O→Ca(OH)₂＋C₂H₂。原題②はSiCであり違う。不純物と洗浄装置の詳細は個別文献の追加監査が残る。","VISUAL-AND-CLAIM-SUPPORTED-FINAL-QA-PENDING","HOLD-final-evidence-and-official-PDF-identity-pending"
"R03-A-Q16-C4","R03-A-Q16","R03","A04","カーバイド法アセチレンの生成原料","4","no","drive-exam-page-visual-rationale-draft","Drive-question-PDF-underlines1-5-directly-verified","P1-source-and-official-original-final-QA","特論印刷11頁: 1=酢酸、2=シリコンカーバイド、3=水、4=りん化水素、5=次亜塩素酸ナトリウム。環境省資料の化学反応式はCaC₂＋2H₂O→Ca(OH)₂＋C₂H₂。原題②はSiCであり違う。不純物と洗浄装置の詳細は個別文献の追加監査が残る。","VISUAL-AND-CLAIM-SUPPORTED-FINAL-QA-PENDING","HOLD-final-evidence-and-official-PDF-identity-pending"
"R03-A-Q16-C5","R03-A-Q16","R03","A04","カーバイド法アセチレンの生成原料","5","no","drive-exam-page-visual-rationale-draft","Drive-question-PDF-underlines1-5-directly-verified","P1-source-and-official-original-final-QA","特論印刷11頁: 1=酢酸、2=シリコンカーバイド、3=水、4=りん化水素、5=次亜塩素酸ナトリウム。環境省資料の化学反応式はCaC₂＋2H₂O→Ca(OH)₂＋C₂H₂。原題②はSiCであり違う。不純物と洗浄装置の詳細は個別文献の追加監査が残る。","VISUAL-AND-CLAIM-SUPPORTED-FINAL-QA-PENDING","HOLD-final-evidence-and-official-PDF-identity-pending"
"R03-G-Q03-C1","R03-G-Q03","R03","G01","事業者の定期測定義務","1","no","drive-exam-page-visual-rationale-draft","Drive-question-PDF-underlines1-5-directly-verified","P1-source-and-official-original-final-QA","概論印刷5頁: 1=大気基準適用施設、2=水質基準適用事業場、3=毎年2回以上、4=排出ガス、5=排出水。法第28条と政令第4条の測定頻度は毎年1回以上。①②は施設・事業場区分、④⑤は測定する排出ガスと排出水である。","VISUAL-AND-CLAIM-SUPPORTED-FINAL-QA-PENDING","HOLD-final-evidence-and-official-PDF-identity-pending"
"R03-G-Q03-C2","R03-G-Q03","R03","G01","事業者の定期測定義務","2","no","drive-exam-page-visual-rationale-draft","Drive-question-PDF-underlines1-5-directly-verified","P1-source-and-official-original-final-QA","概論印刷5頁: 1=大気基準適用施設、2=水質基準適用事業場、3=毎年2回以上、4=排出ガス、5=排出水。法第28条と政令第4条の測定頻度は毎年1回以上。①②は施設・事業場区分、④⑤は測定する排出ガスと排出水である。","VISUAL-AND-CLAIM-SUPPORTED-FINAL-QA-PENDING","HOLD-final-evidence-and-official-PDF-identity-pending"
"R03-G-Q03-C3","R03-G-Q03","R03","G01","事業者の定期測定義務","3","yes","drive-exam-page-visual-rationale-draft","Drive-question-PDF-underlines1-5-directly-verified","P1-source-and-official-original-final-QA","概論印刷5頁: 1=大気基準適用施設、2=水質基準適用事業場、3=毎年2回以上、4=排出ガス、5=排出水。法第28条と政令第4条の測定頻度は毎年1回以上。①②は施設・事業場区分、④⑤は測定する排出ガスと排出水である。","VISUAL-AND-CLAIM-SUPPORTED-FINAL-QA-PENDING","HOLD-final-evidence-and-official-PDF-identity-pending"
"R03-G-Q03-C4","R03-G-Q03","R03","G01","事業者の定期測定義務","4","no","drive-exam-page-visual-rationale-draft","Drive-question-PDF-underlines1-5-directly-verified","P1-source-and-official-original-final-QA","概論印刷5頁: 1=大気基準適用施設、2=水質基準適用事業場、3=毎年2回以上、4=排出ガス、5=排出水。法第28条と政令第4条の測定頻度は毎年1回以上。①②は施設・事業場区分、④⑤は測定する排出ガスと排出水である。","VISUAL-AND-CLAIM-SUPPORTED-FINAL-QA-PENDING","HOLD-final-evidence-and-official-PDF-identity-pending"
"R03-G-Q03-C5","R03-G-Q03","R03","G01","事業者の定期測定義務","5","no","drive-exam-page-visual-rationale-draft","Drive-question-PDF-underlines1-5-directly-verified","P1-source-and-official-original-final-QA","概論印刷5頁: 1=大気基準適用施設、2=水質基準適用事業場、3=毎年2回以上、4=排出ガス、5=排出水。法第28条と政令第4条の測定頻度は毎年1回以上。①②は施設・事業場区分、④⑤は測定する排出ガスと排出水である。","VISUAL-AND-CLAIM-SUPPORTED-FINAL-QA-PENDING","HOLD-final-evidence-and-official-PDF-identity-pending"
"R04-A-Q07-C1","R04-A-Q07","R04","A01","活性炭塔の発熱・ホットスポット","1","no","drive-exam-page-visual-rationale-draft","user-Drive-2022-question-underlines1-5-directly-visualized","P1-technical-original-source-and-final-QA","P1：吸着対象ガス・活性炭銘柄・試験法・運転前後の発火温度が明示された一次実験データを取得。2024年公式過去問の繰返しを実験一次資料と誤認しない。 追加で確認済み：2024年公式試験にも新炭550～600℃、運転後に約100℃低下という文言が再登場し試験上の解釈は一貫。吸着後の可燃性増大は実験研究が支持するが、排ガス吸着済み活性炭の『100℃低下』を測定条件付きで示す原典は未入手。","VISUAL-VERIFIED-TECHNICAL-QA-PENDING","HOLD-JEMAI-original-identity-and-final-source-QA-pending"
"R04-A-Q07-C2","R04-A-Q07","R04","A01","活性炭塔の発熱・ホットスポット","2","yes","drive-exam-page-visual-rationale-draft","user-Drive-2022-question-underlines1-5-directly-visualized","P1-technical-original-source-and-final-QA","P1：吸着対象ガス・活性炭銘柄・試験法・運転前後の発火温度が明示された一次実験データを取得。2024年公式過去問の繰返しを実験一次資料と誤認しない。 追加で確認済み：2024年公式試験にも新炭550～600℃、運転後に約100℃低下という文言が再登場し試験上の解釈は一貫。吸着後の可燃性増大は実験研究が支持するが、排ガス吸着済み活性炭の『100℃低下』を測定条件付きで示す原典は未入手。","VISUAL-VERIFIED-TECHNICAL-QA-PENDING","HOLD-JEMAI-original-identity-and-final-source-QA-pending"
"R04-A-Q07-C3","R04-A-Q07","R04","A01","活性炭塔の発熱・ホットスポット","3","no","drive-exam-page-visual-rationale-draft","user-Drive-2022-question-underlines1-5-directly-visualized","P1-technical-original-source-and-final-QA","P1：吸着対象ガス・活性炭銘柄・試験法・運転前後の発火温度が明示された一次実験データを取得。2024年公式過去問の繰返しを実験一次資料と誤認しない。 追加で確認済み：2024年公式試験にも新炭550～600℃、運転後に約100℃低下という文言が再登場し試験上の解釈は一貫。吸着後の可燃性増大は実験研究が支持するが、排ガス吸着済み活性炭の『100℃低下』を測定条件付きで示す原典は未入手。","VISUAL-VERIFIED-TECHNICAL-QA-PENDING","HOLD-JEMAI-original-identity-and-final-source-QA-pending"
"R04-A-Q07-C4","R04-A-Q07","R04","A01","活性炭塔の発熱・ホットスポット","4","no","drive-exam-page-visual-rationale-draft","user-Drive-2022-question-underlines1-5-directly-visualized","P1-technical-original-source-and-final-QA","P1：吸着対象ガス・活性炭銘柄・試験法・運転前後の発火温度が明示された一次実験データを取得。2024年公式過去問の繰返しを実験一次資料と誤認しない。 追加で確認済み：2024年公式試験にも新炭550～600℃、運転後に約100℃低下という文言が再登場し試験上の解釈は一貫。吸着後の可燃性増大は実験研究が支持するが、排ガス吸着済み活性炭の『100℃低下』を測定条件付きで示す原典は未入手。","VISUAL-VERIFIED-TECHNICAL-QA-PENDING","HOLD-JEMAI-original-identity-and-final-source-QA-pending"
"R04-A-Q07-C5","R04-A-Q07","R04","A01","活性炭塔の発熱・ホットスポット","5","no","drive-exam-page-visual-rationale-draft","user-Drive-2022-question-underlines1-5-directly-visualized","P1-technical-original-source-and-final-QA","P1：吸着対象ガス・活性炭銘柄・試験法・運転前後の発火温度が明示された一次実験データを取得。2024年公式過去問の繰返しを実験一次資料と誤認しない。 追加で確認済み：2024年公式試験にも新炭550～600℃、運転後に約100℃低下という文言が再登場し試験上の解釈は一貫。吸着後の可燃性増大は実験研究が支持するが、排ガス吸着済み活性炭の『100℃低下』を測定条件付きで示す原典は未入手。","VISUAL-VERIFIED-TECHNICAL-QA-PENDING","HOLD-JEMAI-original-identity-and-final-source-QA-pending"
"R04-A-Q15-C1","R04-A-Q15","R04","A04","パルプECF漂白の酸化薬品","1","no","drive-exam-page-visual-rationale-draft","user-Drive-2022-question-underlines1-5-directly-visualized","P1-official-PDF-identity-and-final-evidence-QA","特論・印刷10頁（PDF第9頁）：1=リグニン、2=分子状塩素、3=還元反応、4=酸素、5=過酸化水素。ECF漂白は元素状塩素を使用せず、二酸化塩素（ClO₂）を用いる。ClO₂は酸化剤であり、漂白を『還元反応を主体』とする③が誤り。酸素・過酸化水素・オゾン等の薬品も酸化漂白剤として利用する。","VISUAL-AND-CLAIM-SUPPORTED-FINAL-QA-PENDING","HOLD-JEMAI-original-identity-and-final-source-QA-pending"
"R04-A-Q15-C2","R04-A-Q15","R04","A04","パルプECF漂白の酸化薬品","2","no","drive-exam-page-visual-rationale-draft","user-Drive-2022-question-underlines1-5-directly-visualized","P1-official-PDF-identity-and-final-evidence-QA","特論・印刷10頁（PDF第9頁）：1=リグニン、2=分子状塩素、3=還元反応、4=酸素、5=過酸化水素。ECF漂白は元素状塩素を使用せず、二酸化塩素（ClO₂）を用いる。ClO₂は酸化剤であり、漂白を『還元反応を主体』とする③が誤り。酸素・過酸化水素・オゾン等の薬品も酸化漂白剤として利用する。","VISUAL-AND-CLAIM-SUPPORTED-FINAL-QA-PENDING","HOLD-JEMAI-original-identity-and-final-source-QA-pending"
"R04-A-Q15-C3","R04-A-Q15","R04","A04","パルプECF漂白の酸化薬品","3","yes","drive-exam-page-visual-rationale-draft","user-Drive-2022-question-underlines1-5-directly-visualized","P1-official-PDF-identity-and-final-evidence-QA","特論・印刷10頁（PDF第9頁）：1=リグニン、2=分子状塩素、3=還元反応、4=酸素、5=過酸化水素。ECF漂白は元素状塩素を使用せず、二酸化塩素（ClO₂）を用いる。ClO₂は酸化剤であり、漂白を『還元反応を主体』とする③が誤り。酸素・過酸化水素・オゾン等の薬品も酸化漂白剤として利用する。","VISUAL-AND-CLAIM-SUPPORTED-FINAL-QA-PENDING","HOLD-JEMAI-original-identity-and-final-source-QA-pending"
"R04-A-Q15-C4","R04-A-Q15","R04","A04","パルプECF漂白の酸化薬品","4","no","drive-exam-page-visual-rationale-draft","user-Drive-2022-question-underlines1-5-directly-visualized","P1-official-PDF-identity-and-final-evidence-QA","特論・印刷10頁（PDF第9頁）：1=リグニン、2=分子状塩素、3=還元反応、4=酸素、5=過酸化水素。ECF漂白は元素状塩素を使用せず、二酸化塩素（ClO₂）を用いる。ClO₂は酸化剤であり、漂白を『還元反応を主体』とする③が誤り。酸素・過酸化水素・オゾン等の薬品も酸化漂白剤として利用する。","VISUAL-AND-CLAIM-SUPPORTED-FINAL-QA-PENDING","HOLD-JEMAI-original-identity-and-final-source-QA-pending"
"R04-A-Q15-C5","R04-A-Q15","R04","A04","パルプECF漂白の酸化薬品","5","no","drive-exam-page-visual-rationale-draft","user-Drive-2022-question-underlines1-5-directly-visualized","P1-official-PDF-identity-and-final-evidence-QA","特論・印刷10頁（PDF第9頁）：1=リグニン、2=分子状塩素、3=還元反応、4=酸素、5=過酸化水素。ECF漂白は元素状塩素を使用せず、二酸化塩素（ClO₂）を用いる。ClO₂は酸化剤であり、漂白を『還元反応を主体』とする③が誤り。酸素・過酸化水素・オゾン等の薬品も酸化漂白剤として利用する。","VISUAL-AND-CLAIM-SUPPORTED-FINAL-QA-PENDING","HOLD-JEMAI-original-identity-and-final-source-QA-pending"
"R04-A-Q16-C1","R04-A-Q16","R04","A04","二塩化エチレン製造のオキシ塩素化","1","no","drive-exam-page-visual-rationale-draft","user-Drive-2022-question-underlines1-5-directly-visualized","P1-official-PDF-identity-and-final-evidence-QA","特論・印刷11頁（PDF第10頁）：1=塩素、2=熱分解、3=塩化水素、4=470～510℃、5=塩化銅。酸化塩素化はエチレンとHCl・酸素からEDCを得る反応で、Cu塩触媒を用いる。JRC BREF記載例の温度は約220～250℃（装置によって差がある）で、原題④の470～510℃とは整合しない。","VISUAL-AND-CLAIM-SUPPORTED-FINAL-QA-PENDING","HOLD-JEMAI-original-identity-and-final-source-QA-pending"
"R04-A-Q16-C2","R04-A-Q16","R04","A04","二塩化エチレン製造のオキシ塩素化","2","no","drive-exam-page-visual-rationale-draft","user-Drive-2022-question-underlines1-5-directly-visualized","P1-official-PDF-identity-and-final-evidence-QA","特論・印刷11頁（PDF第10頁）：1=塩素、2=熱分解、3=塩化水素、4=470～510℃、5=塩化銅。酸化塩素化はエチレンとHCl・酸素からEDCを得る反応で、Cu塩触媒を用いる。JRC BREF記載例の温度は約220～250℃（装置によって差がある）で、原題④の470～510℃とは整合しない。","VISUAL-AND-CLAIM-SUPPORTED-FINAL-QA-PENDING","HOLD-JEMAI-original-identity-and-final-source-QA-pending"
"R04-A-Q16-C3","R04-A-Q16","R04","A04","二塩化エチレン製造のオキシ塩素化","3","no","drive-exam-page-visual-rationale-draft","user-Drive-2022-question-underlines1-5-directly-visualized","P1-official-PDF-identity-and-final-evidence-QA","特論・印刷11頁（PDF第10頁）：1=塩素、2=熱分解、3=塩化水素、4=470～510℃、5=塩化銅。酸化塩素化はエチレンとHCl・酸素からEDCを得る反応で、Cu塩触媒を用いる。JRC BREF記載例の温度は約220～250℃（装置によって差がある）で、原題④の470～510℃とは整合しない。","VISUAL-AND-CLAIM-SUPPORTED-FINAL-QA-PENDING","HOLD-JEMAI-original-identity-and-final-source-QA-pending"
"R04-A-Q16-C4","R04-A-Q16","R04","A04","二塩化エチレン製造のオキシ塩素化","4","yes","drive-exam-page-visual-rationale-draft","user-Drive-2022-question-underlines1-5-directly-visualized","P1-official-PDF-identity-and-final-evidence-QA","特論・印刷11頁（PDF第10頁）：1=塩素、2=熱分解、3=塩化水素、4=470～510℃、5=塩化銅。酸化塩素化はエチレンとHCl・酸素からEDCを得る反応で、Cu塩触媒を用いる。JRC BREF記載例の温度は約220～250℃（装置によって差がある）で、原題④の470～510℃とは整合しない。","VISUAL-AND-CLAIM-SUPPORTED-FINAL-QA-PENDING","HOLD-JEMAI-original-identity-and-final-source-QA-pending"
"R04-A-Q16-C5","R04-A-Q16","R04","A04","二塩化エチレン製造のオキシ塩素化","5","no","drive-exam-page-visual-rationale-draft","user-Drive-2022-question-underlines1-5-directly-visualized","P1-official-PDF-identity-and-final-evidence-QA","特論・印刷11頁（PDF第10頁）：1=塩素、2=熱分解、3=塩化水素、4=470～510℃、5=塩化銅。酸化塩素化はエチレンとHCl・酸素からEDCを得る反応で、Cu塩触媒を用いる。JRC BREF記載例の温度は約220～250℃（装置によって差がある）で、原題④の470～510℃とは整合しない。","VISUAL-AND-CLAIM-SUPPORTED-FINAL-QA-PENDING","HOLD-JEMAI-original-identity-and-final-source-QA-pending"
"R04-A-Q20-C1","R04-A-Q20","R04","A05","GC-MSロックマスと選択イオンモニタリング","1","no","drive-exam-page-visual-rationale-draft","user-Drive-2022-question-underlines1-5-directly-visualized","P1-official-PDF-identity-and-final-evidence-QA","特論・印刷13頁（PDF第12頁）：1=キャピラリーカラム、2=ロックマス方式、3=全イオンモニタリング、4=イオン強度比、5=内標準法。ダイオキシン類のHRGC/HRMS測定はロックマス方式の選択イオンモニタリング（SIM）で行う。原題③の『全イオンモニタリング』は誤り。環境省の分析マニュアルでも分解能10,000以上・SIM・ロックマスを明記する。","VISUAL-AND-CLAIM-SUPPORTED-FINAL-QA-PENDING","HOLD-JEMAI-original-identity-and-final-source-QA-pending"
"R04-A-Q20-C2","R04-A-Q20","R04","A05","GC-MSロックマスと選択イオンモニタリング","2","no","drive-exam-page-visual-rationale-draft","user-Drive-2022-question-underlines1-5-directly-visualized","P1-official-PDF-identity-and-final-evidence-QA","特論・印刷13頁（PDF第12頁）：1=キャピラリーカラム、2=ロックマス方式、3=全イオンモニタリング、4=イオン強度比、5=内標準法。ダイオキシン類のHRGC/HRMS測定はロックマス方式の選択イオンモニタリング（SIM）で行う。原題③の『全イオンモニタリング』は誤り。環境省の分析マニュアルでも分解能10,000以上・SIM・ロックマスを明記する。","VISUAL-AND-CLAIM-SUPPORTED-FINAL-QA-PENDING","HOLD-JEMAI-original-identity-and-final-source-QA-pending"
"R04-A-Q20-C3","R04-A-Q20","R04","A05","GC-MSロックマスと選択イオンモニタリング","3","yes","drive-exam-page-visual-rationale-draft","user-Drive-2022-question-underlines1-5-directly-visualized","P1-official-PDF-identity-and-final-evidence-QA","特論・印刷13頁（PDF第12頁）：1=キャピラリーカラム、2=ロックマス方式、3=全イオンモニタリング、4=イオン強度比、5=内標準法。ダイオキシン類のHRGC/HRMS測定はロックマス方式の選択イオンモニタリング（SIM）で行う。原題③の『全イオンモニタリング』は誤り。環境省の分析マニュアルでも分解能10,000以上・SIM・ロックマスを明記する。","VISUAL-AND-CLAIM-SUPPORTED-FINAL-QA-PENDING","HOLD-JEMAI-original-identity-and-final-source-QA-pending"
"R04-A-Q20-C4","R04-A-Q20","R04","A05","GC-MSロックマスと選択イオンモニタリング","4","no","drive-exam-page-visual-rationale-draft","user-Drive-2022-question-underlines1-5-directly-visualized","P1-official-PDF-identity-and-final-evidence-QA","特論・印刷13頁（PDF第12頁）：1=キャピラリーカラム、2=ロックマス方式、3=全イオンモニタリング、4=イオン強度比、5=内標準法。ダイオキシン類のHRGC/HRMS測定はロックマス方式の選択イオンモニタリング（SIM）で行う。原題③の『全イオンモニタリング』は誤り。環境省の分析マニュアルでも分解能10,000以上・SIM・ロックマスを明記する。","VISUAL-AND-CLAIM-SUPPORTED-FINAL-QA-PENDING","HOLD-JEMAI-original-identity-and-final-source-QA-pending"
"R04-A-Q20-C5","R04-A-Q20","R04","A05","GC-MSロックマスと選択イオンモニタリング","5","no","drive-exam-page-visual-rationale-draft","user-Drive-2022-question-underlines1-5-directly-visualized","P1-official-PDF-identity-and-final-evidence-QA","特論・印刷13頁（PDF第12頁）：1=キャピラリーカラム、2=ロックマス方式、3=全イオンモニタリング、4=イオン強度比、5=内標準法。ダイオキシン類のHRGC/HRMS測定はロックマス方式の選択イオンモニタリング（SIM）で行う。原題③の『全イオンモニタリング』は誤り。環境省の分析マニュアルでも分解能10,000以上・SIM・ロックマスを明記する。","VISUAL-AND-CLAIM-SUPPORTED-FINAL-QA-PENDING","HOLD-JEMAI-original-identity-and-final-source-QA-pending"
"R04-G-Q02-C1","R04-G-Q02","R04","G01","特措法の目的規定","1","no","drive-exam-page-visual-rationale-draft","user-Drive-2022-question-underlines1-5-directly-visualized","P1-official-PDF-identity-and-final-evidence-QA","概論・印刷4頁（PDF第3頁）：1=人の生命、2=健康、3=その除去等、4=必要な規制、5=汚染除去。原題⑤の『汚染除去に係る措置』は、ダイオキシン類対策特別措置法第1条の『汚染土壌に係る措置』と異なる。①生命・②健康・③環境汚染の防止と除去・④必要な規制は条文と整合。2022年10月適用の同条は別途原本確認可能。","VISUAL-AND-CLAIM-SUPPORTED-FINAL-QA-PENDING","HOLD-JEMAI-original-identity-and-final-source-QA-pending"
"R04-G-Q02-C2","R04-G-Q02","R04","G01","特措法の目的規定","2","no","drive-exam-page-visual-rationale-draft","user-Drive-2022-question-underlines1-5-directly-visualized","P1-official-PDF-identity-and-final-evidence-QA","概論・印刷4頁（PDF第3頁）：1=人の生命、2=健康、3=その除去等、4=必要な規制、5=汚染除去。原題⑤の『汚染除去に係る措置』は、ダイオキシン類対策特別措置法第1条の『汚染土壌に係る措置』と異なる。①生命・②健康・③環境汚染の防止と除去・④必要な規制は条文と整合。2022年10月適用の同条は別途原本確認可能。","VISUAL-AND-CLAIM-SUPPORTED-FINAL-QA-PENDING","HOLD-JEMAI-original-identity-and-final-source-QA-pending"
"R04-G-Q02-C3","R04-G-Q02","R04","G01","特措法の目的規定","3","no","drive-exam-page-visual-rationale-draft","user-Drive-2022-question-underlines1-5-directly-visualized","P1-official-PDF-identity-and-final-evidence-QA","概論・印刷4頁（PDF第3頁）：1=人の生命、2=健康、3=その除去等、4=必要な規制、5=汚染除去。原題⑤の『汚染除去に係る措置』は、ダイオキシン類対策特別措置法第1条の『汚染土壌に係る措置』と異なる。①生命・②健康・③環境汚染の防止と除去・④必要な規制は条文と整合。2022年10月適用の同条は別途原本確認可能。","VISUAL-AND-CLAIM-SUPPORTED-FINAL-QA-PENDING","HOLD-JEMAI-original-identity-and-final-source-QA-pending"
"R04-G-Q02-C4","R04-G-Q02","R04","G01","特措法の目的規定","4","no","drive-exam-page-visual-rationale-draft","user-Drive-2022-question-underlines1-5-directly-visualized","P1-official-PDF-identity-and-final-evidence-QA","概論・印刷4頁（PDF第3頁）：1=人の生命、2=健康、3=その除去等、4=必要な規制、5=汚染除去。原題⑤の『汚染除去に係る措置』は、ダイオキシン類対策特別措置法第1条の『汚染土壌に係る措置』と異なる。①生命・②健康・③環境汚染の防止と除去・④必要な規制は条文と整合。2022年10月適用の同条は別途原本確認可能。","VISUAL-AND-CLAIM-SUPPORTED-FINAL-QA-PENDING","HOLD-JEMAI-original-identity-and-final-source-QA-pending"
"R04-G-Q02-C5","R04-G-Q02","R04","G01","特措法の目的規定","5","yes","drive-exam-page-visual-rationale-draft","user-Drive-2022-question-underlines1-5-directly-visualized","P1-official-PDF-identity-and-final-evidence-QA","概論・印刷4頁（PDF第3頁）：1=人の生命、2=健康、3=その除去等、4=必要な規制、5=汚染除去。原題⑤の『汚染除去に係る措置』は、ダイオキシン類対策特別措置法第1条の『汚染土壌に係る措置』と異なる。①生命・②健康・③環境汚染の防止と除去・④必要な規制は条文と整合。2022年10月適用の同条は別途原本確認可能。","VISUAL-AND-CLAIM-SUPPORTED-FINAL-QA-PENDING","HOLD-JEMAI-original-identity-and-final-source-QA-pending"
"R04-G-Q08-C1","R04-G-Q08","R04","G02","油症事件の原因","1","no","drive-exam-page-visual-rationale-draft","user-Drive-2022-question-underlines1-5-directly-visualized","P1-official-PDF-identity-and-final-evidence-QA","概論・印刷7頁（PDF第6頁）：1=西日本、2=米ぬか油、3=PCDDs、4=PCDFs、5=台湾。1968年の西日本の米ぬか油事件は、熱媒体PCB類および混入PCDF類等による複合汚染。厚労省の説明と政府答弁から、『原因はPCDDsとPCDFsと結論』の③（PCDDs）が誤り。④PCDFsは原因物質として認められる。","VISUAL-AND-CLAIM-SUPPORTED-FINAL-QA-PENDING","HOLD-JEMAI-original-identity-and-final-source-QA-pending"
"R04-G-Q08-C2","R04-G-Q08","R04","G02","油症事件の原因","2","no","drive-exam-page-visual-rationale-draft","user-Drive-2022-question-underlines1-5-directly-visualized","P1-official-PDF-identity-and-final-evidence-QA","概論・印刷7頁（PDF第6頁）：1=西日本、2=米ぬか油、3=PCDDs、4=PCDFs、5=台湾。1968年の西日本の米ぬか油事件は、熱媒体PCB類および混入PCDF類等による複合汚染。厚労省の説明と政府答弁から、『原因はPCDDsとPCDFsと結論』の③（PCDDs）が誤り。④PCDFsは原因物質として認められる。","VISUAL-AND-CLAIM-SUPPORTED-FINAL-QA-PENDING","HOLD-JEMAI-original-identity-and-final-source-QA-pending"
"R04-G-Q08-C3","R04-G-Q08","R04","G02","油症事件の原因","3","yes","drive-exam-page-visual-rationale-draft","user-Drive-2022-question-underlines1-5-directly-visualized","P1-official-PDF-identity-and-final-evidence-QA","概論・印刷7頁（PDF第6頁）：1=西日本、2=米ぬか油、3=PCDDs、4=PCDFs、5=台湾。1968年の西日本の米ぬか油事件は、熱媒体PCB類および混入PCDF類等による複合汚染。厚労省の説明と政府答弁から、『原因はPCDDsとPCDFsと結論』の③（PCDDs）が誤り。④PCDFsは原因物質として認められる。","VISUAL-AND-CLAIM-SUPPORTED-FINAL-QA-PENDING","HOLD-JEMAI-original-identity-and-final-source-QA-pending"
"R04-G-Q08-C4","R04-G-Q08","R04","G02","油症事件の原因","4","no","drive-exam-page-visual-rationale-draft","user-Drive-2022-question-underlines1-5-directly-visualized","P1-official-PDF-identity-and-final-evidence-QA","概論・印刷7頁（PDF第6頁）：1=西日本、2=米ぬか油、3=PCDDs、4=PCDFs、5=台湾。1968年の西日本の米ぬか油事件は、熱媒体PCB類および混入PCDF類等による複合汚染。厚労省の説明と政府答弁から、『原因はPCDDsとPCDFsと結論』の③（PCDDs）が誤り。④PCDFsは原因物質として認められる。","VISUAL-AND-CLAIM-SUPPORTED-FINAL-QA-PENDING","HOLD-JEMAI-original-identity-and-final-source-QA-pending"
"R04-G-Q08-C5","R04-G-Q08","R04","G02","油症事件の原因","5","no","drive-exam-page-visual-rationale-draft","user-Drive-2022-question-underlines1-5-directly-visualized","P1-official-PDF-identity-and-final-evidence-QA","概論・印刷7頁（PDF第6頁）：1=西日本、2=米ぬか油、3=PCDDs、4=PCDFs、5=台湾。1968年の西日本の米ぬか油事件は、熱媒体PCB類および混入PCDF類等による複合汚染。厚労省の説明と政府答弁から、『原因はPCDDsとPCDFsと結論』の③（PCDDs）が誤り。④PCDFsは原因物質として認められる。","VISUAL-AND-CLAIM-SUPPORTED-FINAL-QA-PENDING","HOLD-JEMAI-original-identity-and-final-source-QA-pending"
"R05-A-Q06-C1","R05-A-Q06","R05","A01","湿式スクラバーの捕集機構","1","no","drive-exam-page-visual-rationale-draft","user-Drive-R05-exam-PDF-underline1-5-directly-visual-reviewed","P1-official-file-identity-and-publication-QA","印刷6頁：1=液体、2=重力、3=拡散、4=大きな粒子、5=流速が小さいほど。湿式スクラバーの慣性衝突捕集は、ガスと液滴の相対速度が大きいほど一般に有利。米国EPAのCost Manualで相対速度増大と衝突捕集の関係を確認。原題⑤『流速が小さいほど高い』は逆。粒径・圧損・装置型式による留保あり。","VISUAL-AND-CLAIM-SUPPORTED-FINAL-QA-PENDING","HOLD-JEMAI-official-file-identity-and-independent-source-final-QA"
"R05-A-Q06-C2","R05-A-Q06","R05","A01","湿式スクラバーの捕集機構","2","no","drive-exam-page-visual-rationale-draft","user-Drive-R05-exam-PDF-underline1-5-directly-visual-reviewed","P1-official-file-identity-and-publication-QA","印刷6頁：1=液体、2=重力、3=拡散、4=大きな粒子、5=流速が小さいほど。湿式スクラバーの慣性衝突捕集は、ガスと液滴の相対速度が大きいほど一般に有利。米国EPAのCost Manualで相対速度増大と衝突捕集の関係を確認。原題⑤『流速が小さいほど高い』は逆。粒径・圧損・装置型式による留保あり。","VISUAL-AND-CLAIM-SUPPORTED-FINAL-QA-PENDING","HOLD-JEMAI-official-file-identity-and-independent-source-final-QA"
"R05-A-Q06-C3","R05-A-Q06","R05","A01","湿式スクラバーの捕集機構","3","no","drive-exam-page-visual-rationale-draft","user-Drive-R05-exam-PDF-underline1-5-directly-visual-reviewed","P1-official-file-identity-and-publication-QA","印刷6頁：1=液体、2=重力、3=拡散、4=大きな粒子、5=流速が小さいほど。湿式スクラバーの慣性衝突捕集は、ガスと液滴の相対速度が大きいほど一般に有利。米国EPAのCost Manualで相対速度増大と衝突捕集の関係を確認。原題⑤『流速が小さいほど高い』は逆。粒径・圧損・装置型式による留保あり。","VISUAL-AND-CLAIM-SUPPORTED-FINAL-QA-PENDING","HOLD-JEMAI-official-file-identity-and-independent-source-final-QA"
"R05-A-Q06-C4","R05-A-Q06","R05","A01","湿式スクラバーの捕集機構","4","no","drive-exam-page-visual-rationale-draft","user-Drive-R05-exam-PDF-underline1-5-directly-visual-reviewed","P1-official-file-identity-and-publication-QA","印刷6頁：1=液体、2=重力、3=拡散、4=大きな粒子、5=流速が小さいほど。湿式スクラバーの慣性衝突捕集は、ガスと液滴の相対速度が大きいほど一般に有利。米国EPAのCost Manualで相対速度増大と衝突捕集の関係を確認。原題⑤『流速が小さいほど高い』は逆。粒径・圧損・装置型式による留保あり。","VISUAL-AND-CLAIM-SUPPORTED-FINAL-QA-PENDING","HOLD-JEMAI-official-file-identity-and-independent-source-final-QA"
"R05-A-Q06-C5","R05-A-Q06","R05","A01","湿式スクラバーの捕集機構","5","yes","drive-exam-page-visual-rationale-draft","user-Drive-R05-exam-PDF-underline1-5-directly-visual-reviewed","P1-official-file-identity-and-publication-QA","印刷6頁：1=液体、2=重力、3=拡散、4=大きな粒子、5=流速が小さいほど。湿式スクラバーの慣性衝突捕集は、ガスと液滴の相対速度が大きいほど一般に有利。米国EPAのCost Manualで相対速度増大と衝突捕集の関係を確認。原題⑤『流速が小さいほど高い』は逆。粒径・圧損・装置型式による留保あり。","VISUAL-AND-CLAIM-SUPPORTED-FINAL-QA-PENDING","HOLD-JEMAI-official-file-identity-and-independent-source-final-QA"
"R05-A-Q15-C1","R05-A-Q15","R05","A04","ECF漂白の時代変遷","1","no","drive-exam-page-visual-rationale-draft","user-Drive-R05-exam-PDF-underline1-5-directly-visual-reviewed","P1-technical-original-source-and-final-QA","P1：日本製紙連合会の2018年（暦年・年度要確認）さらしクラフトパルプ生産量ベースのECF率の原表と集計母数を取得。2020年設備基数予測85%を2018年生産実績として転記しない。 追加で確認済み：日本製紙連合会の2009年作成・2013年修正版資料にある85%は2020年の設備基数普及予測で、2018年のさらしクラフトパルプ生産量実績ではない。経産省2007年の『大半の工程ECF化』と2006年の生産量80%超も別時点の実態。正確な2018年割合は依然未確認。","VISUAL-VERIFIED-TECHNICAL-QA-PENDING","HOLD-JEMAI-official-file-identity-and-independent-source-final-QA"
"R05-A-Q15-C2","R05-A-Q15","R05","A04","ECF漂白の時代変遷","2","no","drive-exam-page-visual-rationale-draft","user-Drive-R05-exam-PDF-underline1-5-directly-visual-reviewed","P1-technical-original-source-and-final-QA","P1：日本製紙連合会の2018年（暦年・年度要確認）さらしクラフトパルプ生産量ベースのECF率の原表と集計母数を取得。2020年設備基数予測85%を2018年生産実績として転記しない。 追加で確認済み：日本製紙連合会の2009年作成・2013年修正版資料にある85%は2020年の設備基数普及予測で、2018年のさらしクラフトパルプ生産量実績ではない。経産省2007年の『大半の工程ECF化』と2006年の生産量80%超も別時点の実態。正確な2018年割合は依然未確認。","VISUAL-VERIFIED-TECHNICAL-QA-PENDING","HOLD-JEMAI-official-file-identity-and-independent-source-final-QA"
"R05-A-Q15-C3","R05-A-Q15","R05","A04","ECF漂白の時代変遷","3","no","drive-exam-page-visual-rationale-draft","user-Drive-R05-exam-PDF-underline1-5-directly-visual-reviewed","P1-technical-original-source-and-final-QA","P1：日本製紙連合会の2018年（暦年・年度要確認）さらしクラフトパルプ生産量ベースのECF率の原表と集計母数を取得。2020年設備基数予測85%を2018年生産実績として転記しない。 追加で確認済み：日本製紙連合会の2009年作成・2013年修正版資料にある85%は2020年の設備基数普及予測で、2018年のさらしクラフトパルプ生産量実績ではない。経産省2007年の『大半の工程ECF化』と2006年の生産量80%超も別時点の実態。正確な2018年割合は依然未確認。","VISUAL-VERIFIED-TECHNICAL-QA-PENDING","HOLD-JEMAI-official-file-identity-and-independent-source-final-QA"
"R05-A-Q15-C4","R05-A-Q15","R05","A04","ECF漂白の時代変遷","4","no","drive-exam-page-visual-rationale-draft","user-Drive-R05-exam-PDF-underline1-5-directly-visual-reviewed","P1-technical-original-source-and-final-QA","P1：日本製紙連合会の2018年（暦年・年度要確認）さらしクラフトパルプ生産量ベースのECF率の原表と集計母数を取得。2020年設備基数予測85%を2018年生産実績として転記しない。 追加で確認済み：日本製紙連合会の2009年作成・2013年修正版資料にある85%は2020年の設備基数普及予測で、2018年のさらしクラフトパルプ生産量実績ではない。経産省2007年の『大半の工程ECF化』と2006年の生産量80%超も別時点の実態。正確な2018年割合は依然未確認。","VISUAL-VERIFIED-TECHNICAL-QA-PENDING","HOLD-JEMAI-official-file-identity-and-independent-source-final-QA"
"R05-A-Q15-C5","R05-A-Q15","R05","A04","ECF漂白の時代変遷","5","yes","drive-exam-page-visual-rationale-draft","user-Drive-R05-exam-PDF-underline1-5-directly-visual-reviewed","P1-technical-original-source-and-final-QA","P1：日本製紙連合会の2018年（暦年・年度要確認）さらしクラフトパルプ生産量ベースのECF率の原表と集計母数を取得。2020年設備基数予測85%を2018年生産実績として転記しない。 追加で確認済み：日本製紙連合会の2009年作成・2013年修正版資料にある85%は2020年の設備基数普及予測で、2018年のさらしクラフトパルプ生産量実績ではない。経産省2007年の『大半の工程ECF化』と2006年の生産量80%超も別時点の実態。正確な2018年割合は依然未確認。","VISUAL-VERIFIED-TECHNICAL-QA-PENDING","HOLD-JEMAI-official-file-identity-and-independent-source-final-QA"
"R05-A-Q16-C1","R05-A-Q16","R05","A04","カーバイド法アセチレン製造と酸化洗浄","1","no","drive-exam-page-visual-rationale-draft","user-Drive-R05-exam-PDF-underline1-5-directly-visual-reviewed","P1-technical-original-source-and-final-QA","P1：UNEPの引用文献Kawamoto(2002)／Jinほか(2009)の原論文を取得し、同位体・前駆体・生成物実験による塩素化と酸化の寄与を検証。公式解答⑤と実験機構の実証を分ける。 追加で確認済み：環境省アセチレン洗浄排水実測最大58,000pg-TEQ/LとUNEP記載により水系ダイオキシン類発生の事実を裏付け。ただし塩素含有原料と次亜塩素酸塩の関与を述べる二次的な機構説明は、酸化・塩素化のどちらが支配的かの直接実験証拠ではない。","VISUAL-VERIFIED-TECHNICAL-QA-PENDING","HOLD-JEMAI-official-file-identity-and-independent-source-final-QA"
"R05-A-Q16-C2","R05-A-Q16","R05","A04","カーバイド法アセチレン製造と酸化洗浄","2","no","drive-exam-page-visual-rationale-draft","user-Drive-R05-exam-PDF-underline1-5-directly-visual-reviewed","P1-technical-original-source-and-final-QA","P1：UNEPの引用文献Kawamoto(2002)／Jinほか(2009)の原論文を取得し、同位体・前駆体・生成物実験による塩素化と酸化の寄与を検証。公式解答⑤と実験機構の実証を分ける。 追加で確認済み：環境省アセチレン洗浄排水実測最大58,000pg-TEQ/LとUNEP記載により水系ダイオキシン類発生の事実を裏付け。ただし塩素含有原料と次亜塩素酸塩の関与を述べる二次的な機構説明は、酸化・塩素化のどちらが支配的かの直接実験証拠ではない。","VISUAL-VERIFIED-TECHNICAL-QA-PENDING","HOLD-JEMAI-official-file-identity-and-independent-source-final-QA"
"R05-A-Q16-C3","R05-A-Q16","R05","A04","カーバイド法アセチレン製造と酸化洗浄","3","no","drive-exam-page-visual-rationale-draft","user-Drive-R05-exam-PDF-underline1-5-directly-visual-reviewed","P1-technical-original-source-and-final-QA","P1：UNEPの引用文献Kawamoto(2002)／Jinほか(2009)の原論文を取得し、同位体・前駆体・生成物実験による塩素化と酸化の寄与を検証。公式解答⑤と実験機構の実証を分ける。 追加で確認済み：環境省アセチレン洗浄排水実測最大58,000pg-TEQ/LとUNEP記載により水系ダイオキシン類発生の事実を裏付け。ただし塩素含有原料と次亜塩素酸塩の関与を述べる二次的な機構説明は、酸化・塩素化のどちらが支配的かの直接実験証拠ではない。","VISUAL-VERIFIED-TECHNICAL-QA-PENDING","HOLD-JEMAI-official-file-identity-and-independent-source-final-QA"
"R05-A-Q16-C4","R05-A-Q16","R05","A04","カーバイド法アセチレン製造と酸化洗浄","4","no","drive-exam-page-visual-rationale-draft","user-Drive-R05-exam-PDF-underline1-5-directly-visual-reviewed","P1-technical-original-source-and-final-QA","P1：UNEPの引用文献Kawamoto(2002)／Jinほか(2009)の原論文を取得し、同位体・前駆体・生成物実験による塩素化と酸化の寄与を検証。公式解答⑤と実験機構の実証を分ける。 追加で確認済み：環境省アセチレン洗浄排水実測最大58,000pg-TEQ/LとUNEP記載により水系ダイオキシン類発生の事実を裏付け。ただし塩素含有原料と次亜塩素酸塩の関与を述べる二次的な機構説明は、酸化・塩素化のどちらが支配的かの直接実験証拠ではない。","VISUAL-VERIFIED-TECHNICAL-QA-PENDING","HOLD-JEMAI-official-file-identity-and-independent-source-final-QA"
"R05-A-Q16-C5","R05-A-Q16","R05","A04","カーバイド法アセチレン製造と酸化洗浄","5","yes","drive-exam-page-visual-rationale-draft","user-Drive-R05-exam-PDF-underline1-5-directly-visual-reviewed","P1-technical-original-source-and-final-QA","P1：UNEPの引用文献Kawamoto(2002)／Jinほか(2009)の原論文を取得し、同位体・前駆体・生成物実験による塩素化と酸化の寄与を検証。公式解答⑤と実験機構の実証を分ける。 追加で確認済み：環境省アセチレン洗浄排水実測最大58,000pg-TEQ/LとUNEP記載により水系ダイオキシン類発生の事実を裏付け。ただし塩素含有原料と次亜塩素酸塩の関与を述べる二次的な機構説明は、酸化・塩素化のどちらが支配的かの直接実験証拠ではない。","VISUAL-VERIFIED-TECHNICAL-QA-PENDING","HOLD-JEMAI-official-file-identity-and-independent-source-final-QA"
"R05-A-Q25-C1","R05-A-Q25","R05","A05","二重測定の精度管理","1","no","drive-exam-page-visual-rationale-draft","user-Drive-R05-exam-PDF-underline1-5-directly-visual-reviewed","P1-official-file-identity-and-publication-QA","印刷14頁：1=二つ以上、2=検出下限以上、3=平均値、4=再度測定、5=10試料数。JIS K 0312:2020の非公式転載9.2.4では、二重測定の判定対象は『定量下限以上』の検出化合物。原題②の『検出下限以上』は不適切。二つ以上、平均値±30%、10試料数に1回の表現は同条と整合。正式JIS正本は未閲覧である。","VISUAL-AND-CLAIM-SUPPORTED-FINAL-QA-PENDING","HOLD-JEMAI-official-file-identity-and-independent-source-final-QA"
"R05-A-Q25-C2","R05-A-Q25","R05","A05","二重測定の精度管理","2","yes","drive-exam-page-visual-rationale-draft","user-Drive-R05-exam-PDF-underline1-5-directly-visual-reviewed","P1-official-file-identity-and-publication-QA","印刷14頁：1=二つ以上、2=検出下限以上、3=平均値、4=再度測定、5=10試料数。JIS K 0312:2020の非公式転載9.2.4では、二重測定の判定対象は『定量下限以上』の検出化合物。原題②の『検出下限以上』は不適切。二つ以上、平均値±30%、10試料数に1回の表現は同条と整合。正式JIS正本は未閲覧である。","VISUAL-AND-CLAIM-SUPPORTED-FINAL-QA-PENDING","HOLD-JEMAI-official-file-identity-and-independent-source-final-QA"
"R05-A-Q25-C3","R05-A-Q25","R05","A05","二重測定の精度管理","3","no","drive-exam-page-visual-rationale-draft","user-Drive-R05-exam-PDF-underline1-5-directly-visual-reviewed","P1-official-file-identity-and-publication-QA","印刷14頁：1=二つ以上、2=検出下限以上、3=平均値、4=再度測定、5=10試料数。JIS K 0312:2020の非公式転載9.2.4では、二重測定の判定対象は『定量下限以上』の検出化合物。原題②の『検出下限以上』は不適切。二つ以上、平均値±30%、10試料数に1回の表現は同条と整合。正式JIS正本は未閲覧である。","VISUAL-AND-CLAIM-SUPPORTED-FINAL-QA-PENDING","HOLD-JEMAI-official-file-identity-and-independent-source-final-QA"
"R05-A-Q25-C4","R05-A-Q25","R05","A05","二重測定の精度管理","4","no","drive-exam-page-visual-rationale-draft","user-Drive-R05-exam-PDF-underline1-5-directly-visual-reviewed","P1-official-file-identity-and-publication-QA","印刷14頁：1=二つ以上、2=検出下限以上、3=平均値、4=再度測定、5=10試料数。JIS K 0312:2020の非公式転載9.2.4では、二重測定の判定対象は『定量下限以上』の検出化合物。原題②の『検出下限以上』は不適切。二つ以上、平均値±30%、10試料数に1回の表現は同条と整合。正式JIS正本は未閲覧である。","VISUAL-AND-CLAIM-SUPPORTED-FINAL-QA-PENDING","HOLD-JEMAI-official-file-identity-and-independent-source-final-QA"
"R05-A-Q25-C5","R05-A-Q25","R05","A05","二重測定の精度管理","5","no","drive-exam-page-visual-rationale-draft","user-Drive-R05-exam-PDF-underline1-5-directly-visual-reviewed","P1-official-file-identity-and-publication-QA","印刷14頁：1=二つ以上、2=検出下限以上、3=平均値、4=再度測定、5=10試料数。JIS K 0312:2020の非公式転載9.2.4では、二重測定の判定対象は『定量下限以上』の検出化合物。原題②の『検出下限以上』は不適切。二つ以上、平均値±30%、10試料数に1回の表現は同条と整合。正式JIS正本は未閲覧である。","VISUAL-AND-CLAIM-SUPPORTED-FINAL-QA-PENDING","HOLD-JEMAI-official-file-identity-and-independent-source-final-QA"
"R05-G-Q02-C1","R05-G-Q02","R05","G01","事業者責務の努力義務と文言","1","no","drive-exam-page-visual-rationale-draft","user-Drive-R05-exam-PDF-underline1-5-directly-visual-reviewed","P1-official-file-identity-and-publication-QA","印刷4頁：1=事業活動を行う、2=環境の汚染の防止、3=その除去等、4=国又は地方公共団体、5=協力するように努める。法第4条は、事業者に国・地方公共団体の環境汚染防止等に関する施策へ『協力しなければならない』と定める。原題⑤の『協力するように努める』では努力義務に弱めており誤り。第5条の国民の努力義務と混同しない。","VISUAL-AND-CLAIM-SUPPORTED-FINAL-QA-PENDING","HOLD-JEMAI-official-file-identity-and-independent-source-final-QA"
"R05-G-Q02-C2","R05-G-Q02","R05","G01","事業者責務の努力義務と文言","2","no","drive-exam-page-visual-rationale-draft","user-Drive-R05-exam-PDF-underline1-5-directly-visual-reviewed","P1-official-file-identity-and-publication-QA","印刷4頁：1=事業活動を行う、2=環境の汚染の防止、3=その除去等、4=国又は地方公共団体、5=協力するように努める。法第4条は、事業者に国・地方公共団体の環境汚染防止等に関する施策へ『協力しなければならない』と定める。原題⑤の『協力するように努める』では努力義務に弱めており誤り。第5条の国民の努力義務と混同しない。","VISUAL-AND-CLAIM-SUPPORTED-FINAL-QA-PENDING","HOLD-JEMAI-official-file-identity-and-independent-source-final-QA"
"R05-G-Q02-C3","R05-G-Q02","R05","G01","事業者責務の努力義務と文言","3","no","drive-exam-page-visual-rationale-draft","user-Drive-R05-exam-PDF-underline1-5-directly-visual-reviewed","P1-official-file-identity-and-publication-QA","印刷4頁：1=事業活動を行う、2=環境の汚染の防止、3=その除去等、4=国又は地方公共団体、5=協力するように努める。法第4条は、事業者に国・地方公共団体の環境汚染防止等に関する施策へ『協力しなければならない』と定める。原題⑤の『協力するように努める』では努力義務に弱めており誤り。第5条の国民の努力義務と混同しない。","VISUAL-AND-CLAIM-SUPPORTED-FINAL-QA-PENDING","HOLD-JEMAI-official-file-identity-and-independent-source-final-QA"
"R05-G-Q02-C4","R05-G-Q02","R05","G01","事業者責務の努力義務と文言","4","no","drive-exam-page-visual-rationale-draft","user-Drive-R05-exam-PDF-underline1-5-directly-visual-reviewed","P1-official-file-identity-and-publication-QA","印刷4頁：1=事業活動を行う、2=環境の汚染の防止、3=その除去等、4=国又は地方公共団体、5=協力するように努める。法第4条は、事業者に国・地方公共団体の環境汚染防止等に関する施策へ『協力しなければならない』と定める。原題⑤の『協力するように努める』では努力義務に弱めており誤り。第5条の国民の努力義務と混同しない。","VISUAL-AND-CLAIM-SUPPORTED-FINAL-QA-PENDING","HOLD-JEMAI-official-file-identity-and-independent-source-final-QA"
"R05-G-Q02-C5","R05-G-Q02","R05","G01","事業者責務の努力義務と文言","5","yes","drive-exam-page-visual-rationale-draft","user-Drive-R05-exam-PDF-underline1-5-directly-visual-reviewed","P1-official-file-identity-and-publication-QA","印刷4頁：1=事業活動を行う、2=環境の汚染の防止、3=その除去等、4=国又は地方公共団体、5=協力するように努める。法第4条は、事業者に国・地方公共団体の環境汚染防止等に関する施策へ『協力しなければならない』と定める。原題⑤の『協力するように努める』では努力義務に弱めており誤り。第5条の国民の努力義務と混同しない。","VISUAL-AND-CLAIM-SUPPORTED-FINAL-QA-PENDING","HOLD-JEMAI-official-file-identity-and-independent-source-final-QA"
"R05-G-Q04-C1","R05-G-Q04","R05","G01","土壌汚染対策計画と費用負担法","1","no","drive-exam-page-visual-rationale-draft","user-Drive-R05-exam-PDF-underline1-5-directly-visual-reviewed","P1-official-file-identity-and-publication-QA","印刷6頁：1=土地の利用の状況、2=除去、3=防止する、4=因果関係、5=土地の利用の履歴等。法第31条第7項では事業者排出と土壌汚染の因果関係が『科学的知見に基づいて明確』な場合に公害防止事業費事業者負担法を適用。原題⑤の土地利用の履歴等を因果関係の法定判断根拠とするのは誤り。土地利用の状況は同条第2項に別の文脈で登場する。","VISUAL-AND-CLAIM-SUPPORTED-FINAL-QA-PENDING","HOLD-JEMAI-official-file-identity-and-independent-source-final-QA"
"R05-G-Q04-C2","R05-G-Q04","R05","G01","土壌汚染対策計画と費用負担法","2","no","drive-exam-page-visual-rationale-draft","user-Drive-R05-exam-PDF-underline1-5-directly-visual-reviewed","P1-official-file-identity-and-publication-QA","印刷6頁：1=土地の利用の状況、2=除去、3=防止する、4=因果関係、5=土地の利用の履歴等。法第31条第7項では事業者排出と土壌汚染の因果関係が『科学的知見に基づいて明確』な場合に公害防止事業費事業者負担法を適用。原題⑤の土地利用の履歴等を因果関係の法定判断根拠とするのは誤り。土地利用の状況は同条第2項に別の文脈で登場する。","VISUAL-AND-CLAIM-SUPPORTED-FINAL-QA-PENDING","HOLD-JEMAI-official-file-identity-and-independent-source-final-QA"
"R05-G-Q04-C3","R05-G-Q04","R05","G01","土壌汚染対策計画と費用負担法","3","no","drive-exam-page-visual-rationale-draft","user-Drive-R05-exam-PDF-underline1-5-directly-visual-reviewed","P1-official-file-identity-and-publication-QA","印刷6頁：1=土地の利用の状況、2=除去、3=防止する、4=因果関係、5=土地の利用の履歴等。法第31条第7項では事業者排出と土壌汚染の因果関係が『科学的知見に基づいて明確』な場合に公害防止事業費事業者負担法を適用。原題⑤の土地利用の履歴等を因果関係の法定判断根拠とするのは誤り。土地利用の状況は同条第2項に別の文脈で登場する。","VISUAL-AND-CLAIM-SUPPORTED-FINAL-QA-PENDING","HOLD-JEMAI-official-file-identity-and-independent-source-final-QA"
"R05-G-Q04-C4","R05-G-Q04","R05","G01","土壌汚染対策計画と費用負担法","4","no","drive-exam-page-visual-rationale-draft","user-Drive-R05-exam-PDF-underline1-5-directly-visual-reviewed","P1-official-file-identity-and-publication-QA","印刷6頁：1=土地の利用の状況、2=除去、3=防止する、4=因果関係、5=土地の利用の履歴等。法第31条第7項では事業者排出と土壌汚染の因果関係が『科学的知見に基づいて明確』な場合に公害防止事業費事業者負担法を適用。原題⑤の土地利用の履歴等を因果関係の法定判断根拠とするのは誤り。土地利用の状況は同条第2項に別の文脈で登場する。","VISUAL-AND-CLAIM-SUPPORTED-FINAL-QA-PENDING","HOLD-JEMAI-official-file-identity-and-independent-source-final-QA"
"R05-G-Q04-C5","R05-G-Q04","R05","G01","土壌汚染対策計画と費用負担法","5","yes","drive-exam-page-visual-rationale-draft","user-Drive-R05-exam-PDF-underline1-5-directly-visual-reviewed","P1-official-file-identity-and-publication-QA","印刷6頁：1=土地の利用の状況、2=除去、3=防止する、4=因果関係、5=土地の利用の履歴等。法第31条第7項では事業者排出と土壌汚染の因果関係が『科学的知見に基づいて明確』な場合に公害防止事業費事業者負担法を適用。原題⑤の土地利用の履歴等を因果関係の法定判断根拠とするのは誤り。土地利用の状況は同条第2項に別の文脈で登場する。","VISUAL-AND-CLAIM-SUPPORTED-FINAL-QA-PENDING","HOLD-JEMAI-official-file-identity-and-independent-source-final-QA"
"R05-G-Q09-C1","R05-G-Q09","R05","G04","オクタノール・水分配係数と塩素置換","1","no","drive-exam-page-visual-rationale-draft","user-Drive-R05-exam-PDF-underline1-5-directly-visual-reviewed","P1-official-file-identity-and-publication-QA","印刷8頁：1=大きい、2=6～8、3=負、4=脂溶性、5=有機懸濁物。オクタノール/水分配係数が大きいほど疎水性が高く、一般に塩素化が進むPCDDs・PCDFsのlogKowは増大する。原題③『負の相関』が誤り。IARC物性表にもTCDDのlogKow約6.80、OCDD約8.20とある。数値は化合物・測定温度によって異なる。","VISUAL-AND-CLAIM-SUPPORTED-FINAL-QA-PENDING","HOLD-JEMAI-official-file-identity-and-independent-source-final-QA"
"R05-G-Q09-C2","R05-G-Q09","R05","G04","オクタノール・水分配係数と塩素置換","2","no","drive-exam-page-visual-rationale-draft","user-Drive-R05-exam-PDF-underline1-5-directly-visual-reviewed","P1-official-file-identity-and-publication-QA","印刷8頁：1=大きい、2=6～8、3=負、4=脂溶性、5=有機懸濁物。オクタノール/水分配係数が大きいほど疎水性が高く、一般に塩素化が進むPCDDs・PCDFsのlogKowは増大する。原題③『負の相関』が誤り。IARC物性表にもTCDDのlogKow約6.80、OCDD約8.20とある。数値は化合物・測定温度によって異なる。","VISUAL-AND-CLAIM-SUPPORTED-FINAL-QA-PENDING","HOLD-JEMAI-official-file-identity-and-independent-source-final-QA"
"R05-G-Q09-C3","R05-G-Q09","R05","G04","オクタノール・水分配係数と塩素置換","3","yes","drive-exam-page-visual-rationale-draft","user-Drive-R05-exam-PDF-underline1-5-directly-visual-reviewed","P1-official-file-identity-and-publication-QA","印刷8頁：1=大きい、2=6～8、3=負、4=脂溶性、5=有機懸濁物。オクタノール/水分配係数が大きいほど疎水性が高く、一般に塩素化が進むPCDDs・PCDFsのlogKowは増大する。原題③『負の相関』が誤り。IARC物性表にもTCDDのlogKow約6.80、OCDD約8.20とある。数値は化合物・測定温度によって異なる。","VISUAL-AND-CLAIM-SUPPORTED-FINAL-QA-PENDING","HOLD-JEMAI-official-file-identity-and-independent-source-final-QA"
"R05-G-Q09-C4","R05-G-Q09","R05","G04","オクタノール・水分配係数と塩素置換","4","no","drive-exam-page-visual-rationale-draft","user-Drive-R05-exam-PDF-underline1-5-directly-visual-reviewed","P1-official-file-identity-and-publication-QA","印刷8頁：1=大きい、2=6～8、3=負、4=脂溶性、5=有機懸濁物。オクタノール/水分配係数が大きいほど疎水性が高く、一般に塩素化が進むPCDDs・PCDFsのlogKowは増大する。原題③『負の相関』が誤り。IARC物性表にもTCDDのlogKow約6.80、OCDD約8.20とある。数値は化合物・測定温度によって異なる。","VISUAL-AND-CLAIM-SUPPORTED-FINAL-QA-PENDING","HOLD-JEMAI-official-file-identity-and-independent-source-final-QA"
"R05-G-Q09-C5","R05-G-Q09","R05","G04","オクタノール・水分配係数と塩素置換","5","no","drive-exam-page-visual-rationale-draft","user-Drive-R05-exam-PDF-underline1-5-directly-visual-reviewed","P1-official-file-identity-and-publication-QA","印刷8頁：1=大きい、2=6～8、3=負、4=脂溶性、5=有機懸濁物。オクタノール/水分配係数が大きいほど疎水性が高く、一般に塩素化が進むPCDDs・PCDFsのlogKowは増大する。原題③『負の相関』が誤り。IARC物性表にもTCDDのlogKow約6.80、OCDD約8.20とある。数値は化合物・測定温度によって異なる。","VISUAL-AND-CLAIM-SUPPORTED-FINAL-QA-PENDING","HOLD-JEMAI-official-file-identity-and-independent-source-final-QA"
"R05-G-Q10-C1","R05-G-Q10","R05","G04","蒸気圧・塩素置換数","1","no","drive-exam-page-visual-rationale-draft","user-Drive-R05-exam-PDF-underline1-5-directly-visual-reviewed","P1-official-file-identity-and-publication-QA","印刷9頁：1=減少、2=約2桁小さい値、3=高く、4=10⁻⁴～10⁻⁵ Pa台、5=10⁻⁶～10⁻⁷ Pa台。蒸気圧は塩素置換が多いほど一般に低下する。IARC公表の25℃の例では2,3,7,8-TCDD 2.0×10⁻⁷Pa、OCDD 1.1×10⁻¹⁰Pa（比約1800倍、3.3桁）であり、原題②『約2桁小さい』と一致しない。異性体・温度・資料で数値幅があるため約4桁と一律断定もしない。","VISUAL-AND-CLAIM-SUPPORTED-FINAL-QA-PENDING","HOLD-JEMAI-official-file-identity-and-independent-source-final-QA"
"R05-G-Q10-C2","R05-G-Q10","R05","G04","蒸気圧・塩素置換数","2","yes","drive-exam-page-visual-rationale-draft","user-Drive-R05-exam-PDF-underline1-5-directly-visual-reviewed","P1-official-file-identity-and-publication-QA","印刷9頁：1=減少、2=約2桁小さい値、3=高く、4=10⁻⁴～10⁻⁵ Pa台、5=10⁻⁶～10⁻⁷ Pa台。蒸気圧は塩素置換が多いほど一般に低下する。IARC公表の25℃の例では2,3,7,8-TCDD 2.0×10⁻⁷Pa、OCDD 1.1×10⁻¹⁰Pa（比約1800倍、3.3桁）であり、原題②『約2桁小さい』と一致しない。異性体・温度・資料で数値幅があるため約4桁と一律断定もしない。","VISUAL-AND-CLAIM-SUPPORTED-FINAL-QA-PENDING","HOLD-JEMAI-official-file-identity-and-independent-source-final-QA"
"R05-G-Q10-C3","R05-G-Q10","R05","G04","蒸気圧・塩素置換数","3","no","drive-exam-page-visual-rationale-draft","user-Drive-R05-exam-PDF-underline1-5-directly-visual-reviewed","P1-official-file-identity-and-publication-QA","印刷9頁：1=減少、2=約2桁小さい値、3=高く、4=10⁻⁴～10⁻⁵ Pa台、5=10⁻⁶～10⁻⁷ Pa台。蒸気圧は塩素置換が多いほど一般に低下する。IARC公表の25℃の例では2,3,7,8-TCDD 2.0×10⁻⁷Pa、OCDD 1.1×10⁻¹⁰Pa（比約1800倍、3.3桁）であり、原題②『約2桁小さい』と一致しない。異性体・温度・資料で数値幅があるため約4桁と一律断定もしない。","VISUAL-AND-CLAIM-SUPPORTED-FINAL-QA-PENDING","HOLD-JEMAI-official-file-identity-and-independent-source-final-QA"
"R05-G-Q10-C4","R05-G-Q10","R05","G04","蒸気圧・塩素置換数","4","no","drive-exam-page-visual-rationale-draft","user-Drive-R05-exam-PDF-underline1-5-directly-visual-reviewed","P1-official-file-identity-and-publication-QA","印刷9頁：1=減少、2=約2桁小さい値、3=高く、4=10⁻⁴～10⁻⁵ Pa台、5=10⁻⁶～10⁻⁷ Pa台。蒸気圧は塩素置換が多いほど一般に低下する。IARC公表の25℃の例では2,3,7,8-TCDD 2.0×10⁻⁷Pa、OCDD 1.1×10⁻¹⁰Pa（比約1800倍、3.3桁）であり、原題②『約2桁小さい』と一致しない。異性体・温度・資料で数値幅があるため約4桁と一律断定もしない。","VISUAL-AND-CLAIM-SUPPORTED-FINAL-QA-PENDING","HOLD-JEMAI-official-file-identity-and-independent-source-final-QA"
"R05-G-Q10-C5","R05-G-Q10","R05","G04","蒸気圧・塩素置換数","5","no","drive-exam-page-visual-rationale-draft","user-Drive-R05-exam-PDF-underline1-5-directly-visual-reviewed","P1-official-file-identity-and-publication-QA","印刷9頁：1=減少、2=約2桁小さい値、3=高く、4=10⁻⁴～10⁻⁵ Pa台、5=10⁻⁶～10⁻⁷ Pa台。蒸気圧は塩素置換が多いほど一般に低下する。IARC公表の25℃の例では2,3,7,8-TCDD 2.0×10⁻⁷Pa、OCDD 1.1×10⁻¹⁰Pa（比約1800倍、3.3桁）であり、原題②『約2桁小さい』と一致しない。異性体・温度・資料で数値幅があるため約4桁と一律断定もしない。","VISUAL-AND-CLAIM-SUPPORTED-FINAL-QA-PENDING","HOLD-JEMAI-official-file-identity-and-independent-source-final-QA"
"R06-A-Q06-C1","R06-A-Q06","R06","A01","電気集じんとダスト比抵抗","1","no","reprint-visual-rationale-draft","reprint-page-verified-original-JEMAI-identity-and-technical-audit-pending","P1-original-identity-and-source-audit","転載2024年度試験紙面で下線・図・5択を目視。JEMAI公式配布原本の同一性・技術資料・JIS正本の確認が未完了。","NOT-VALIDATED","HOLD-reprint-visual-checked-technical-and-original-JEMAI-audit-pending"
"R06-A-Q06-C2","R06-A-Q06","R06","A01","電気集じんとダスト比抵抗","2","no","reprint-visual-rationale-draft","reprint-page-verified-original-JEMAI-identity-and-technical-audit-pending","P1-original-identity-and-source-audit","転載2024年度試験紙面で下線・図・5択を目視。JEMAI公式配布原本の同一性・技術資料・JIS正本の確認が未完了。","NOT-VALIDATED","HOLD-reprint-visual-checked-technical-and-original-JEMAI-audit-pending"
"R06-A-Q06-C3","R06-A-Q06","R06","A01","電気集じんとダスト比抵抗","3","no","reprint-visual-rationale-draft","reprint-page-verified-original-JEMAI-identity-and-technical-audit-pending","P1-original-identity-and-source-audit","転載2024年度試験紙面で下線・図・5択を目視。JEMAI公式配布原本の同一性・技術資料・JIS正本の確認が未完了。","NOT-VALIDATED","HOLD-reprint-visual-checked-technical-and-original-JEMAI-audit-pending"
"R06-A-Q06-C4","R06-A-Q06","R06","A01","電気集じんとダスト比抵抗","4","no","reprint-visual-rationale-draft","reprint-page-verified-original-JEMAI-identity-and-technical-audit-pending","P1-original-identity-and-source-audit","転載2024年度試験紙面で下線・図・5択を目視。JEMAI公式配布原本の同一性・技術資料・JIS正本の確認が未完了。","NOT-VALIDATED","HOLD-reprint-visual-checked-technical-and-original-JEMAI-audit-pending"
"R06-A-Q06-C5","R06-A-Q06","R06","A01","電気集じんとダスト比抵抗","5","yes","reprint-visual-rationale-draft","reprint-page-verified-original-JEMAI-identity-and-technical-audit-pending","P1-original-identity-and-source-audit","転載2024年度試験紙面で下線・図・5択を目視。JEMAI公式配布原本の同一性・技術資料・JIS正本の確認が未完了。","NOT-VALIDATED","HOLD-reprint-visual-checked-technical-and-original-JEMAI-audit-pending"
"R06-A-Q07-C1","R06-A-Q07","R06","A01","湿式スクラバーの捕集原理","1","no","reprint-visual-rationale-draft","reprint-page-verified-original-JEMAI-identity-and-technical-audit-pending","P1-original-identity-and-source-audit","転載2024年度試験紙面で下線・図・5択を目視。JEMAI公式配布原本の同一性・技術資料・JIS正本の確認が未完了。","NOT-VALIDATED","HOLD-reprint-visual-checked-technical-and-original-JEMAI-audit-pending"
"R06-A-Q07-C2","R06-A-Q07","R06","A01","湿式スクラバーの捕集原理","2","no","reprint-visual-rationale-draft","reprint-page-verified-original-JEMAI-identity-and-technical-audit-pending","P1-original-identity-and-source-audit","転載2024年度試験紙面で下線・図・5択を目視。JEMAI公式配布原本の同一性・技術資料・JIS正本の確認が未完了。","NOT-VALIDATED","HOLD-reprint-visual-checked-technical-and-original-JEMAI-audit-pending"
"R06-A-Q07-C3","R06-A-Q07","R06","A01","湿式スクラバーの捕集原理","3","no","reprint-visual-rationale-draft","reprint-page-verified-original-JEMAI-identity-and-technical-audit-pending","P1-original-identity-and-source-audit","転載2024年度試験紙面で下線・図・5択を目視。JEMAI公式配布原本の同一性・技術資料・JIS正本の確認が未完了。","NOT-VALIDATED","HOLD-reprint-visual-checked-technical-and-original-JEMAI-audit-pending"
"R06-A-Q07-C4","R06-A-Q07","R06","A01","湿式スクラバーの捕集原理","4","no","reprint-visual-rationale-draft","reprint-page-verified-original-JEMAI-identity-and-technical-audit-pending","P1-original-identity-and-source-audit","転載2024年度試験紙面で下線・図・5択を目視。JEMAI公式配布原本の同一性・技術資料・JIS正本の確認が未完了。","NOT-VALIDATED","HOLD-reprint-visual-checked-technical-and-original-JEMAI-audit-pending"
"R06-A-Q07-C5","R06-A-Q07","R06","A01","湿式スクラバーの捕集原理","5","yes","reprint-visual-rationale-draft","reprint-page-verified-original-JEMAI-identity-and-technical-audit-pending","P1-original-identity-and-source-audit","転載2024年度試験紙面で下線・図・5択を目視。JEMAI公式配布原本の同一性・技術資料・JIS正本の確認が未完了。","NOT-VALIDATED","HOLD-reprint-visual-checked-technical-and-original-JEMAI-audit-pending"
"R06-A-Q12-C1","R06-A-Q12","R06","A02","電炉ダストの亜鉛回収・還元揮発法","1","no","reprint-visual-rationale-draft","reprint-page-verified-original-JEMAI-identity-and-technical-audit-pending","P1-JEMAI-original-and-remaining-evidence","当該設問の主要な技術的主張について追加資料で裏付けを得た。正式原題・正式規格の照合と全選択肢監修は未完了。","PARTIAL-CLAIM-EVIDENCE-NOT-VALIDATED","HOLD-official-original-and-full-KVEQ-review"
"R06-A-Q12-C2","R06-A-Q12","R06","A02","電炉ダストの亜鉛回収・還元揮発法","2","no","reprint-visual-rationale-draft","reprint-page-verified-original-JEMAI-identity-and-technical-audit-pending","P1-JEMAI-original-and-remaining-evidence","当該設問の主要な技術的主張について追加資料で裏付けを得た。正式原題・正式規格の照合と全選択肢監修は未完了。","PARTIAL-CLAIM-EVIDENCE-NOT-VALIDATED","HOLD-official-original-and-full-KVEQ-review"
"R06-A-Q12-C3","R06-A-Q12","R06","A02","電炉ダストの亜鉛回収・還元揮発法","3","no","reprint-visual-rationale-draft","reprint-page-verified-original-JEMAI-identity-and-technical-audit-pending","P1-JEMAI-original-and-remaining-evidence","当該設問の主要な技術的主張について追加資料で裏付けを得た。正式原題・正式規格の照合と全選択肢監修は未完了。","PARTIAL-CLAIM-EVIDENCE-NOT-VALIDATED","HOLD-official-original-and-full-KVEQ-review"
"R06-A-Q12-C4","R06-A-Q12","R06","A02","電炉ダストの亜鉛回収・還元揮発法","4","yes","reprint-visual-rationale-draft","reprint-page-verified-original-JEMAI-identity-and-technical-audit-pending","P1-JEMAI-original-and-remaining-evidence","当該設問の主要な技術的主張について追加資料で裏付けを得た。正式原題・正式規格の照合と全選択肢監修は未完了。","PARTIAL-CLAIM-EVIDENCE-NOT-VALIDATED","HOLD-official-original-and-full-KVEQ-review"
"R06-A-Q12-C5","R06-A-Q12","R06","A02","電炉ダストの亜鉛回収・還元揮発法","5","no","reprint-visual-rationale-draft","reprint-page-verified-original-JEMAI-identity-and-technical-audit-pending","P1-JEMAI-original-and-remaining-evidence","当該設問の主要な技術的主張について追加資料で裏付けを得た。正式原題・正式規格の照合と全選択肢監修は未完了。","PARTIAL-CLAIM-EVIDENCE-NOT-VALIDATED","HOLD-official-original-and-full-KVEQ-review"
"R06-A-Q19-C1","R06-A-Q19","R06","A05","高分解能GC-MS・ロックマス","1","no","reprint-visual-rationale-draft","reprint-page-verified-original-JEMAI-identity-and-technical-audit-pending","P1-JEMAI-original-and-remaining-evidence","当該設問の主要な技術的主張について追加資料で裏付けを得た。正式原題・正式規格の照合と全選択肢監修は未完了。","PARTIAL-CLAIM-EVIDENCE-NOT-VALIDATED","HOLD-official-original-and-full-KVEQ-review"
"R06-A-Q19-C2","R06-A-Q19","R06","A05","高分解能GC-MS・ロックマス","2","yes","reprint-visual-rationale-draft","reprint-page-verified-original-JEMAI-identity-and-technical-audit-pending","P1-JEMAI-original-and-remaining-evidence","当該設問の主要な技術的主張について追加資料で裏付けを得た。正式原題・正式規格の照合と全選択肢監修は未完了。","PARTIAL-CLAIM-EVIDENCE-NOT-VALIDATED","HOLD-official-original-and-full-KVEQ-review"
"R06-A-Q19-C3","R06-A-Q19","R06","A05","高分解能GC-MS・ロックマス","3","no","reprint-visual-rationale-draft","reprint-page-verified-original-JEMAI-identity-and-technical-audit-pending","P1-JEMAI-original-and-remaining-evidence","当該設問の主要な技術的主張について追加資料で裏付けを得た。正式原題・正式規格の照合と全選択肢監修は未完了。","PARTIAL-CLAIM-EVIDENCE-NOT-VALIDATED","HOLD-official-original-and-full-KVEQ-review"
"R06-A-Q19-C4","R06-A-Q19","R06","A05","高分解能GC-MS・ロックマス","4","no","reprint-visual-rationale-draft","reprint-page-verified-original-JEMAI-identity-and-technical-audit-pending","P1-JEMAI-original-and-remaining-evidence","当該設問の主要な技術的主張について追加資料で裏付けを得た。正式原題・正式規格の照合と全選択肢監修は未完了。","PARTIAL-CLAIM-EVIDENCE-NOT-VALIDATED","HOLD-official-original-and-full-KVEQ-review"
"R06-A-Q19-C5","R06-A-Q19","R06","A05","高分解能GC-MS・ロックマス","5","no","reprint-visual-rationale-draft","reprint-page-verified-original-JEMAI-identity-and-technical-audit-pending","P1-JEMAI-original-and-remaining-evidence","当該設問の主要な技術的主張について追加資料で裏付けを得た。正式原題・正式規格の照合と全選択肢監修は未完了。","PARTIAL-CLAIM-EVIDENCE-NOT-VALIDATED","HOLD-official-original-and-full-KVEQ-review"
"R06-A-Q21-C1","R06-A-Q21","R06","A05","同定の同位体存在比","1","no","reprint-visual-rationale-draft","reprint-page-verified-original-JEMAI-identity-and-technical-audit-pending","P1-original-identity-and-source-audit","転載2024年度試験紙面で下線・図・5択を目視。JEMAI公式配布原本の同一性・技術資料・JIS正本の確認が未完了。","NOT-VALIDATED","HOLD-reprint-visual-checked-technical-and-original-JEMAI-audit-pending"
"R06-A-Q21-C2","R06-A-Q21","R06","A05","同定の同位体存在比","2","yes","reprint-visual-rationale-draft","reprint-page-verified-original-JEMAI-identity-and-technical-audit-pending","P1-original-identity-and-source-audit","転載2024年度試験紙面で下線・図・5択を目視。JEMAI公式配布原本の同一性・技術資料・JIS正本の確認が未完了。","NOT-VALIDATED","HOLD-reprint-visual-checked-technical-and-original-JEMAI-audit-pending"
"R06-A-Q21-C3","R06-A-Q21","R06","A05","同定の同位体存在比","3","no","reprint-visual-rationale-draft","reprint-page-verified-original-JEMAI-identity-and-technical-audit-pending","P1-original-identity-and-source-audit","転載2024年度試験紙面で下線・図・5択を目視。JEMAI公式配布原本の同一性・技術資料・JIS正本の確認が未完了。","NOT-VALIDATED","HOLD-reprint-visual-checked-technical-and-original-JEMAI-audit-pending"
"R06-A-Q21-C4","R06-A-Q21","R06","A05","同定の同位体存在比","4","no","reprint-visual-rationale-draft","reprint-page-verified-original-JEMAI-identity-and-technical-audit-pending","P1-original-identity-and-source-audit","転載2024年度試験紙面で下線・図・5択を目視。JEMAI公式配布原本の同一性・技術資料・JIS正本の確認が未完了。","NOT-VALIDATED","HOLD-reprint-visual-checked-technical-and-original-JEMAI-audit-pending"
"R06-A-Q21-C5","R06-A-Q21","R06","A05","同定の同位体存在比","5","no","reprint-visual-rationale-draft","reprint-page-verified-original-JEMAI-identity-and-technical-audit-pending","P1-original-identity-and-source-audit","転載2024年度試験紙面で下線・図・5択を目視。JEMAI公式配布原本の同一性・技術資料・JIS正本の確認が未完了。","NOT-VALIDATED","HOLD-reprint-visual-checked-technical-and-original-JEMAI-audit-pending"
"R06-G-Q01-C1","R06-G-Q01","R06","G01","環境基準の媒体別適用地域","1","yes","reprint-visual-rationale-draft","reprint-page-verified-original-JEMAI-identity-and-technical-audit-pending","P1-original-identity-and-source-audit","転載2024年度試験紙面で下線・図・5択を目視。JEMAI公式配布原本の同一性・技術資料・JIS正本の確認が未完了。","NOT-VALIDATED","HOLD-reprint-visual-checked-technical-and-original-JEMAI-audit-pending"
"R06-G-Q01-C2","R06-G-Q01","R06","G01","環境基準の媒体別適用地域","2","no","reprint-visual-rationale-draft","reprint-page-verified-original-JEMAI-identity-and-technical-audit-pending","P1-original-identity-and-source-audit","転載2024年度試験紙面で下線・図・5択を目視。JEMAI公式配布原本の同一性・技術資料・JIS正本の確認が未完了。","NOT-VALIDATED","HOLD-reprint-visual-checked-technical-and-original-JEMAI-audit-pending"
"R06-G-Q01-C3","R06-G-Q01","R06","G01","環境基準の媒体別適用地域","3","no","reprint-visual-rationale-draft","reprint-page-verified-original-JEMAI-identity-and-technical-audit-pending","P1-original-identity-and-source-audit","転載2024年度試験紙面で下線・図・5択を目視。JEMAI公式配布原本の同一性・技術資料・JIS正本の確認が未完了。","NOT-VALIDATED","HOLD-reprint-visual-checked-technical-and-original-JEMAI-audit-pending"
"R06-G-Q01-C4","R06-G-Q01","R06","G01","環境基準の媒体別適用地域","4","no","reprint-visual-rationale-draft","reprint-page-verified-original-JEMAI-identity-and-technical-audit-pending","P1-original-identity-and-source-audit","転載2024年度試験紙面で下線・図・5択を目視。JEMAI公式配布原本の同一性・技術資料・JIS正本の確認が未完了。","NOT-VALIDATED","HOLD-reprint-visual-checked-technical-and-original-JEMAI-audit-pending"
"R06-G-Q01-C5","R06-G-Q01","R06","G01","環境基準の媒体別適用地域","5","no","reprint-visual-rationale-draft","reprint-page-verified-original-JEMAI-identity-and-technical-audit-pending","P1-original-identity-and-source-audit","転載2024年度試験紙面で下線・図・5択を目視。JEMAI公式配布原本の同一性・技術資料・JIS正本の確認が未完了。","NOT-VALIDATED","HOLD-reprint-visual-checked-technical-and-original-JEMAI-audit-pending"
"R06-G-Q02-C1","R06-G-Q02","R06","G01","報告徴収・立入検査の権限","1","no","reprint-visual-rationale-draft","reprint-page-verified-original-JEMAI-identity-and-technical-audit-pending","P1-original-identity-and-source-audit","転載2024年度試験紙面で下線・図・5択を目視。JEMAI公式配布原本の同一性・技術資料・JIS正本の確認が未完了。","NOT-VALIDATED","HOLD-reprint-visual-checked-technical-and-original-JEMAI-audit-pending"
"R06-G-Q02-C2","R06-G-Q02","R06","G01","報告徴収・立入検査の権限","2","no","reprint-visual-rationale-draft","reprint-page-verified-original-JEMAI-identity-and-technical-audit-pending","P1-original-identity-and-source-audit","転載2024年度試験紙面で下線・図・5択を目視。JEMAI公式配布原本の同一性・技術資料・JIS正本の確認が未完了。","NOT-VALIDATED","HOLD-reprint-visual-checked-technical-and-original-JEMAI-audit-pending"
"R06-G-Q02-C3","R06-G-Q02","R06","G01","報告徴収・立入検査の権限","3","no","reprint-visual-rationale-draft","reprint-page-verified-original-JEMAI-identity-and-technical-audit-pending","P1-original-identity-and-source-audit","転載2024年度試験紙面で下線・図・5択を目視。JEMAI公式配布原本の同一性・技術資料・JIS正本の確認が未完了。","NOT-VALIDATED","HOLD-reprint-visual-checked-technical-and-original-JEMAI-audit-pending"
"R06-G-Q02-C4","R06-G-Q02","R06","G01","報告徴収・立入検査の権限","4","no","reprint-visual-rationale-draft","reprint-page-verified-original-JEMAI-identity-and-technical-audit-pending","P1-original-identity-and-source-audit","転載2024年度試験紙面で下線・図・5択を目視。JEMAI公式配布原本の同一性・技術資料・JIS正本の確認が未完了。","NOT-VALIDATED","HOLD-reprint-visual-checked-technical-and-original-JEMAI-audit-pending"
"R06-G-Q02-C5","R06-G-Q02","R06","G01","報告徴収・立入検査の権限","5","yes","reprint-visual-rationale-draft","reprint-page-verified-original-JEMAI-identity-and-technical-audit-pending","P1-original-identity-and-source-audit","転載2024年度試験紙面で下線・図・5択を目視。JEMAI公式配布原本の同一性・技術資料・JIS正本の確認が未完了。","NOT-VALIDATED","HOLD-reprint-visual-checked-technical-and-original-JEMAI-audit-pending"
"R07-G-Q14-C1","R07-G-Q14","R07","G04","PCBの用途と生産量","1","no","drive-exam-page-visual-rationale-draft","user-Drive-R07-PDF-printed-page10-underline1-5-visually-checked","P1-official-file-identity-and-publication-QA","下線①不燃性／②高い電気絶縁性／③感圧複写紙／④世界100万t以上／⑤国内約15万tを視認。環境省国内58,787t、UNEP等世界100万t超で⑤不適切と裏付け。最終教材監修と原本同一性確認は別ゲート。","VISUAL-AND-CLAIM-SUPPORTED-FINAL-QA-PENDING","HOLD-JEMAI-official-exam-file-identity-and-final-publication-QA-pending"
"R07-G-Q14-C2","R07-G-Q14","R07","G04","PCBの用途と生産量","2","no","drive-exam-page-visual-rationale-draft","user-Drive-R07-PDF-printed-page10-underline1-5-visually-checked","P1-official-file-identity-and-publication-QA","下線①不燃性／②高い電気絶縁性／③感圧複写紙／④世界100万t以上／⑤国内約15万tを視認。環境省国内58,787t、UNEP等世界100万t超で⑤不適切と裏付け。最終教材監修と原本同一性確認は別ゲート。","VISUAL-AND-CLAIM-SUPPORTED-FINAL-QA-PENDING","HOLD-JEMAI-official-exam-file-identity-and-final-publication-QA-pending"
"R07-G-Q14-C3","R07-G-Q14","R07","G04","PCBの用途と生産量","3","no","drive-exam-page-visual-rationale-draft","user-Drive-R07-PDF-printed-page10-underline1-5-visually-checked","P1-official-file-identity-and-publication-QA","下線①不燃性／②高い電気絶縁性／③感圧複写紙／④世界100万t以上／⑤国内約15万tを視認。環境省国内58,787t、UNEP等世界100万t超で⑤不適切と裏付け。最終教材監修と原本同一性確認は別ゲート。","VISUAL-AND-CLAIM-SUPPORTED-FINAL-QA-PENDING","HOLD-JEMAI-official-exam-file-identity-and-final-publication-QA-pending"
"R07-G-Q14-C4","R07-G-Q14","R07","G04","PCBの用途と生産量","4","no","drive-exam-page-visual-rationale-draft","user-Drive-R07-PDF-printed-page10-underline1-5-visually-checked","P1-official-file-identity-and-publication-QA","下線①不燃性／②高い電気絶縁性／③感圧複写紙／④世界100万t以上／⑤国内約15万tを視認。環境省国内58,787t、UNEP等世界100万t超で⑤不適切と裏付け。最終教材監修と原本同一性確認は別ゲート。","VISUAL-AND-CLAIM-SUPPORTED-FINAL-QA-PENDING","HOLD-JEMAI-official-exam-file-identity-and-final-publication-QA-pending"
"R07-G-Q14-C5","R07-G-Q14","R07","G04","PCBの用途と生産量","5","yes","drive-exam-page-visual-rationale-draft","user-Drive-R07-PDF-printed-page10-underline1-5-visually-checked","P1-official-file-identity-and-publication-QA","下線①不燃性／②高い電気絶縁性／③感圧複写紙／④世界100万t以上／⑤国内約15万tを視認。環境省国内58,787t、UNEP等世界100万t超で⑤不適切と裏付け。最終教材監修と原本同一性確認は別ゲート。","VISUAL-AND-CLAIM-SUPPORTED-FINAL-QA-PENDING","HOLD-JEMAI-official-exam-file-identity-and-final-publication-QA-pending"
