"source_id","type","publisher","title","url","edition_or_target_date","review_status","notes"
"EX01","exam","産業環境管理協会","試験科目の範囲","https://www.jemai.or.jp/polconman/examination/dd4ht300000005eq-att/pol_subjects1.pdf","current","verified-index","概論7分野・特論5分野の起点。科目名・範囲をそのまま保持。"
"EX02","exam","産業環境管理協会","国家試験の問題と正解","https://www.jemai.or.jp/polconman/examination/past.html","2021-2025","verified-index","5年度の問題と正解。後工程で選択肢単位コーディング。"
"L01","law","e-Gov","ダイオキシン類対策特別措置法（法律105号）","https://laws.e-gov.go.jp/law/411AC0100000105","2026-10-09","verified-index","2026年施行分と未施行改正の表示あり。改正後全文・適用時点を章ごとに再確認。"
"L02","decree","e-Gov","ダイオキシン類対策特別措置法施行令（政令433号）","https://laws.e-gov.go.jp/law/411CO0000000433","2026-10-09","verified-index","別表第一（大気）・別表第二（水質）の施設・規模要件。"
"L03","ordinance","e-Gov","ダイオキシン類対策特別措置法施行規則（総理府令67号）","https://laws.e-gov.go.jp/law/411M50000002067","2026-10-09","verified-index","排出基準・測定関係。2026年7月施行の改正表示、本文との照合が必要。"
"L04","notice","環境省","ダイオキシン類の環境基準（環境庁告示68号、改正反映）","https://www.env.go.jp/kijun/dioxin.html","2022改正反映","verified-content","大気0.6・水質1・底質150・土壌1000、年間平均の区別、土壌250の追加調査。"
"L05","legal-index","環境省","関連法令、指針等","https://www.env.go.jp/air/dioxin/post_62.html","current","verified-content","法令・通知・削減計画・常時監視処理基準の入口。"
"L06","notice","環境省","ダイオキシン類対策特別措置法の施行について","https://www.env.go.jp/hourei/04/000058.html","2000-01-12","verified-content","規制対象・届出・測定・水質対象施設の解釈。現行制度との差異に注意。"
"L07","notice","環境省","焼却施設のばいじん・燃え殻に係る測定方法の告示","https://www.env.go.jp/hourei/11/000273.html","2025改正情報掲載","verified-content","灰の試料採取。令和7年告示改正あり。"
"L08","other-law","環境省","廃棄物処理法改正通知：ダイオキシン類含有廃棄物","https://www.env.go.jp/hourei/11/000446.html","historical","verified-content","ダイ特法と廃棄物処理法の接続。現行規定は再確認。"
"L09","historical","環境省","ごみ処理に係るダイオキシン類の削減対策について","https://www.env.go.jp/hourei/11/000136.html","historical","verified-content","燃焼管理・排ガス・灰への対応の歴史的背景。"
"P01","policy","環境省","ダイオキシン類対策トップ（基本指針と特措法）","https://www.env.go.jp/air/dioxin/dioxin.html","2026-03-24更新表示","verified-content","1999年基本指針と特措法の関係。"
"P02","statistics","環境省","2024年度ダイオキシン類対策特別措置法施行状況","https://www.env.go.jp/press/press_03313.html","対象2024年度／公表2026-03-24","verified-content","届出施設数、行政対応、基準適合性。"
"P03","statistics","環境省","2024年ダイオキシン類排出インベントリー","https://www.env.go.jp/press/press_03321.html","対象2024年／公表2026-03-24","verified-content","発生源別・媒体別・年度推移。対象年と公表日を区別。"
"P04","statistics","環境省","ダイオキシン類排出インベントリー一覧","https://www.env.go.jp/air/dioxin/post_89.html","latest available","verified-content","年次比較の集約ページ。"
"P05","statistics","環境省","環境調査結果一覧","https://www.env.go.jp/air/dioxin/kankyocyosakeka.html","2024年度（2026-07-15差替えあり）","verified-content","大気・水質・底質・土壌、差替え後資料を正本とする。"
"P06","statistics","環境省","ダイオキシン類対策特別措置法施行状況一覧","https://www.env.go.jp/air/dioxin/post_88.html","latest available","verified-content","行政統計の時系列・Excelへの入口。"
"T01","technical-index","環境省","技術的指針・マニュアル等","https://www.env.go.jp/air/dioxin/post_60.html","current","verified-content","JIS K 0311:2020・K 0312:2020、媒体別測定・精度管理。"
"T02","technical","環境省","2022年大気・土壌・底質測定マニュアル改訂報道","https://www.env.go.jp/press/110793.html","2022-03-25","verified-content","目標検出・定量下限、前処理方法追加の改訂。"
"T03","technical","環境省","ダイオキシン類の請負調査に係る受注資格審査","https://www.env.go.jp/air/dioxin/post_15.html","current","verified-index","精度管理・調査実務の理解に補助的利用。"
"S01","fundamentals","環境省","ダイオキシン類のパンフレット一覧","https://www.env.go.jp/air/dioxin/post_59.html","2012等（歴史資料）","verified-content","化学・性質・発生源の初学者向け。数値と制度は必ず最新版照合。"
"S02","health","WHO","Dioxins — fact sheet","https://www.who.int/news-room/fact-sheets/detail/dioxins-and-their-effects-on-human-health","2026-08-11","verified-content","残留性・食物経由曝露・毒性・国際知見。2022 WHO-TEFと日本の適用版の違いに注意。"
"S03","international","Stockholm Convention Secretariat","Releases from unintentional POPs: BAT/BEP overview","https://www.pops.int/Implementation/BATandBEP/ReleasesfromunintentionalPOPs/Overview/tabid/9646/Default.aspx","2023 annex-C status stated","verified-content","附属書Cの非意図的POPs、発生源把握、BAT/BEP、削減義務。"
"S04","white-paper","環境省","令和8年版環境白書：ダイオキシン類の汚染実態と摂取量","https://www.env.go.jp/policy/hakusyo/r08/html/hj26020501.html","2026","verified-content","2024年度基準超過・食事摂取量の位置付け。"
"S05","reference","環境省","2024年度環境調査結果のPDF（参考：TEF表）","https://www.env.go.jp/content/000384876.pdf","2026発行・2026-07差替え要確認","index-only","日本の行政集計にWHO-TEF(2006)が記載。差替え後の正式版との突合が必要。"
"Y01","official-local","横浜市","特定施設及び排出基準一覧","https://www.city.yokohama.lg.jp/business/bunyabetsu/kankyo-koen-gesui/kiseishido/akushu/dioxins/dxnkijun.html","2025-04-10","verified-content","施行令別表第一5号・第二19号と新設・既設の基準を号番号で確認"
"Y02","official-local","東京都環境局","ダイオキシン類の大気排出規制","https://www.kankyo.metro.tokyo.lg.jp/air/air_pollution/emission_control/dioxin_air_control","2026閲覧","verified-content","大気5号・新設既設の適用時期と基準一覧"
"Y03","legislative-history","国立国会図書館","令和8年環境省令第19号の改正関係","https://hourei.ndl.go.jp/simple/detail?current=-1&lawId=0000172149","2026-06-30","verified-index","環境省設置法改正に伴う関係省令の整備。排出基準の改正と混同しない"
"ORG01","related-law","e-Gov","特定工場における公害防止組織の整備に関する法律","https://laws.e-gov.go.jp/law/346AC0000000107","2026-10-09","verified-content","ダイオキシン類発生施設・公害防止管理者の法定業務。R07-G-Q05の確認に必要。"
"P07","statistics","環境省","令和4年度ダイオキシン類に係る環境調査結果","https://www.env.go.jp/press/press_03015.html","2022年度／公表2024-03-29","verified-content","R07-G-Q15：媒体別の超過地点と調査数"
"P08","statistics","環境省","令和4年ダイオキシン類排出インベントリー","https://www.env.go.jp/press/press_03010.html","対象2022年／公表2024-03-29","verified-content","R07-G-Q07：総排出量105～107。水排出量等は別添で要精査"
"T04","standards-secondary","JIS K0311：非公式規格本文転載サイト","JIS K 0311:2020 排ガス測定方法","https://kikakurui.com/k0/K0311-2020-01.html","2020","secondary-technical-check","非公式掲載本文。フィルタ捕集部120℃を照合。正式なJIS本文を最終確認する"
"T05","standards-secondary","JIS K0312：非公式規格本文転載サイト","JIS K 0312:2020 工場排水測定方法","https://kikakurui.com/k0/K0312-2020-01.html","2020","secondary-technical-check","非公式掲載本文。同定に関するピーク面積比・塩素同位体・15/25%を照合。正式JIS要確認"
"P09","official-primary","環境省","PCB問題について：生産・使用数量","https://www.env.go.jp/recycle/poly/pcb-pamf/p3.pdf","historical official brochure","verified-content","国内製造58,787t、国内使用54,001t。R07-G14の数値誤りを裏付ける。"
"P10","technical-primary","環境省","PRTR届出排出量算出資料（ダイオキシン類の酸素濃度換算）","https://www.env.go.jp/chemi/prtr/notification/sansyutsu/2_tougou_all.pdf","2024参考資料","verified-excerpt","排ガスの酸素濃度20%超は20%で補正。R06-A23の計算根拠"
"P11","official-inventory","環境省","2020年ダイオキシン類排出インベントリーの公表","https://www.env.go.jp/press/110777.html","対象2020／公表2022-03-25","verified-content","全排出98～100g-TEQ/年、削減目標対象96g-TEQ/年。R05-G-Q15など"
"P12","official-inventory","環境省","2021年ダイオキシン類排出インベントリー（2023-03公表）","https://www.env.go.jp/content/000123883.pdf","対象2021／公表2023-03-31","verified-content-and-table-visual","大気：電炉23.8、アルミ二次6.55、焼結4.9。水：VCM0.40、産廃焼却0.35。R06-G-Q07/Q08"
"P13","official-inventory","環境省","2019年ダイオキシン類排出インベントリー公表","https://www.env.go.jp/press/109404.html","対象2019・公表2021-03-30","verified-summary","2019年の排出総量103～105g-TEQ/年。R04-G-Q09"
"P14","official-whitepaper","環境省","令和3年版環境白書：2019年度ダイオキシン類の個人摂取量","https://www.env.go.jp/policy/hakusyo/r03/html/hj21020501.html","対象2019年度","verified-summary","総摂取0.47pg-TEQ/kg体重/日、食品のみ0.46。R04-G-Q15"
"T07","peer-reviewed","WHO国際会合研究者グループ","The 2005 WHO reevaluation of TEFs (2006論文)","https://pmc.ncbi.nlm.nih.gov/articles/PMC2290740/","2006公開","verified-values","TEFの代表値。WHO2005会合/2006論文（試験対象版の確認が必要）"
"T08","peer-reviewed","毒性学研究者グループ","Polybrominated Dioxins etc: Interim TEF Proposal","https://pmc.ncbi.nlm.nih.gov/articles/PMC3663561/","2013公開","verified-research-proposal","臭素系への塩素系相当の暫定TEFを研究論文として提案。法定・WHO公式推奨の確定とは区別"
"P15","official-inventory","環境省","2018年ダイオキシン類排出インベントリー結果","https://www.env.go.jp/press/107882.html","対象2018年・公表2020-03-27","verified-summary","全国排出117～119g-TEQ/年。R03-G08では発生源別構成は別添原表を要確認。"
"T09","standard-secondary","JIS非公式掲載","JIS K 0311:2020 排ガス中のダイオキシン類の測定方法","https://kikakurui.com/k0/K0311-2020-01.html","2020版／非公式サイト","secondary-text-checked-primary-pending","等速吸引−5～+10%、OCDD/OCDF DL0.5pg、DL-PCB DL0.2pg"
"EX03","exam-primary","産業環境管理協会","R07ダイオキシン類概論問題PDF","https://www.jemai.or.jp/polconman/examination/dd4ht300000005fn-att/R07_14.pdf","2025年度","official-JEMAI-URL-text-checked-user-Drive-copy-page-image-verified-official-file-byte-identity-unconfirmed","公式JEMAI配布URLのPDF本文は以前から検出したが、当時の画像取得は失敗。今回はユーザーDrive保存の同題PDF紙面（印刷10頁）を画像として直接表示し下線①～⑤を確認。公式URLで配布する原本とのバイト同一性は検証していない。"
"EX04","exam-paper-mirror","公害防止管理者試験対策サイトに保存された2021年度試験紙面","R03ダイオキシン類概論（試験紙面PDF複製）","https://pierre-usagi.com/wp-content/uploads/2025/01/R03_14.pdf","試験2021／掲載2025","mirrored-exam-pages-visually-reviewed","PDF表示ページindex2問2下線・index7問12構造式/問13不等号。JEMAI公式配布元のPDFとのファイル同一性は未検証"
"EX05","exam-mirror","試験対策サイト","R03ダイオキシン類特論（2021年度試験紙面PDF）","https://pierre-usagi.com/wp-content/uploads/2025/01/R03_15.pdf","2021年度試験","mirrored-PDF-text-checked-and-page14-visual-inspected","試験2021年特論問23の数式(a/b)×(c/d)と五択をPDFページindex14で目視。ほかのページの図・下線は今回まだ未確認"
"S13","exam-secondary","ISEED","R03概論問3の下線番号付き解説","https://iseed.earth/dioxin-overview-r3-3/","2025年公開","secondary-transcription-checked","下線①～⑤を法第28条の対象と対応づける"
"S14","exam-secondary","公害こむ！","R03特論問6 活性炭の細孔の下線付き解説","https://pierre-usagi.com/kougai-r3-dxn-tokuron-6/","2021年公開","secondary-transcription-checked","下線②マクロ孔。製法依存性は別の技術論文を確認"
"S15","exam-secondary","公害こむ！","R03特論問10 塩化揮発法の下線付き解説","https://pierre-usagi.com/kougai-r3-dxn-tokuron-10/","2021年公開","secondary-transcription-checked","下線④CaCl2を蒸留炉に入れる記述が誤り"
"S16","exam-secondary","公害こむ！","R03特論問3 触媒反応の下線付き解説","https://pierre-usagi.com/kougai-r3-dxn-tokuron-3/","2021年公開","secondary-index-and-exam-pdf-text","全文ページ取得不可。PDF文字と二次サイト索引から下線候補を抽出"
"P17","agency","環境省","ごみ処理に係るダイオキシン類発生防止等ガイドライン","https://www.env.go.jp/recycle/kosei_press/h970123a/h970123a-1.html","1997年","primary-agency-guideline","酸化触媒での分解除去に言及"
"T10","paper","Wan Daud and Wan Ali","Comparison on pore development of activated carbon produced from palm shell and coconut shell","https://www.sciencedirect.com/science/article/pii/S0960852403002955","2004年","peer-reviewed-abstract","細孔分布は原料と賦活条件で変わる。特定の細孔径が存在しないという一般化を避ける"
"T11","paper","日本鉄鋼協会","電気炉ダストと塩化カルシウムの反応による亜鉛の回収","https://www.jstage.jst.go.jp/article/tetsutohagane/106/11/106_TETSU-2020-032/_html/-char/ja","2020年","peer-reviewed-study","CaCl2の塩化揮発での使用を確認。問題に記載された全工程と同じとは限らない"
"T12","professional-technical-manual","日本環境測定分析協会（JEMCA）","固定発生源からの排ガス分析マニュアル 2021年版 3.16","https://www.jemca.or.jp/wp-content/uploads/2022/03/030316_kotei_manual-FY2021_DXN_JIS-K0311.pdf","2021版","primary-professional-manual-not-JIS-authentic-text","JISⅠ形図3.16.3-3、ガス量計算3.16.3.6、等速吸引−5～＋10%。JIS正式正本との区別が必要"
"S17","exam-secondary","公害こむ！","R03ダイオキシン類特論問19の図と選択肢","https://pierre-usagi.com/kougai-r3-dxn-tokuron-19/","2021年","secondary-question-options","出題の選択肢①～⑤とJEMCAの独立した装置図を対照"
"S18","exam-secondary","公害こむ！","R03ダイオキシン類特論問23 相対感度式の転記","https://pierre-usagi.com/kougai-r3-dxn-tokuron-23/","2021年","secondary-question-formula-text","出題のa/b×c/dと5択。原本PDFの数式画像は未確認"
"P18","government-technical-reference","環境省","ダイオキシン類環境調査・試料採取法参考資料10","https://www.env.go.jp/council/content/i_06/000169107.pdf","公表版は2020年試験以後／2021年当時への適用に注意","primary-agency-method-verified","排ガス等速吸引の許容相対誤差−5%～＋10%を記載。R03-A-Q18の二次JIS記載との独立照合"
"EX06","official-exam","産業環境管理協会","令和6年度ダイオキシン類特論 問16：クロロベンゼン製造の触媒","https://www.jemai.or.jp/polconman/examination/dd4ht300000005fn-att/R06_15.pdf","2024年度試験","official-text-checked","鉄触媒を用いるクロロベンゼン製造について出題。R03原題の下線位置を証明するものではない"
"S19","exam-secondary","過去問解説（note）","令和3年度特論問15/16解説","https://note.com/_ina_/n/nd3a88a6f5fe7","2023年頃","secondary-exam-key-rationale","問15：白金→鉄、問16：シリコン→カルシウム。原題の下線位置は未視認"
"P19","agency-mechanism-guidance","環境省","ごみ処理に係るダイオキシン類発生防止等ガイドライン","https://www.env.go.jp/recycle/kosei_press/h970123a/h970123a-1.html","1997年","primary-general-mechanism-only","燃焼・温度・排ガスの基本的な生成抑制要素。CuCl2/PbCl2/FeCl2序列の実験的裏付けには使えない"
"R04P-G","exam-original-user-provided","産業環境管理協会","令和4年度ダイオキシン類概論（利用者提供試験PDF）","https://pierre-usagi.com/wp-content/uploads/2025/01/R04_14.pdf","2022年度試験","text-read-visual-unavailable","利用者が提供した原題PDFの抽出文字と同じ内容を転載サイトのリンクで照合。PDFの下線の画像は未取得"
"R04P-A","exam-paper-mirror","産業環境管理協会試験紙面の転載","令和4年度ダイオキシン類特論PDF","https://pierre-usagi.com/wp-content/uploads/2025/01/R04_15.pdf","2022年度試験","mirrored-PDF-text-read-screen-fetch-failed","25問の文字を読んだ。下線の画像ページ取得は失敗したため視認確認扱いにしない"
"R04S-G2","exam-text-secondary","公害防止管理者過去問の文字記録","令和4年度概論問2　法目的の語句","https://pierre-usagi.com/dxn-top/kougai-r4-dxn-gairon/","2022年度の解説","secondary-index-and-text","法律第1条の汚染土壌に係る措置との文言差。選択肢番号との厳密な視覚対応は未確認"
"R04S-G8","exam-text-secondary","公害防止管理者過去問の文字記録","令和4年度概論問8　油症史","https://pierre-usagi.com/dxn-top/kougai-r4-dxn-gairon/","2022年度の解説","secondary-index-and-text","1968西日本・PCBs/PCDFの原因記述。下線番号位置は未確認"
"R04S-A7","exam-secondary","公害こむ！","R4特論問7 活性炭吸着塔の発火","https://pierre-usagi.com/kougai-r4-dxn-tokuron-7/","2023年掲載","secondary-transcription-underlines-checked","運転使用後の活性炭の発火点は低下し得る。下線②を二次掲載で対応"
"R04S-A15","exam-secondary","公害こむ！","R4特論問15 ECF漂白","https://pierre-usagi.com/kougai-r4-dxn-tokuron-15/","2023年掲載","secondary-transcription-underlines-checked","下線③還元反応が不適切。ClO2は酸化剤"
"R04S-A16","exam-secondary","公害こむ！","R4特論問16 EDC/VCMの酸化塩素化","https://pierre-usagi.com/kougai-r4-dxn-tokuron-16/","2023年掲載","secondary-transcription-underlines-checked","下線④470～510℃の誤り。塩化銅触媒を用いる"
"R04S-A20","exam-secondary","公害こむ！","R4特論問20 HRGC/HRMSのSIM","https://pierre-usagi.com/kougai-r4-dxn-tokuron-20/","2023年掲載","secondary-transcription-underlines-checked","下線③全イオンモニタリングは誤り。選択イオンSIMが正しい"
"P20","government-primary","厚生労働省","カネミ油症事件について","https://www.mhlw.go.jp/stf/seisakunitsuite/bunya/kenkou_iryou/shokuhin/kenkoukiki/kanemi/","1968事件についての公表説明","primary-government-verified","1968西日本、米ぬか油の熱媒体PCBの混入とPCDFの原因。PCDDsのみを原因としない"
"T14","peer-reviewed-primary","宮田・樫本","油症を起こした米ぬか油中の有機塩素化合物に関する研究","https://www.jstage.jst.go.jp/article/shokueishi1960/20/1/20_1_1/_article/","1979年論文","peer-reviewed-primary-checked","PCB/PCQ/PCDFを原因油から検出"
"P21","US-government-guidance","US EPA","Pulping and Bleaching System NESHAP explanation","https://nepis.epa.gov/Exe/ZyPURL.cgi?Dockey=40001DNZ.TXT","2001年頃","primary-agency-industrial-guidance","ECFやClO2、O2/H2O2/O3等の漂白剤を区分"
"T15","EU-government-technical-document","欧州委員会JRC","Large Volume Organic Chemicals BREF oxychlorination","https://bureau-industrial-transformation.jrc.ec.europa.eu/sites/default/files/2020-03/superseded_lvoC_bref_0203.pdf","2003年技術書","government-technical-BREF","EDC酸化塩素化：銅塩触媒、220～250℃、2～6barg。反応方式によって条件幅は異なる"
"P22","government-primary","環境省","ダイオキシン類に係る土壌調査測定マニュアルの通知","https://www.env.go.jp/hourei/06/000014.html","1999年告示時点","primary-agency-SIM-verified","HRGC/HRMS分解能10,000以上、ロックマス方式と選択イオン検出SIMによる測定"
"R05-PG","reproduced-exam-paper","令和5年度試験紙面の転載","R05 ダイオキシン類概論","https://pierre-usagi.com/wp-content/uploads/2025/01/R05_14.pdf","2023試験","exam-PDF-text-read-screenshot-cache-miss","Google Driveの利用者提供原文と突合。Web PDFスクリーンショットはキャッシュエラーで目視できず。公式JEMAI配布PDFとの同一性未確認"
"R05-PA","reproduced-exam-paper","令和5年度試験紙面の転載","R05 ダイオキシン類特論","https://pierre-usagi.com/wp-content/uploads/2025/01/R05_15.pdf","2023試験","exam-PDF-text-read-screenshot-cache-miss","Google Driveの利用者提供原文と突合。下線・図を公式PDF画像で確認していない"
"R05-SG02","secondary-exam-review","公害こむ！","R05概論問2　事業者責務","https://pierre-usagi.com/kougai-r5-dxn-gairon-2/","2024-03","secondary-underline-transcription","条文の協力義務を努力義務とした⑤の誤り。原本画像未確認"
"R05-SG04","secondary-exam-review","公害こむ！","R05概論問4　土壌対策計画","https://pierre-usagi.com/kougai-r5-dxn-gairon-4/","2024-03","secondary-underline-transcription","第五下線の土地利用履歴は条文の科学的知見と異なる"
"R05-SG07","secondary-exam-review","公害こむ！","R05概論問7　2020年排出インベントリー","https://pierre-usagi.com/kougai-r5-dxn-gairon-7/","2024-03","secondary-underline-transcription","乾式アセチレン製造は主要排出源の代表ではない"
"R05-SG09","secondary-exam-review","公害こむ！","R05概論問9　logKow","https://pierre-usagi.com/kougai-r5-dxn-gairon-9/","2024-03","secondary-underline-transcription","置換塩素数とlogKowの負相関の誤り"
"R05-SG10","secondary-exam-review","公害こむ！","R05概論問10　蒸気圧","https://pierre-usagi.com/kougai-r5-dxn-gairon-10/","2024-03","secondary-underline-transcription","OCDDとTeCDD/TeCDFの差が2桁ではなく約4桁"
"R05-SG12","secondary-exam-structure-analysis","公害こむ！","R05概論問12　化学構造図TEF計数","https://pierre-usagi.com/kougai-r5-dxn-gairon-12/","2024-03","secondary-structures-listed-image-unseen","PCB5種中4種がTEF対象。ブログの構造名列挙に依存し試験画像は未視認"
"R05-SA06","reproduced-exam-text","令和5年度特論原題抽出","R05特論問6　スクラバー捕集","https://pierre-usagi.com/wp-content/uploads/2025/01/R05_15.pdf","2023年度","PDF-original-text-with-underline-markers","慣性捕集と流速の関係。PNG確認はキャッシュエラー"
"R05-SA15","secondary-exam-review","公害こむ！","R05特論問15　ECF普及率","https://pierre-usagi.com/kougai-r5-dxn-tokuron-15/","2024-03","secondary-underline-transcription-primary-statistics-pending","2018年85%は公式正答⑤により不適切。正確な業界統計未調査"
"R05-SA16","secondary-exam-review","公害こむ！","R05特論問16　アセチレン洗浄","https://pierre-usagi.com/kougai-r5-dxn-tokuron-16/","2024-03","secondary-underline-transcription","次亜塩素酸塩により前駆体が塩素化される説明"
"R05-SA25","secondary-exam-review","公害こむ！","R05特論問25　排水二重測定","https://pierre-usagi.com/kougai-r5-dxn-tokuron-25/","2024-03","secondary-underline-transcription","検出下限と定量下限の使い分け"
"P23","government-inventory","環境省","令和2年（2020年）の排出インベントリー公表","https://www.env.go.jp/press/110777.html","2022-03-25","primary-environment-ministry-summary-confirmed","2020年全国98～100 g-TEQ/年。水系寄与の1.7%と設備別源は別添原表を要検証"
"T16","secondary-physicochemical-summary","公害こむ！","ダイオキシン類の物理的性質：蒸気圧","https://pierre-usagi.com/kougai-dxn-matome1-8/","2024-03","secondary-vapor-pressure-orders","OCDDと低塩素化物のオーダー差。数値の出典は一次物性データで別照合"
"T17","secondary-process-explanation","公害こむ！","カーバイド法アセチレン製造工程","https://pierre-usagi.com/kougai-dxn-matome2-16/","2024-03","secondary-process-chemistry","次亜塩素酸塩と前駆体の塩素化過程を説明"
"P24","official-agency-manual-QA","環境省","ダイオキシン類測定マニュアルに関するQ&A集","https://www.env.go.jp/content/000037131.pdf","2008マニュアル版のQA","agency-QA-derivative-verified","二重測定の定量下限と30%判定。JIS2020への直接一次条文とは区別"
"R06-PG","exam-paper-reprint","公害こむ！","令和6年度・ダイオキシン類概論 試験紙面（転載）","https://pierre-usagi.com/wp-content/uploads/2025/01/R06_14.pdf","2024年試験","reprint-PDF-page-image-reviewed-not-identical-to-official-confirmed","概論問1・2はPDF index2、問11はindex6の下線・構造図を確認。JEMAI配布PDFとバイト同一かは未確認。"
"R06-PA","exam-paper-reprint","公害こむ！","令和6年度・ダイオキシン類特論 試験紙面（転載）","https://pierre-usagi.com/wp-content/uploads/2025/01/R06_15.pdf","2024年試験","reprint-PDF-page-image-reviewed-not-identical-to-official-confirmed","特論問4 index4、問6 index5、問7 index6、問12 index8、問14 index10、問19 index13、問21 index14を画像確認。正式JIS検証とは別。"
"R06-EPA01","regulator-engineering-guidance","US EPA","Monitoring by Control Technique - Cyclone","https://www.epa.gov/air-emissions-monitoring-knowledge-base/monitoring-control-technique-cyclone","2016-2026 available","primary-public-agency-engineering-context","一般サイクロンは主に大粒径の捕集。2024年日本の試験図の元データではない。"
"R06-EPA02","regulator-engineering-guidance","US EPA","Monitoring by Control Technique - Electrostatic Precipitators","https://www.epa.gov/air-emissions-monitoring-knowledge-base/monitoring-control-technique-electrostatic-precipitators","2016-2026 available","primary-public-agency-engineering-context","高抵抗・低抵抗ダストの電荷挙動を区別。具体的ρd数値の独立保証ではない。"
"R06-EPA03","regulator-engineering-guidance","US EPA","Monitoring by Control Technique - Wet Scrubber For Particulate Matter","https://www.epa.gov/air-emissions-monitoring-knowledge-base/monitoring-control-technique-wet-scrubber-particulate-matter","2026 accessible","primary-public-agency-engineering-context","ベンチュリスクラバーの高速気流・衝突捕集。"
"R06-EPA04","regulator-engineering-training","US EPA","Wet Scrubber Plan Review Self-instructional Guidebook","https://nepis.epa.gov/Exe/ZyPURL.cgi?Dockey=P100YGBR.TXT","historical","primary-public-agency-training-document","拡散/慣性に関する粒子捕集および接触時間と相対速度の関係。"
"R06-JEMCA01","official-agency-older-manual","環境庁（JEMCA掲載）","ダイオキシン類に係る底質調査測定マニュアル","https://www.jemca.or.jp/wp-content/uploads/2015/06/H12_03_1.pdf","2000-03","older-primary-agency-analytical-manual-not-JIS2020","塩素同位体ピーク比±15%、低濃度±25%を独立照合。2020版JIS原本の代用ではない。"
"JEMAI-ERRATA-2025-DXN","official-publisher-erratum","産業環境管理協会（JEMAI）","『正解とヒント ダイオキシン類関係 2020～2024年度』正誤表（R05-69・問12）","https://www.e-jemai.jp/purchase/pdf/dd9c29e44bcac9d799c422dea534832b0f106c64.pdf","2025-09-10","official-publisher-old-new-book-figure-image-inspected-2023-exam-figure-matches-corrected","2026-10-10視覚監査：JEMAI『正解とヒント2020～2024年度』のR05-69問12は書籍再録の上段右端PCB・右側環の外側右端Clを誤って省略。2025-09-10正誤表『正』がそのClを復元。2023年度試験問題の印刷10頁（AE-14の原題紙面画像）にはClが最初から存在し、訂正後の書籍図と一致。国家試験問題そのものの訂正ではない。 正誤表は書籍掲載図に対するもの。国家試験本体の訂正を意味しない。"
"R06-ZN-JST01","agency-technology-explanation","JST","電気炉ダストから亜鉛と鉄を同時に回収する手法を実証（機構報第1414号）","https://www.jst.go.jp/pr/info/info1414/index.html","2019","government-agency-process-context","ウェルツ法は亜鉛蒸気を再酸化し酸化亜鉛として回収。回収ZnOには鉛・ハロゲンを含み別途処理が必要。"
"R06-ZN-OPERATOR01","operator-technical-report","曹鉄メタル・資源素材学会","曹鉄メタル株式会社における製鋼煙灰処理","https://www.jstage.jst.go.jp/article/journalofmmij/123/12/123_12_723/_article/-char/ja/","2007","plant-operator-firsthand-report","ウェルツキルンによる粗ZnO、高品位ZnO製造、亜鉛電解製錬原料への供給を実操業事業者が報告。"
"R06-ZN-PAPER01","peer-reviewed-article","佐藤広志・奥村圭二／日本鉄鋼協会","電気炉ダストと塩化カルシウムの反応による亜鉛の回収","https://www.jstage.jst.go.jp/article/tetsutohagane/106/11/106_TETSU-2020-032/_html/-char/ja","2020","journal-literature-process-explanation","緒言にWaelzキルンの炭素熱還元、亜鉛蒸気再酸化、粗ZnO回収を記載。N2雰囲気下のCaCl2実験と混同しない。"
"R06-MEM-EPA01","official-agency-manual","US EPA","Membrane Filtration Guidance Manual","https://nepis.epa.gov/Exe/ZyPURL.cgi?Dockey=901V0500.TXT","2005-11","official-US-EPA-technology-manual","MF・UFは粒子・コロイドの分離、NF・ROは溶解成分の分離。膜の孔径範囲には例外・重なりがある。"
"R06-MEM-EPA02","official-agency-guide","US EPA","WaterSense at Work: Water Purification","https://nepis.epa.gov/Exe/ZyPURL.cgi?Dockey=P1019QGW.txt","2024-03","official-US-EPA-size-chart","MF、UF、NF、ROの代表的なろ過サイズ域を図示、実仕様には幅がある。"
"R06-JIS-K0311-SECONDARY","standard-nonofficial-reprint","規格類.com","JIS K 0311:2020 排ガス中のダイオキシン類の測定方法（転載）","https://kikakurui.com/k0/K0311-2020-01.html","2020","not-official-JIS-original","7.2.1.1でPFKなど校正用標準試料、7.2.1.2で同定定量用標準物質、7.2.2.2でロックマスSIMを区別。規格正本ではない。"
"R05-EXAMDAY-2023","secondary-firsthand-test-analysis","化学屋の資格受験記録","2023年度受験者の問12異性体5種の構造式解釈","https://www.sotetsu92101.com/entry/2023/10/01/143220","2023-10-01","secondary-independent-congener-name-mapping-not-original-image","受験者が左上以外4種とし、名称を5種列挙。2024解説ブログと独立だが原図画像の一次証拠ではない。"
"R05-ENV-TEF2006","official-agency-TEF-table","環境省","平成20年度ダイオキシン類に係る環境調査結果（修正版） WHO-TEF(2006)表","https://www.env.go.jp/air/report/h21-03/full.pdf","2009-11; WHO-TEF(2006)","agency-primary-list-of-12-DL-PCBs-and-TEFs","p20 PDF index20: #81=0.0003、#105/#118/#189=0.00003。2,3,3′,5,5′-PeCBは12指定種の一覧に含まれない。"
"JISC-ONLINE-REGISTERED-ACCESS","official-JIS-access-rules","日本産業標準調査会（JISC）","JIS検索と規格正本の無償閲覧（利用者登録要）","https://www.jisc.go.jp/site/","site checked 2026-10-09","official-access-path-confirmed-but-standard-not-opened","利用者登録を要しJIS正本のPDFをブラウザ閲覧できるがダウンロード・印刷不可。JIS K0311:2020そのものの内容確認済とはしない。"
"JISC-ONLINE-VIEW-GUIDE","official-JIS-viewing-guidance","日本産業標準調査会（JISC）","JISの入手閲覧方法","https://www.jisc.go.jp/jis-act/reading.html","site checked 2026-10-09","official-JIS-viewing-workflow-only","JIS番号検索→JISリスト→JIS規格詳細画面→画像PDF閲覧の手順。実際のK0311規格正本は閲覧できていない。"
"R05-USER-FIGURE-20261009","exam-figure-user-supplied-image","ユーザー提供（会話添付）","令和5年度・ダイオキシン類概論 問12の5構造式を示す画像","","2026-10-09","question-figure-inspected-by-vision-not-official-original-pdf","チャットでユーザーが試験問題の図画像を提供。画像の五つの塩素置換位置を目視して異性体同定。画像ファイル/URL/原題図は公開GitHubに転載しない。JEMAIが配布したPDF原本と同一かは未検証。書籍『正解とヒント』正誤表の旧図/新図の比較は未完了。"
"DRV-R03-G-2021","user-owned-Drive-exam-pdf-visual","ユーザーのGoogle Drive収蔵PDF","令和3年度ダイオキシン類概論（問15・印刷10頁）","","2021;visually checked 2026-10-09","authenticated-user-Drive-exam-pdf-image-checked-not-JEMAI-official-byte-identical","図・比較記号を実ページ画像で確認。非公開DriveのURL/IDや問題全文・画像は公開リポジトリに転載しない。"
"DRV-R03-A-2021","user-owned-Drive-exam-pdf-visual","ユーザーのGoogle Drive収蔵PDF","令和3年度ダイオキシン類特論（問19・印刷13頁）","","2021;visually checked 2026-10-09","authenticated-user-Drive-exam-pdf-image-checked-not-JEMAI-official-byte-identical","装置の各ラベル・図の構成をPDFページ画像で直接確認。PDF原本の配布元ハッシュまでは未検証。"
"DRV-R05-G-2023","user-owned-Drive-exam-pdf-visual","ユーザーのGoogle Drive収蔵PDF","令和5年度ダイオキシン類概論（問7・印刷8頁）","","2023;visually checked 2026-10-09","authenticated-user-Drive-exam-pdf-image-checked-not-JEMAI-official-byte-identical","下線①～⑤の番号と範囲をページ画像で確認。非公開PDFの画像やDrive IDは公開しない。"
"SCI-FUJIMORI2009","peer-reviewed-conditional-model-fly-ash-experiment","Fujimori・Takaoka・Takeda / Environmental Science & Technology","Influence of Cu Fe Pb and Zn Chlorides and Oxides on Formation of Chlorinated Aromatic Compounds in MSWI Fly Ash","https://pubs.acs.org/doi/10.1021/es901842n","2009-11","peer-reviewed-abstract-metal-additive-ranking-conditional","モデル飛灰での塩素化芳香族生成能についてCuCl2・2H2O > FeCl2・4H2O > PbCl2を確認。『全条件で触媒能の普遍順位』ではない。"
"ENV-R02-INVENTORY2022","official-environment-ministry-2020-inventory","環境省","令和2年ダイオキシン類排出インベントリー（2022年3月公表、表1と表2(8/8)）","https://www.env.go.jp/press/dioxin/R02tenpu1inbentryhonbun.pdf","2020 estimates;2022-03-25 published","primary-2020-inventory-original-tables-visually-reviewed","2020総量98～100g-TEQ/年、水1.7g-TEQ/年、約1.7%を原表PDFで確認。表1の水系発生源にはパルプ漂白・塩ビモノマーはあるが乾式アセチレンは未記載。"
"R03-LAW28-2021","primary-legislation","e-Gov","ダイオキシン類対策特別措置法第28条／施行令第4条","https://laws.e-gov.go.jp/law/411AC0100000105?occasion_date=20211003","2021版条項","legal-clause-check","年1回以上の排出ガス・排出水測定義務。施行令 https://laws.e-gov.go.jp/law/411CO0000000433?occasion_date=20210804"
"R03-OXIDATIVE-CATALYST","technical-research","環境と安全","大学の有機廃液焼却処理におけるダイオキシンの排出管理と学内濃度の経年変化","https://www.jstage.jst.go.jp/article/daikankyo/2/2/2_2_2_149/_pdf/-char/ja","literature","catalytic-oxidation-explained","ダイオキシン類の触媒酸化と窒素酸化物の還元脱硝を区別。"
"R03-PORE-INDUSTRY","technical-manufacturer","大阪ガスケミカル","活性炭の物性・原料別細孔径の特徴","https://www.ogc.co.jp/shirasagi/activated-carbon-knowledge/docs/basics/physical-properties/","2026公開技術解説","typical-pore-distribution-not-absolute","石炭系にはミクロ～メソ孔があり、賦活・銘柄依存。過去の出題図の原表ではない。"
"R03-ENV-CHLOROBENZENE","ministry-primary-manufacturing","環境省","対象施設の生産物質とその製法について","https://www.env.go.jp/press/files/jp/2469.html","historic official","ministry-iron-catalyst","クロロベンゼン製造はベンゼンの鉄触媒等による塩素化。"
"R03-ENV-CALCIUM-CARBIDE","ministry-primary-chemistry","環境省","工業プロセス分野カルシウムカーバイド","https://www.env.go.jp/content/900446513.pdf","2016頃公開","official-CaC2-reaction","CaC₂＋2H₂O→Ca(OH)₂＋C₂H₂。"
"DRV-R04-G-2022","user-Drive-exam-PDF-visual","ユーザーGoogle Drive保存試験PDF","令和4年度ダイオキシン類概論（問2・問8、紙面画像確認）","","2022 exam; checked 2026-10-09","Drive-paper-pages-image-verified-not-JEMAI-byte-confirmed","利用者のDriveに保存された試験PDF。印刷4・7頁の下線位置を実際に画像で確認。原題全文・画像・私的Drive IDはGitHubに再配布しない。公式JEMAI配布ファイルとの同一性は未確認。"
"DRV-R04-A-2022","user-Drive-exam-PDF-visual","ユーザーGoogle Drive保存試験PDF","令和4年度ダイオキシン類特論（問7・15・16・20、紙面画像確認）","","2022 exam; checked 2026-10-09","Drive-paper-pages-image-verified-not-JEMAI-byte-confirmed","利用者のDriveに保存された試験PDF。印刷6・10・11・13頁の下線①～⑤を確認。試験画像・非公開Driveリンク等はGitHubへ転載しない。"
"R04-EPA-ECF","US-government-industry-guidance","US EPA","1998 NESHAP: ECF pulp bleaching process and chlorine dioxide substitution","https://nepis.epa.gov/Exe/ZyPURL.cgi?Dockey=000030WD.TXT","1998","primary-US-EPA-ECF-chemical-process-context","ECFは元素状塩素を二酸化塩素に完全置換する方式。酸化剤の性質は反応の化学原理に基づく。"
"DRV-R05-A-2023","user-owned-Drive-exam-PDF-page-visual","ユーザーのGoogle Drive保存問題PDF","令和5年度ダイオキシン類特論（問6・15・16・25、紙面下線確認）","","2023年度;確認2026-10-09","question-paper-page-render-verified-not-JEMAI-hash-matched","印刷6・10・14頁の全5下線をページ画像で確認。PDF・問題図・非公開Drive IDやリンクはGitHubへ掲載しない。"
"R05-LAW-2023","primary-legal-text-2023","e-Gov法令検索","ダイオキシン類対策特別措置法2023年適用条文：第4条・第31条","https://laws.e-gov.go.jp/law/411AC0100000105?occasion_date=20230703","2023-07-03時点","2023-legal-duty-and-31-7-causal-basis-checked","第4条の『協力しなければならない』、第31条第7項の『科学的知見に基づいて明確』を照合。"
"R05-IARC-VAPOR-1997","international-agency-physical-properties","WHO IARC","Polychlorinated Dibenzo-para-dioxins: Physical Properties Table","https://publications.iarc.who.int/_publications/media/download/2229/e32ad597ed78c0a9bfcb88a3d5044790a6b1cfa5.pdf","物性表25℃","IARC-table-excerpt-quoted-by-search-download-not-verified","TCDD2.0×10⁻⁷Pa、OCDD1.1×10⁻¹⁰Pa、logKow TCDD6.80/OCDD8.20。出典ページ抜粋は検索で確認したがPDF全体の直接スクリーンショット取得はできず、出典表の版・異性体条件の追認が残る。"
"R05-EPA-WET-SCRUBBER","official-agency-technology-manual","US EPA","Air Pollution Control Cost Manual Chapter 2 Wet Scrubbers for Particulate Matter","https://www.epa.gov/sites/default/files/2020-07/documents/cs6ch2.pdf","2020時点","EPA-impaction-relative-velocity-principle","気液相対速度が増すと衝突粒子の運動量が増し、より微小な粒子も捕集されると記載。ガス流速のみから全条件の効率を一意に決めない。"
"R05-CARBIDE-PATENT","manufacturer-patent-primary-process","アセチレン製造技術の公開特許","JP3829917B2 カーバイド法アセチレンの製造装置及びその製造方法","https://patents.google.com/patent/JP3829917B2/ja","2006特許","industrial-primary-process-description-only-not-mechanism-proof","次亜塩素酸塩による清浄塔・アルカリ洗浄・排水中ダイオキシン類の説明を確認。原題⑤の反応経路が酸化でなく塩素化と決定できる独立機構実験ではない。 第15パス：公開公報の実施例(0042–0047)では清浄液と清浄塔排水のダイオキシン類を分析して副生を主張する。ただし表は画像埋込みであり、各段階の正確な数値は抽出・確認していない。生成に至る素反応機構は未確定。"
"DRV-R07-G-2025","user-owned-Google-Drive-exam-PDF-page-visual","ユーザーGoogle Drive保存の令和7年度試験問題","令和7年度ダイオキシン類概論問14の紙面画像（印刷10頁）","","2025年度;視認2026-10-09","user-Drive-exam-PDF-image-underlines1-5-verified-original-JEMAI-hash-unchecked","本文全文、図画像、私的Google Drive IDやURLは公開GitHubに転載しない。5下線の視認と選択肢根拠の監査のみ記録。"
"R07-PCB-UNEP","UNEP-government-intergovernmental-primary-global-inventory","UN Environment Programme","PCBs – a forgotten legacy?（累計生産推計）","https://www.unep.org/topics/pollution-and-health/persistent-organic-pollutants-pops/pcbs-forgotten-legacy","public historical summary","world-production-1-to-1point5-million-tonnes-external-corroboration","世界累計約100万～150万t、主に1920年代末以降。全期間の推計であり1970年代末までの厳密な確定数量ではない。"
"R07-PCB-WHO-EHC140","international-health-organisation-authoritative-technical-reference","WHO IPCS / INCHEM","Environmental Health Criteria 140: Polychlorinated Biphenyls and Terphenyls","https://www.inchem.org/documents/ehc/ehc/ehc140.htm","1992 second edition","WHO-historical-global-production-above-one-million-tonnes-and-uses","商業生産世界100万t超と列挙。絶縁油・熱媒体・感圧複写紙の用途を確認。"
"R07-PCB-EPA-1972","historical-US-EPA-research-proceedings","US Environmental Protection Agency","Environmental Chemicals: Human and Animal Health: August 7–11, 1972, Fort Collins","https://nepis.epa.gov/Exe/ZyPURL.cgi?Dockey=91012NKU.TXT","1972年会議資料","1972-contemporaneous-global-one-million-tonne-estimate-only","1972年時点で世界生産量は約100万tと推定された記載。観測実績の下限値というより推計であり断定は避ける。"
"R05-ECF-JPPA-2013-PROJECTION","JPPA-industry-primary-future-adoption-forecast-government-hosted","日本製紙連合会（環境省中央環境審議会公開資料）","製紙業界の低炭素社会実行計画・主要新技術の普及率と見通し（2009作成、2013修正）","https://www.env.go.jp/council/06earth/y060-117/900423168.pdf","2009-02-09 forecast;2013-09-18 partial revision","2020-ECF-forecast-85-percent-by-plant-count-not-2018-output","表はECF漂白の2007年3月実績81%、2020年予測85%、普及率の分母は基数。2018年のさらしクラフトパルプ生産量実績として利用禁止。"
"R05-ECF-METI-2007-MANUAL","government-ministry-primary-context-manufacturing","経済産業省","漂白工程の化学物質排出量等管理マニュアル（平成19年度）","https://www.meti.go.jp/policy/chemical_management/law/information/pdf/manage_h19fy/manage_all.pdf","2007年度","2007-most-kraft-pulp-bleaching-ECF-adopted-qualitative-not-2018-rate","2007年末、国内のほとんどのクラフトパルプ漂白工程でECFが導入済みと記載。2018年の国内さらしクラフトパルプ生産量の百分率は示さない。"
"R05-ECF-PAPER-2007-PRODUCTION","peer-reviewed-domestic-paper-industry-history","高木均／紙パ技協誌","ECF漂白への転換による排水性状の変化","https://www.jstage.jst.go.jp/browse/jtappij/61/7/_contents/-char/ja","2007-07","2006-over-80-percent-of-bleached-chemical-pulp-production-primary-industry-paper","2006年に漂白パルプ生産の80%以上がECF方式と報告。2006年値を2018年値として扱わない。"
"R04-CARBON-R06-OFFICIAL-REPEAT","official-exam-repeated-content-secondary-factual-corroboration","産業環境管理協会（国家試験）","令和6年度ダイオキシン類特論 問9","https://www.jemai.or.jp/polconman/examination/dd4ht300000005fn-att/R06_15.pdf","2024 exam","later-official-exam-repeats-550-600-and-approx100-lower-no-empirical-verification","2022年特論問7の発火点の数値・約100℃低下が2024年試験でも再出題。試験上の一貫性のみ裏付け、科学的な実験一次資料としては採用しない。"
"R04-CARBON-IGNITION-RESEARCH-2023","peer-reviewed-activated-carbon-VOC-adsorption-experiment","工業用石炭系活性炭研究者／PubMed","Study on Thermal Risk of Coal-Based Activated Carbon after Adsorbing Acetone, Cyclohexane, and Butyl Acetate","https://pubmed.ncbi.nlm.nih.gov/37744836/","2023","adsorbed-organics-increase-combustibility-general-mechanism-not-dxn-stack-specific-100C","VOCs吸着後の活性炭は着火までの時間短縮・発熱強度増大を示す。排ガス吸着後の発火点が一律100℃低下という定量根拠ではない。2022年試験後の研究。"
"R05-CARBIDE-UNEP-2013-TOOLKIT","UNEP-intergovernmental-release-inventory-guidance","UNEP","Toolkit for Identification and Quantification of Releases of Dioxins, Furans and Other Unintentional POPs（acetylene production）","https://toolkit.pops.int/publish/Downloads/04-UNEP-POPS-TOOLKIT-2012-En.pdf","January 2013","acetylene-purification-PCDD-PCDF-risks-and-literature-attribution-not-definitive-oxidation-chlorination-pathway","NaOClによるアセチレン精製排水で17,000pg-TEQ/Lの報告を収録し、原料中塩素系不純物や塩素系酸化剤の使用に由来する可能性を紹介。独立した生成反応経路確定ではない。"
"R05-CARBIDE-ENV-2002-SURVEY","official-Japan-ministry-measurement-survey","環境省","ダイオキシン類未規制発生源調査結果（カーバイド法アセチレン製造施設）","https://www.env.go.jp/press/files/jp/3440.html","2002頃","official-acetylene-washing-wastewater-0point1-to-58000-pg-TEQ-per-litre-not-mechanism","10工場のアセチレン洗浄施設で0.1以下～58,000pg-TEQ/Lを検出。水系ダイオキシン類発生源であることは裏付けるが反応の酸化・塩素化識別はできない。"
"R05-EXAM-PAPER-2023-USER-PAGE10-VISUAL","user-supplied-2023-exam-paper-page-screenshot","ユーザーが提供した2023年試験問題紙面（AE-14）","令和5年度ダイオキシン類概論・印刷10頁の問12構造式","","2023 exam; visually compared 2026-10-10","exam-printed-paper-page-visual-matches-publisher-corrected-book-figure-not-byte-identical-proof","2023年試験問題頁の画面画像と2025年出版社正誤表誤図／正図を比較。上段右端構造の右側環の外側右端Clは試験頁に存在し、書籍正図とも一致。プライベート画像はGitHubに転載しない。"
"R04-OGC-DXN-CARBON-IGNITION-SPECS","manufacturer-primary-product-measurements","大阪ガスケミカル","白鷺DOシリーズ・ダイオキシン除去用活性炭の発火点分析例","https://www.ogc.co.jp/shirasagi/usage/atomosphere-dioxin-removal.html","published online;accessed 2026-10-10","maker-product-specific-ignition-values-463-582-438C-not-new-used-paired","活性炭3銘柄で発火点463・582・438℃（社内法）。製品間で値が異なることの直接データだが、排ガス吸着前後の同一銘柄における100℃低下の測定ではない。"
"R04-CARBON-FLYASH-PATENT-JP3073196","inventor-primary-patent-claims-not-peer-reviewed","日本の活性炭製造技術者・公開特許","JP3073196B1 熱伝導性活性炭物質およびガス処理装置","https://patents.google.com/patent/JP3073196B1/ja","patent publication 2000","patent-claims-high-purity-550C-alkali-contaminated-300C-but-not-controlled-exam-100C","明細書[0007]-[0008]では高純度炭約550℃、アルカリ不純物を多く含む未洗浄炭約300℃、飛灰混入で発火危険増・蓄熱発火例を説明。出願人の技術的説明でありR04試験の使用前後100℃差を直接立証する論文ではない。"
"R05-ECF-ESTAT-METI-2018-PULP","official-METI-industrial-production-statistics","経済産業省・政府統計e-Stat","2019年紙・パルプ統計：製品統計表（時系列）パルプ、2018年さらしクラフトパルプ","https://www.e-stat.go.jp/dbview?sid=0003417823","2018 data;published 2020","2018-bleached-kraft-production-denominator-candidate-no-ECF-bleaching-specific-numerator","品目別の『クラフトパルプ・さらし』生産数量はあるがECF方式・従来塩素方式別の実生産数量欄がない。2018年ECF普及率85％の裏付けにはならない。2018年と2018年度の区別も必要。"
"R05-CARBIDE-KAWAMOTO-WEBER-2021","peer-reviewed-field-data-congener-pattern","Kawamoto & Weber / Emerging Contaminants","Dioxin sources to the aquatic environment: Re-assessing dioxins in industrial processes and possible emissions to the aquatic","https://doi.org/10.1016/j.emcon.2021.01.002","2021;Vol7 pp52–62","publisher-version-full-text-3.1-reviewed-congener-analysis-and-inferred-dibenzofuran-chlorination","岡山大学リポジトリの出版社版全文（https://ousar.lib.okayama-u.ac.jp/files/public/6/61692/20210531092734328506/fulltext20210530_5.pdf）第3.1節p55（PDF p3）を確認。ジベンゾフランを含む前駆体がアセチレン合成時に生じ、次亜塩素酸等を用いる精製時に塩素化された可能性が高いと、PCDF異性体パターンと塩素アルカリ産業の既知指紋から推定。前駆体の直接同定・素反応観測ではない。工程名は酸化精製で正しい。"
"R04-CARBON-ADSORPTION-IGNITION-PATENT-JP2005152719","inventor-primary-patent-technical-description","公開特許JP2005152719A","活性炭吸着装置及びその運転方法","https://patents.google.com/patent/JP2005152719A/ja","published 2005","exhaust-gas-sodium-potassium-adsorption-lowers-ignition-temperature-not-100C-paired","排ガス中Na/Kを含む成分の吸着により発火温度が下がるため設計余裕が必要と記載。別条件の蓄熱発火試験も記載するが『使用前後で約100℃』の直接ペア測定なし。出願人の技術記述で独立査読ではない。"
"R05-ECF-OJI-2006-ALL-MILLS","manufacturer-primary-annual-report","王子製紙","王子製紙の概況2006・ECF漂白パルプの製造技術（印刷p50）","https://www.ojiholdings.co.jp/uploads/ir/docs/06_gaikyou_j.pdf","2006","all-kraft-pulp-producing-mills-ECF-by-2006-06","王子製紙自身が2006年6月クラフトパルプ生産全工場のECF化を完了と記載。全国全社の生産比率ではない。"
"R05-ECF-NIPPON-2004-YATSUSHIRO","manufacturer-primary-sustainability-report","日本製紙","ECF化工事と工場別導入史（2004頃のサステナビリティ報告資料）","https://www.nipponpapergroup.com/contents/000176126.pdf","2004 era","yatsushiro-two-bleaching-trains-ECF-by-2003","釧路1996・勇払2001・八代工場2003年に2系列をECF化し同工場のクラフトパルプ漂白ECF化完了と公表。日本製紙の全工場完了とは主張しない。"
"R05-ECF-MITSUBISHI-2007-HACHINOHE","peer-reviewed-plant-operation-description","三菱製紙・紙パ技協誌","八戸工場3BKP/2BKP系列のECF化（2000・2005）","https://www.jstage.jst.go.jp/browse/jtappij/61/7/_contents/-char/ja","2007","hachinohe-two-lines-ECF-in-2000-and-2005","三菱製紙八戸工場の主要な3BKP（2000年）と2BKP（2005年）の転換実績、全国全社率ではない。"
"R05-ECF-CHUETSU-2010-REPORT","manufacturer-primary-environmental-report","中越パルプ工業","環境報告書2010・パルプ漂白設備のECF化","https://www.chuetsu-pulp.co.jp/wordpress/wp-content/uploads/2012/09/kankyo2010.pdf","2010, FY2009 results","takaoka-2008-complete-sendai-2009-2010-conversion","高岡工場能町の2008年度全面切替、川内工場の2009年11月導入・2010年6月新系列完成。各社全生産量の比率は不明。"
"L10","law","環境省/e-Gov","環境基本法第16条","https://www.env.go.jp/kijun/index.html","2026-10-10閲覧","verified-excerpt","ダイオキシン特措法7条の環境基準とは根拠法が異なる"
"L11","policy-interpretation","環境省","環境基準の政策目標としての説明","https://www.env.go.jp/kijun/index.html","2026-10-10閲覧","verified-content","条文の文言と行政解釈を分けて扱う"
"C01","chemical-database","PubChem/NIH","2,3,7,8-TCDD（CID 15625）","https://pubchem.ncbi.nlm.nih.gov/compound/TCDD","2026-10-10閲覧","verified-index","構造描画の候補出典。位置番号・接続は図ごとに再確認"
"V28-01","law","e-Gov","公害防止組織整備法施行令第5条の3","https://laws.e-gov.go.jp/law/346CO0000000264","2026確認・各試験年度時点の条文は未比較","web-clause-reviewed","大気1～4・水質1～14号"
"V28-02","official","環境省","2005年の関連政令改正","https://www.env.go.jp/press/6244.html","2005-08-09","web-checked","水質17号フロンは組織法追加施設に含まれない"
"V28-03","official","環境省","平成15年環境白書 2001年度末施設基数","https://www.env.go.jp/policy/hakusyo/h15/13499.html","2001年度末","web-checked","大気18315・焼却17357・アルミ786・電炉123"
"V28-04","official","環境省","平成13年度ダイオキシン特措法施行状況","https://www.env.go.jp/press/3791-print.html","2002-12-06公表","web-checked","大気施設18315、分類の報告"
"V28-05","official","環境省","WHO-TEF(2006)別表","https://www.env.go.jp/air/tech/seidokanri/outline/pdf/res2008_00.pdf","2008資料","indexed-pdf-not-visually-audited","29種の対象一覧"
"V28-06","scientific","IUPAC","Gold Book space velocity","https://goldbook.iupac.org/terms/view/S05779","2025オンライン","web-definition-reviewed","SVの定義"
"V28-07","scientific","IARC/NCBI","PCB同族体別物性表 Table 1.2","https://www.ncbi.nlm.nih.gov/books/NBK361688/?report=reader","IARC Monographs 107","web-table-reviewed","融点・蒸気圧"
"V28-08","scientific","ATSDR/NCBI","TCDD動物種別LD50 Table 2-9","https://www.ncbi.nlm.nih.gov/books/NBK602044/table/ch2.tab9/?report=objectonly","1998","web-table-reviewed","モルモット0.6µg/kg"
"V28-09","scientific","WHO/UNEP experts","Polybrominated dioxins TEF assessment","https://pmc.ncbi.nlm.nih.gov/articles/PMC3663561/","2013","web-abstract-conclusion-reviewed","対応塩素系TEFの暫定援用推奨"
"V28-10","law","e-Gov","ダイオキシン類対策特別措置法附則第2条","https://laws.e-gov.go.jp/law/411AC0100000105","2026","web-clause-reviewed","臭素系調査研究"
"V28-11","official","環境省","平成12年度臭素系ダイオキシン類調査結果","https://www.env.go.jp/press/3003.html","2001-11-30公表","web-release-reviewed","初の媒体横断パイロット"
"V28-12","official","環境省","ダイオキシン類土壌調査測定マニュアル","https://www.env.go.jp/hourei/06/000014.html","旧版・2022改訂照合要","web-manual-reviewed","HRGC-HRMSで分析"
"V28-13","official","環境省","技術指針/JIS K0311:2020の所在","https://www.env.go.jp/air/dioxin/post_60.html","2020","index-only","JIS正本の存在確認"
"V28-14","secondary","kikakurui.com","JIS K0311:2020非公式転載","https://kikakurui.com/k0/K0311-2020-01.html","2020を標榜","secondary-unverified-against-jis","トラベルブランク条件"
"V29-01","law","e-Gov","組織整備法施行令 2021-08-01施行版5条の3","https://laws.e-gov.go.jp/document?lawid=346CO0000000264_20210801_503CO0000000001","2021-08-01 effective","dated-text-verified","令和3試験に関する引用は同令の大気1～4号・水質1～14号。本文は逐条比較済み"
"V29-02","law","e-Gov","組織整備法施行令 2024-09-18時点5条の3","https://laws.e-gov.go.jp/law/346CO0000000264?occasion_date=20240918","2024-09-18 effective","dated-text-verified","令和6試験時点にも大気1～4号・水質1～14号"
"V29-03","exam-reprint","公害こむ・公表複製PDF","令和6年度ダイオキシン類概論問5 公開複製問題","https://pierre-usagi.com/wp-content/uploads/2025/01/R06_14.pdf","R06/2024; PDF printed page 6","page-image-reviewed-reprint-only","PDF index4を実画像確認。⑤廃棄物焼却炉の火床面積0.5m2。JEMAI配布PDFとのバイト一致未検証"
"V29-04","exam-reprint","公害こむ・公表複製PDF","令和3年度ダイオキシン類概論問13 公開複製問題","https://pierre-usagi.com/wp-content/uploads/2025/01/R03_14.pdf","R03/2021; PDF index7","pdf-text-and-independent-html-only","問13の多い順・5個の不等号記号はPDF抽出が1に崩れ、原頁の画像レンダリング失敗。別HTMLが『＜』を示す"
"V29-05","exam-reprint","公害こむ・公表複製PDF","令和3年度ダイオキシン類特論問5 公開複製問題","https://pierre-usagi.com/wp-content/uploads/2025/01/R03_15.pdf","R03/2021; PDF printed page 6","pdf-text-reviewed-image-pending","入口4・出口0.2 ng-TEQ/m3N、SV1500/h、触媒体積2m3、流量m3N/h"
"V29-06","exam-reprint","公害こむ・公表複製PDF","令和5年度ダイオキシン類特論問24 公開複製問題","https://pierre-usagi.com/wp-content/uploads/2025/01/R05_15.pdf","R05/2023; PDF printed page 14","pdf-text-reviewed-image-pending","③毎回必ず、⑤3試料以上と平均値という選択肢の文言をPDFテキストで確認"
"V29-07","official-science","WHO IPCS／INchem","Concise International Chemical Assessment Document 55: Polychlorinated Biphenyls, Table 2","https://www.inchem.org/documents/cicads/cicads/cicad55.htm","2003 Table 2; 25C","individual-congener-values-checked","PCB77 4.4e-7 mmHg=約5.87e-5Pa、PCB105 6.531e-6mmHg=約8.71e-4Pa。IARCの塩素数平均と一律換算できない"
"V29-08","official-manual","環境省","ダイオキシン類に係る大気環境調査マニュアル","https://www.env.go.jp/air/osen/manual/manual.pdf","2008-03, environmental ambient air","pdf-text-section-verified-not-jis","トラベルブランク3.5にリスクがある時は必須・毎回不要の条件、3試料以上。排出ガスJIS K0311の正本ではない"
"V29-09","official-standards-access","日本産業標準調査会","JISの入手閲覧方法（JISC公式案内）","https://www.jisc.go.jp/jis-act/reading.html","2026-10-10 checked","official-access-route-verified","JIS検索で規格PDFを閲覧可。今回JIS K0311:2020の正式規格PDF本文は閲覧できていない"
"V29-10","exam-reprint","公害こむ・公表複製PDF","令和4年度ダイオキシン類概論問11 公開複製","https://pierre-usagi.com/wp-content/uploads/2025/01/R04_14.pdf","R04/2022; printed page 9","web-index-text-only-image-unavailable","③四/五塩素化物10^-2～10^-3Pa、七塩素化物10^-4～10^-5Paという設問表記。実画像直接確認未了"
"ORG02","related-law-ordinance","e-Gov","特定工場における公害防止組織の整備に関する法律施行規則 第6条第7項","https://laws.e-gov.go.jp/law/346M50010D40003/20190401_431M60001F40001","2019-04-01 dated statutory reference; examination applies 2025-04-01","statutory-list-checked-via-official-historical-version-2025-consolidation-to-verify","燃料原材料検査、発生施設の点検、処理施設の操作・点検・補修、排出ガス・排出水の量の測定記録、測定機器点検・補修等。2019適用版の条文は確認。2025-04-01適用版との字句一致は別ゲートとする。"
"QA33-R06-EXAM","exam-reprint-page-image","公害こむ（公開複製）","R06ダイオキシン類特論 問4集じん方式の捕集効率図（印刷6頁）","https://pierre-usagi.com/wp-content/uploads/2025/01/R06_15.pdf","2024 exam; visually checked 2026-10-10","mirror-PDF-page4-visually-reviewed-not-official-file-identical","図中ア～エと選択肢④の配置を目視確認。公式JEMAI配布PDFと同一か未検証。問題図は転載しない。"
"QA33-COLLECTOR-MOE","official-technical-report","環境省","集じん装置の捕集効率・方式別曲線（コベネフィット2016技術資料 図3-2）","https://www.env.go.jp/air/tech/ine/asia/vietnam/files/coop/files/cobenefit2016J.pdf","2016","published-figure-description-reviewed","電気・バグ・サイクロン・慣性・重力・スクラバーの粒径別捕集効率を比較。図の数字一致やJEMAI試験図の原典一致は主張しない。"
"QA34-R03-REPRINT","public-reprinted-exam","公害こむ（公開複製）","2021年度 ダイオキシン類概論：問4・問11・問13","https://pierre-usagi.com/wp-content/uploads/2025/01/R03_14.pdf","2021 exam; reviewed 2026-10-10","public-reprint-question-text-Q4-Q11-read-Q13-page7-image-verified","Q13の不等号<と設問文『多い順』を実画像で確認。JEMAI公式問題とのバイト一致未確認。問題本文・図の転載はしない。"
"QA34-LAW-R03","dated-statute-primary","e-Gov","ダイオキシン類対策特別措置法施行規則 2021年4月1日施行版 別表第一（大気排出基準）","https://laws.e-gov.go.jp/document?lawid=411M50000002067_20210401_503M60001000003","2021-04-01 effective","dated-official-table-independently-checked","焼結0.1、電炉0.5、亜鉛回収炉1、アルミ合金用焙焼・溶解・乾燥1 ng-TEQ/m3（標準状態）。R03概論問4の主張の独立根拠。"
"QA34-TEF-MOE","official-technical-data","環境省","平成28年度ダイオキシン類環境調査結果のWHO-TEF(2006)対象異性体表","https://www.env.go.jp/content/900399164.pdf","2016 data; 2006 WHO-TEF","official-TEF-species-list-and-values-independently-checked","PCDD7 PCDF10 DL-PCB12、同族体別の数、PCB126=0.1などの表。2021年試験の単語・図の同一性まで立証する資料ではない。"
"QA34-ENV-STANDARDS","official-ministerial-notice","環境省","ダイオキシン類に係る環境基準告示（改正を含む公開本文）","https://www.env.go.jp/kijun/dioxin.html","1999告示；2002、2009、2022改正反映","official-current-standards-figures-and-annual-averages-checked","大気0.6・水質1・底質150・土壌1000、大気・水質は年平均。2021試験の制度適用は過去時点の追加確認を別途要する。"
"QA35-DXDEC-2021","dated-decree-primary","e-Gov","ダイオキシン類対策特別措置法施行令（2021年適用版）別表第一・第二","https://laws.e-gov.go.jp/law/411CO0000000433?occasion_date=20210804","2021-08-04 (2019-01-01 applicable revision)","official-decree-appendices-reviewed","組織法施行令第5条の3が参照する大気1～4号・水質1～14号。原題の施設・能力基準と照合。"
"QA35-FAC-2001","official-statistical-release","環境省","平成13年度ダイオキシン類対策特別措置法施行状況（2002年12月6日）","https://www.env.go.jp/press/3791-print.html","2001 fiscal year end 2002-03-31","original-official-summary-verified","大気18,315施設・水質4,253施設。他法令対象施設を含む施設数であり事業場数ではない。"
"QA35-FAC-2002","official-statistical-release","環境省","平成14年度ダイオキシン類対策特別措置法施行状況（2003年12月5日）","https://www.env.go.jp/press/4550-print.html","2002 fiscal year end 2003-03-31","original-official-summary-verified","大気13,685・水質3,829。大気前年比減少25.28%= (18315-13685)/18315。"
"QA35-FAC-WP","official-white-paper","環境省","平成15年版環境白書 ダイオキシン法の施行・特定施設届出状況","https://www.env.go.jp/policy/hakusyo/h15/13499.html","2001 FY end, white paper 2003","government-whitepaper-original-figures-verified","大気焼却17,357、アルミ合金786、電気炉123、合計18,315。水質焼却関連の廃ガス洗浄・湿式集じん・灰貯留など計3,635、水質全体4,253。水質の個別2分類間の優先順位は別表確認が必要。"
"QA35-INVENTORY-2018","official-inventory-primary","環境省","2018年ダイオキシン類排出インベントリー（2020年3月公表）本編","https://www.env.go.jp/content/000079844.pdf","2018 emissions, published 2020-03","original-official-inventory-table-image-and-main-text-verified","大気: 一廃焼却20、産廃焼却18、小型規制9.6、法対象外小型8.5、産業分野約59、製鋼用電気炉28.7 g-TEQ/年。大気・水合計117～119。設問②約48%は当該表からの単純計算と一致しないので保留。"
"QA35-INVENTORY-PRESS","official-statistical-release","環境省","2018年排出インベントリー報道発表（2020年3月27日）","https://www.env.go.jp/press/107882.html","2018 emissions published 2020-03-27","official-summary-verified","全国総排出量117～119 g-TEQ/年。削減目標対象は115 g-TEQ/年で、全国総排出量とは母集団が異なる。"
"QA36-MOE-FAMILY","official-regulatory-explanation","環境省","ダイオキシン類対策特別措置法の施行について","https://www.env.go.jp/hourei/04/000058.html","1999 notification","scope-specific-official-or-peer-reviewed-content-checked","3法定物質群、TEQの定義。現在のWHO-TEF2006の係数を別に確認"
"QA36-MOE-CONGENERS","official-government-whitepaper","環境省","平成23年版環境白書のPCDD75、PCDF135の説明","https://www.env.go.jp/policy/hakusyo/h23/html/hj11020302.html","2011","scope-specific-official-or-peer-reviewed-content-checked","全異性体数とWHO-TEF対象の29種を混同しない"
"QA36-EPA-PCB","official-technical-database","US EPA","Learn About Polychlorinated Biphenyls — 209 congeners","https://www.epa.gov/pcbs/learn-about-polychlorinated-biphenyls","current as checked 2026-10-10","scope-specific-official-or-peer-reviewed-content-checked","2芳香環の10置換可能位置とPCB全209異性体、同族体と異性体の区別"
"QA36-PUBCHEM-PCB-TETRA","federal-compound-database","NIH PubChem","2,3,4,4'-Tetrachlorobiphenyl C12H6Cl4 mass fields","https://pubchem.ncbi.nlm.nih.gov/compound/33025-41-1","PubChem 2025-09 release viewed 2026-10-10","scope-specific-official-or-peer-reviewed-content-checked","Molecular Weight 292.0、Monoisotopic Mass 289.922361、Exact Mass 291.919411：量の定義が異なる。質量値だけで設問全体を承認しない"
"QA36-WHO-TEF-PAPER","WHO-IPCS-expert-scientific-paper","Van den Berg et al. / WHO-IPCS","2005 WHO reevaluation of human and mammalian TEFs (published 2006)","https://pmc.ncbi.nlm.nih.gov/articles/PMC2290740/","WHO expert 2005; published 2006","scope-specific-official-or-peer-reviewed-content-checked","PCDD7・PCDF10・DL-PCB12、PeCDD1、PeCDF0.3、PCB126=0.1、4 non-ortho / 8 mono-ortho。WHO-TEF 1998と区別"
"QA36-WHO-FAO-TABLE","international-organization-data","FAO/WHO","Risk-benefit fish guidance WHO(2005) TEF 29-congener table","https://iris.who.int/bitstream/handle/10665/379045/9789240096882-eng.pdf?sequence=1","2025 published; refers to 2005 WHO TEF","scope-specific-official-or-peer-reviewed-content-checked","29化合物の明細。最新評価書からの2005年版の再掲であり、2005年初出の文書ではない"
"QA36-MOE-SEDIMENT","official-technical-guidance","環境省","ダイオキシン類挙動モデルハンドブック 6.1/8.1","https://www.env.go.jp/air/tech/kyodomoderuhandbookH16.pdf","2004 research handbook","scope-specific-official-or-peer-reviewed-content-checked","底質の有機炭素含有率と物質の分配係数、KowとKocの定義を区別"
"QA36-SCI-DENOVO-1996","peer-reviewed-science","Science of The Total Environment","De novo synthesis of PCDD/F from carbon in fly ash: mechanistic scheme","https://www.sciencedirect.com/science/article/pii/S0048969796053302","1996-12-20","scope-specific-official-or-peer-reviewed-content-checked","飛灰炭素酸化、Cu関連反応、塩素化・低分子芳香族等の併発機構。抽象的な機構支持であり収率や温度の一律検証ではない"
"QA36-SCI-DENOVO-COPPER","peer-reviewed-science","Chemosphere","Investigation of precursor reactions in De-Novo-synthesis of PCDD/PCDF on fly ash","https://www.sciencedirect.com/science/article/abs/pii/S0045653597004104","1997 scientific article","scope-specific-official-or-peer-reviewed-content-checked","銅が主たる触媒、Fe等も効果。固体表面の不均一経路、併発する有機塩素化合物の研究"
"QA36-MOE-1999-COPCB","official-historic-methodology","環境省","1999年版土壌調査測定マニュアルでCo-PCBを14種とした歴史的説明","https://www.env.go.jp/hourei/06/000014.html","1999 official methodology","scope-specific-official-or-peer-reviewed-content-checked","歴史的14種という用語の扱いと現行WHO-TEF2006でDL-PCB12種とする評価対象を厳密に区別"
"QA37-H13-FAC-SUM","official-original-report","環境省","平成13年度ダイオキシン類対策特別措置法施行状況概要（4ページ）","https://www.env.go.jp/houdou/hgazou/3791/408.pdf","2001 fiscal year end; release 2002","official-four-page-source-text-read; image-redelivery-not-guaranteed","平成13年度末水質：廃ガス洗浄・湿式集じん2730施設、灰貯留905施設、合計3635/4253施設=85.47%。構成比64.2%、21.3%。以前の集約値しか持たない状況を解消。"
"QA37-IARC-DIOXIN-1997","IARC-monograph-original-data","WHO/IARC","Polychlorinated Dibenzo-para-Dioxins IARC Monographs 69 Table 3 physical properties","https://publications.iarc.who.int/_publications/media/download/2229/e32ad597ed78c0a9bfcb88a3d5044790a6b1cfa5.pdf","1997; Table 3 at 25 degrees C","indexed-IARC-primary-table-values-compared","2,3,7,8-TCDD vapor pressure 2.0e-7 Pa、OCDD 1.1e-10 Pa at 25°C、比約1818倍=3.26桁。PCDD二異性体の比較でありPCDF全種へは外挿しない。"
"QA37-IARC-PCB-107-GROUP","IARC-monograph-original-data","WHO/IARC","IARC Monographs 107 Polychlorinated Biphenyls Table 1.2 homologue vapor pressure","https://publications.iarc.fr/_publications/media/download/7436/4402c95e826a3f01686a3acf9d790fa013b36cb3.pdf","IARC monograph 107 published 2016, Table 1.2 25°C","group-data-source-discovered-units-checked","四塩素化PCB=0.012 Pa、五塩素化=0.0026 Pa、七塩素化=1.3e-4 Pa（各同族体の液体平均値）。個別DL-PCBの蒸気圧ではない。過去解説中の1e-4~1e-5 / 1e-6~1e-7を一律典型値と扱えない。"
"QA37-IARC-PCB-107-INDIV","IARC-monograph-original-data","WHO/IARC","IARC Monographs 107 Polychlorinated Biphenyls Table 1.6 selected PCB congeners","https://publications.iarc.who.int/_publications/media/download/3227/d2da0170d5e3b5ecd5e8831a6477c8d04e70e82c.pdf","IARC monograph 107, Table 1.6 values at 25°C","congener-data-and-units-cross-checked","表単位(10^-6 kPa)=10^-3 Pa。PCB105 0.87→8.7e-4 Pa、PCB118 1.20→1.2e-3 Pa、PCB169 0.05→5e-5 Pa、PCB180 0.13→1.3e-4 Pa。不同族体・異性体に一般化しない。"
"QA37-DEC-FAC","dated-legal-primary","e-Gov","ダイオキシン類対策特別措置法施行令 別表第2 水質特定施設","https://laws.e-gov.go.jp/law/411CO0000000433?occasion_date=20210804","2021-08-04 historical applicable baseline; 2022 continuation to be formally version-checked","legal-categories-confirmed-official","別表第2の2号アセチレン洗浄、4号アルミナ繊維廃ガス洗浄、8号クロロベンゼン又はジクロロベンゼン製造の水洗。法の水質対象と公害防止組織法の対象を別途区別する。"
"QA37-PUBCHEM-TCDD","federal-compound-database","NIH PubChem","2,3,7,8-Tetrachlorodibenzo-p-dioxin molecular formula","https://pubchem.ncbi.nlm.nih.gov/compound/2_3_7_8-Tetrachlorodibenzo-P-Dioxin","PubChem 2025 release; checked 2026-10-10","formula-C12H4Cl4O2-checked","PCDD骨格 C12H8O2 の水素4箇所をCl4置換、C12H4Cl4O2。"
"QA37-PUBCHEM-HXCDD","federal-compound-database","NIH PubChem","1,2,3,7,8,9-Hexachlorodibenzo-p-dioxin formula","https://pubchem.ncbi.nlm.nih.gov/compound/1_2_3_7_8_9-HEXACHLORODIBENZO-p-DIOXIN","PubChem 2025 release; checked 2026-10-10","formula-C12H2Cl6O2-checked","六塩素化PCDD C12H2Cl6O2。"
"QA37-PUBCHEM-OCDF","federal-compound-database","NIH PubChem","Octachlorodibenzofuran PubChem CID38200 formula","https://pubchem.ncbi.nlm.nih.gov/compound/octachlorodibenzofuran","PubChem 2025 release; checked 2026-10-10","formula-C12Cl8O-checked","PCDFは酸素架橋1個、OCDFはC12Cl8OでO2ではない。"
"QA37-PUBCHEM-PENTA-PCB","federal-compound-database","NIH PubChem","2,2',3,4',5-Pentachlorobiphenyl formula","https://pubchem.ncbi.nlm.nih.gov/compound/50100","PubChem 2025 release; checked 2026-10-10","formula-C12H5Cl5-checked","PCBの基底 C12H10 の5箇所塩素置換でC12H5Cl5。"
"QA37-PUBCHEM-HEPTA-PCB","federal-compound-database","NIH PubChem","Heptachlorobiphenyl PubChem CID50102 formula","https://pubchem.ncbi.nlm.nih.gov/compound/heptachlorobiphenyl","PubChem 2025 release; checked 2026-10-10","formula-C12H3Cl7-checked","七塩素化PCB C12H3Cl7。"
"QA37-MOE-TEQ-FORMULA","official-interpretation","環境省","ダイオキシン類対策特別措置法施行通達：毒性等量の算出","https://www.env.go.jp/hourei/04/000058.html","1999 official notice (definition of TEQ)","official-sum-concentration-times-TEF-read","各異性体の濃度×TEFの合計がTEQ。具体的な欠測値の取扱い・試験のJIS運用手順まで立証する資料ではない。"
"QA38-JSA-K0311","standard-publisher-official-index","日本規格協会（JSA）","JIS K 0311:2020 排ガス中のダイオキシン類の測定方法：発行・改正・確認記録","https://webdesk.jsa.or.jp/books/W11M0090/index/?bunsyo_id=JIS+K+0311%3A2020","2020-03-23; confirmed 2024-10-21","independent-published-material-referenced","2020年3月改正、2024年10月確認、有効。本文76ページ・正誤票2021-05がある。JIS正本全文は未購入・未直接監査。"
"QA38-JEMCA-2021","technical-summary-professional-association","日本環境測定分析協会（JEMCA）","固定発生源からの排ガス分析マニュアル 2021年版 3.16 ダイオキシン類 JIS K0311:2020","https://www.jemca.or.jp/wp-content/uploads/2022/03/030316_kotei_manual-FY2021_DXN_JIS-K0311.pdf","2021 edition (JIS K0311:2020 companion)","independent-published-material-referenced","採取・13C/37Cl内標・GC/MS・検量線・装置検出下限/試料ガス検出下限(1/30)・相対感度・回収率の具体的説明。JIS本文の認証や全文再掲ではない。"
"QA38-JIS-MIRROR","unofficial-standard-transcription-unverified","第三者サイト（非JSA）","JIS K 0311:2020 非公式掲載本文 9.2.3 操作／トラベルブランク","https://kikakurui.com/k0/K0311-2020-01.html","nonofficial transcription checked 2026-10-10","nonofficial-unverified-corroboration-only","9.2.3(a)(b)：操作ブランクの目的・試薬ロット変更・移送中汚染条件に応じたトラベルブランク・実施する際3試料以上。著作権と正本同一性の両面から暫定・引用少量に留める。"
"QA38-R05-G-REPRINT","public-exam-reprint","公害こむ（公開複製、JEMAI公式同一性未検証）","令和5年度 ダイオキシン類概論 問10の蒸気圧設問","https://pierre-usagi.com/wp-content/uploads/2025/01/R05_14.pdf","2023 exam; PDF text independently read 2026-10-10","independent-published-material-referenced","Q10印刷9頁・PDF index7。C1–C5下線範囲をテキスト抽出で確認。画像照合は今回のブラウザでは失敗（PDF全図と正本は未確認）。"
"QA38-R05-A-REPRINT","public-exam-reprint","公害こむ（公開複製、JEMAI公式同一性未検証）","令和5年度 ダイオキシン類特論 問17/18/21/23/24","https://pierre-usagi.com/wp-content/uploads/2025/01/R05_15.pdf","2023 exam; public-reprint text read 2026-10-10","independent-published-material-referenced","PDF index9,10,11,12の設問・数字をテキスト確認。JEMAIオリジナルのファイル一致・紙面画像の独立確認未完。"
"QA38-MOE-OLD-MANUAL","analogous-official-QA-guidance-not-K0311","環境省","大気環境測定に係るトラベルブランク試験の扱い（環境測定用）","https://www.env.go.jp/content/900403683.pdf","2012, ambient-air guidance","independent-published-material-referenced","採取以外を同条件で搬送、汚染リスクに応じて行い3試料以上。排ガスJIS K0311:2020固有要件をこの資料で確証してはならない。"
